=== 2026-10-07 01:51:43 同步开始 ===
已知帖子 273 条，开始抓取（增量）
  page 1   315..334  new=15
  已追上已知帖子，停止翻页
抓到 15 条 -> 合并后 15 条（0 条为同段聚合）
新增 0 / 更新 3 / 跳过 12 | 媒体 0 张 0.0 MB | 视频 17.1 MB
reaction 播种 9 条帖子 -> scripts/tg-reactions-seed.json
待确认分类 3 条 -> scripts/tg-review.md
reaction 播种完成：12 项（服务器现有 10 个帖子）

 │  ⚠  Warning from the Material for MkDocs team
 │
 │  MkDocs 2.0, the underlying framework of Material for MkDocs,
 │  will introduce backward-incompatible changes, including:
 │
 │  × All plugins will stop working – the plugin system has been removed
 │  × All theme overrides will break – the theming system has been rewritten
 │  × No migration path exists – existing projects cannot be upgraded
 │  × Closed contribution model – community members can't report bugs
 │  × Currently unlicensed – unsuitable for production use
 │
 │  Our full analysis:
 │
 │  https://squidfunk.github.io/mkdocs-material/blog/2026/02/18/mkdocs-2.0/

INFO    -  Cleaning site directory
INFO    -  Building documentation to directory: C:\Users\ZL\Documents\ZL114514.github.io\docs
INFO    -  Doc file 'blog/posts/tg-100.md' contains an absolute link '/assets/tg/100/1.jpg', it was left as is. Did you mean '../../assets/tg/100/1.jpg'?
INFO    -  Doc file 'blog/posts/tg-101.md' contains an absolute link '/assets/tg/101/1.jpg', it was left as is. Did you mean '../../assets/tg/101/1.jpg'?
INFO    -  Doc file 'blog/posts/tg-102.md' contains an absolute link '/assets/tg/102/1.jpg', it was left as is. Did you mean '../../assets/tg/102/1.jpg'?
INFO    -  Doc file 'blog/posts/tg-103.md' contains an absolute link '/assets/tg/103/1.jpg', it was left as is. Did you mean '../../assets/tg/103/1.jpg'?
INFO    -  Doc file 'blog/posts/tg-103.md' contains an absolute link '/assets/tg/103/2.jpg', it was left as is. Did you mean '../../assets/tg/103/2.jpg'?
INFO    -  Doc file 'blog/posts/tg-109.md' contains an absolute link '/assets/tg/109/1.jpg', it was left as is. Did you mean '../../assets/tg/109/1.jpg'?
INFO    -  Doc file 'blog/posts/tg-111.md' contains an absolute link '/assets/tg/111/1.jpg', it was left as is. Did you mean '../../assets/tg/111/1.jpg'?
INFO    -  Doc file 'blog/posts/tg-120.md' contains an absolute link '/assets/tg/120/1.jpg', it was left as is. Did you mean '../../assets/tg/120/1.jpg'?
INFO    -  Doc file 'blog/posts/tg-122.md' contains an absolute link '/assets/tg/122/1.jpg', it was left as is. Did you mean '../../assets/tg/122/1.jpg'?
INFO    -  Doc file 'blog/posts/tg-129.md' contains an absolute link '/assets/tg/129/1.jpg', it was left as is. Did you mean '../../assets/tg/129/1.jpg'?
INFO    -  Doc file 'blog/posts/tg-13.md' contains an absolute link '/assets/tg/13/1.jpg', it was left as is. Did you mean '../../assets/tg/13/1.jpg'?
INFO    -  Doc file 'blog/posts/tg-13.md' contains an absolute link '/assets/tg/13/2.jpg', it was left as is. Did you mean '../../assets/tg/13/2.jpg'?
INFO    -  Doc file 'blog/posts/tg-131.md' contains an absolute link '/assets/tg/131/1.jpg', it was left as is. Did you mean '../../assets/tg/131/1.jpg'?
INFO    -  Doc file 'blog/posts/tg-132.md' contains an absolute link '/assets/tg/132/1.jpg', it was left as is. Did you mean '../../assets/tg/132/1.jpg'?
INFO    -  Doc file 'blog/posts/tg-133.md' contains an absolute link '/assets/tg/133/1.jpg', it was left as is. Did you mean '../../assets/tg/133/1.jpg'?
INFO    -  Doc file 'blog/posts/tg-134.md' contains an absolute link '/assets/tg/134/1.jpg', it was left as is. Did you mean '../../assets/tg/134/1.jpg'?
INFO    -  Doc file 'blog/posts/tg-141.md' contains an absolute link '/assets/tg/141/1.jpg', it was left as is. Did you mean '../../assets/tg/141/1.jpg'?
INFO    -  Doc file 'blog/posts/tg-141.md' contains an absolute link '/assets/tg/141/2.jpg', it was left as is. Did you mean '../../assets/tg/141/2.jpg'?
INFO    -  Doc file 'blog/posts/tg-143.md' contains an absolute link '/assets/tg/143/1.jpg', it was left as is. Did you mean '../../assets/tg/143/1.jpg'?
INFO    -  Doc file 'blog/posts/tg-154.md' contains an absolute link '/assets/tg/154/1.jpg', it was left as is. Did you mean '../../assets/tg/154/1.jpg'?
INFO    -  Doc file 'blog/posts/tg-155.md' contains an absolute link '/assets/tg/155/1.jpg', it was left as is. Did you mean '../../assets/tg/155/1.jpg'?
INFO    -  Doc file 'blog/posts/tg-156.md' contains an absolute link '/assets/tg/156/1.jpg', it was left as is. Did you mean '../../assets/tg/156/1.jpg'?
INFO    -  Doc file 'blog/posts/tg-157.md' contains an absolute link '/assets/tg/157/1.jpg', it was left as is. Did you mean '../../assets/tg/157/1.jpg'?
INFO    -  Doc file 'blog/posts/tg-157.md' contains an absolute link '/assets/tg/157/2.jpg', it was left as is. Did you mean '../../assets/tg/157/2.jpg'?
INFO    -  Doc file 'blog/posts/tg-162.md' contains an absolute link '/assets/tg/162/1.jpg', it was left as is. Did you mean '../../assets/tg/162/1.jpg'?
INFO    -  Doc file 'blog/posts/tg-162.md' contains an absolute link '/assets/tg/162/2.jpg', it was left as is. Did you mean '../../assets/tg/162/2.jpg'?
INFO    -  Doc file 'blog/posts/tg-164.md' contains an absolute link '/assets/tg/164/1.jpg', it was left as is. Did you mean '../../assets/tg/164/1.jpg'?
INFO    -  Doc file 'blog/posts/tg-165.md' contains an absolute link '/assets/tg/165/1.jpg', it was left as is. Did you mean '../../assets/tg/165/1.jpg'?
INFO    -  Doc file 'blog/posts/tg-167.md' contains an absolute link '/assets/tg/167/1.jpg', it was left as is. Did you mean '../../assets/tg/167/1.jpg'?
INFO    -  Doc file 'blog/posts/tg-168.md' contains an absolute link '/assets/tg/168/1.jpg', it was left as is. Did you mean '../../assets/tg/168/1.jpg'?
INFO    -  Doc file 'blog/posts/tg-17.md' contains an absolute link '/assets/tg/17/1.jpg', it was left as is. Did you mean '../../assets/tg/17/1.jpg'?
INFO    -  Doc file 'blog/posts/tg-18.md' contains an absolute link '/assets/tg/18/1.jpg', it was left as is. Did you mean '../../assets/tg/18/1.jpg'?
INFO    -  Doc file 'blog/posts/tg-180.md' contains an absolute link '/assets/tg/180/1.jpg', it was left as is. Did you mean '../../assets/tg/180/1.jpg'?
INFO    -  Doc file 'blog/posts/tg-180.md' contains an absolute link '/assets/tg/180/2.jpg', it was left as is. Did you mean '../../assets/tg/180/2.jpg'?
INFO    -  Doc file 'blog/posts/tg-184.md' contains an absolute link '/assets/tg/184/1.jpg', it was left as is. Did you mean '../../assets/tg/184/1.jpg'?
INFO    -  Doc file 'blog/posts/tg-186.md' contains an absolute link '/assets/tg/186/1.jpg', it was left as is. Did you mean '../../assets/tg/186/1.jpg'?
INFO    -  Doc file 'blog/posts/tg-187.md' contains an absolute link '/assets/tg/187/1.jpg', it was left as is. Did you mean '../../assets/tg/187/1.jpg'?
INFO    -  Doc file 'blog/posts/tg-187.md' contains an absolute link '/assets/tg/187/2.jpg', it was left as is. Did you mean '../../assets/tg/187/2.jpg'?
INFO    -  Doc file 'blog/posts/tg-19.md' contains an absolute link '/assets/tg/19/1.jpg', it was left as is. Did you mean '../../assets/tg/19/1.jpg'?
INFO    -  Doc file 'blog/posts/tg-190.md' contains an absolute link '/assets/tg/190/1.jpg', it was left as is. Did you mean '../../assets/tg/190/1.jpg'?
INFO    -  Doc file 'blog/posts/tg-191.md' contains an absolute link '/assets/tg/191/1.jpg', it was left as is. Did you mean '../../assets/tg/191/1.jpg'?
INFO    -  Doc file 'blog/posts/tg-202.md' contains an absolute link '/assets/tg/202/1.jpg', it was left as is. Did you mean '../../assets/tg/202/1.jpg'?
INFO    -  Doc file 'blog/posts/tg-206.md' contains an absolute link '/assets/tg/206/1.jpg', it was left as is. Did you mean '../../assets/tg/206/1.jpg'?
INFO    -  Doc file 'blog/posts/tg-208.md' contains an absolute link '/assets/tg/208/1.jpg', it was left as is. Did you mean '../../assets/tg/208/1.jpg'?
INFO    -  Doc file 'blog/posts/tg-21.md' contains an absolute link '/assets/tg/21/1.jpg', it was left as is. Did you mean '../../assets/tg/21/1.jpg'?
INFO    -  Doc file 'blog/posts/tg-210.md' contains an absolute link '/assets/tg/210/1.jpg', it was left as is. Did you mean '../../assets/tg/210/1.jpg'?
INFO    -  Doc file 'blog/posts/tg-210.md' contains an absolute link '/assets/tg/210/2.jpg', it was left as is. Did you mean '../../assets/tg/210/2.jpg'?
INFO    -  Doc file 'blog/posts/tg-210.md' contains an absolute link '/assets/tg/210/3.jpg', it was left as is. Did you mean '../../assets/tg/210/3.jpg'?
INFO    -  Doc file 'blog/posts/tg-213.md' contains an absolute link '/assets/tg/213/1.jpg', it was left as is. Did you mean '../../assets/tg/213/1.jpg'?
INFO    -  Doc file 'blog/posts/tg-215.md' contains an absolute link '/assets/tg/215/1.jpg', it was left as is. Did you mean '../../assets/tg/215/1.jpg'?
INFO    -  Doc file 'blog/posts/tg-216.md' contains an absolute link '/assets/tg/216/1.jpg', it was left as is. Did you mean '../../assets/tg/216/1.jpg'?
INFO    -  Doc file 'blog/posts/tg-216.md' contains an absolute link '/assets/tg/216/2.jpg', it was left as is. Did you mean '../../assets/tg/216/2.jpg'?
INFO    -  Doc file 'blog/posts/tg-218.md' contains an absolute link '/assets/tg/218/1.jpg', it was left as is. Did you mean '../../assets/tg/218/1.jpg'?
INFO    -  Doc file 'blog/posts/tg-219.md' contains an absolute link '/assets/tg/219/1.jpg', it was left as is. Did you mean '../../assets/tg/219/1.jpg'?
INFO    -  Doc file 'blog/posts/tg-220.md' contains an absolute link '/assets/tg/220/1.jpg', it was left as is. Did you mean '../../assets/tg/220/1.jpg'?
INFO    -  Doc file 'blog/posts/tg-221.md' contains an absolute link '/assets/tg/221/1.jpg', it was left as is. Did you mean '../../assets/tg/221/1.jpg'?
INFO    -  Doc file 'blog/posts/tg-223.md' contains an absolute link '/assets/tg/223/1.jpg', it was left as is. Did you mean '../../assets/tg/223/1.jpg'?
INFO    -  Doc file 'blog/posts/tg-223.md' contains an absolute link '/assets/tg/223/2.jpg', it was left as is. Did you mean '../../assets/tg/223/2.jpg'?
INFO    -  Doc file 'blog/posts/tg-223.md' contains an absolute link '/assets/tg/223/3.jpg', it was left as is. Did you mean '../../assets/tg/223/3.jpg'?
INFO    -  Doc file 'blog/posts/tg-223.md' contains an absolute link '/assets/tg/223/4.jpg', it was left as is. Did you mean '../../assets/tg/223/4.jpg'?
INFO    -  Doc file 'blog/posts/tg-223.md' contains an absolute link '/assets/tg/223/5.jpg', it was left as is. Did you mean '../../assets/tg/223/5.jpg'?
INFO    -  Doc file 'blog/posts/tg-223.md' contains an absolute link '/assets/tg/223/6.jpg', it was left as is. Did you mean '../../assets/tg/223/6.jpg'?
INFO    -  Doc file 'blog/posts/tg-223.md' contains an absolute link '/assets/tg/223/7.jpg', it was left as is. Did you mean '../../assets/tg/223/7.jpg'?
INFO    -  Doc file 'blog/posts/tg-223.md' contains an absolute link '/assets/tg/223/8.jpg', it was left as is. Did you mean '../../assets/tg/223/8.jpg'?
INFO    -  Doc file 'blog/posts/tg-232.md' contains an absolute link '/assets/tg/232/1.jpg', it was left as is. Did you mean '../../assets/tg/232/1.jpg'?
INFO    -  Doc file 'blog/posts/tg-237.md' contains an absolute link '/assets/tg/237/1.jpg', it was left as is. Did you mean '../../assets/tg/237/1.jpg'?
INFO    -  Doc file 'blog/posts/tg-240.md' contains an absolute link '/assets/tg/240/1.jpg', it was left as is. Did you mean '../../assets/tg/240/1.jpg'?
INFO    -  Doc file 'blog/posts/tg-242.md' contains an absolute link '/assets/tg/242/1.jpg', it was left as is. Did you mean '../../assets/tg/242/1.jpg'?
INFO    -  Doc file 'blog/posts/tg-242.md' contains an absolute link '/assets/tg/242/2.jpg', it was left as is. Did you mean '../../assets/tg/242/2.jpg'?
INFO    -  Doc file 'blog/posts/tg-244.md' contains an absolute link '/assets/tg/244/1.jpg', it was left as is. Did you mean '../../assets/tg/244/1.jpg'?
INFO    -  Doc file 'blog/posts/tg-244.md' contains an absolute link '/assets/tg/244/2.jpg', it was left as is. Did you mean '../../assets/tg/244/2.jpg'?
INFO    -  Doc file 'blog/posts/tg-246.md' contains an absolute link '/assets/tg/246/1.jpg', it was left as is. Did you mean '../../assets/tg/246/1.jpg'?
INFO    -  Doc file 'blog/posts/tg-246.md' contains an absolute link '/assets/tg/246/2.jpg', it was left as is. Did you mean '../../assets/tg/246/2.jpg'?
INFO    -  Doc file 'blog/posts/tg-248.md' contains an absolute link '/assets/tg/248/1.jpg', it was left as is. Did you mean '../../assets/tg/248/1.jpg'?
INFO    -  Doc file 'blog/posts/tg-249.md' contains an absolute link '/assets/tg/249/1.jpg', it was left as is. Did you mean '../../assets/tg/249/1.jpg'?
INFO    -  Doc file 'blog/posts/tg-250.md' contains an absolute link '/assets/tg/250/1.jpg', it was left as is. Did you mean '../../assets/tg/250/1.jpg'?
INFO    -  Doc file 'blog/posts/tg-251.md' contains an absolute link '/assets/tg/251/1.jpg', it was left as is. Did you mean '../../assets/tg/251/1.jpg'?
INFO    -  Doc file 'blog/posts/tg-253.md' contains an absolute link '/assets/tg/253/1.jpg', it was left as is. Did you mean '../../assets/tg/253/1.jpg'?
INFO    -  Doc file 'blog/posts/tg-254.md' contains an absolute link '/assets/tg/254/1.jpg', it was left as is. Did you mean '../../assets/tg/254/1.jpg'?
INFO    -  Doc file 'blog/posts/tg-255.md' contains an absolute link '/assets/tg/255/1.jpg', it was left as is. Did you mean '../../assets/tg/255/1.jpg'?
INFO    -  Doc file 'blog/posts/tg-256.md' contains an absolute link '/assets/tg/256/1.jpg', it was left as is. Did you mean '../../assets/tg/256/1.jpg'?
INFO    -  Doc file 'blog/posts/tg-259.md' contains an absolute link '/assets/tg/259/1.jpg', it was left as is. Did you mean '../../assets/tg/259/1.jpg'?
INFO    -  Doc file 'blog/posts/tg-260.md' contains an absolute link '/assets/tg/260/1.jpg', it was left as is. Did you mean '../../assets/tg/260/1.jpg'?
INFO    -  Doc file 'blog/posts/tg-261.md' contains an absolute link '/assets/tg/261/1.jpg', it was left as is. Did you mean '../../assets/tg/261/1.jpg'?
INFO    -  Doc file 'blog/posts/tg-261.md' contains an absolute link '/assets/tg/261/2.jpg', it was left as is. Did you mean '../../assets/tg/261/2.jpg'?
INFO    -  Doc file 'blog/posts/tg-261.md' contains an absolute link '/assets/tg/261/3.jpg', it was left as is. Did you mean '../../assets/tg/261/3.jpg'?
INFO    -  Doc file 'blog/posts/tg-261.md' contains an absolute link '/assets/tg/261/4.jpg', it was left as is. Did you mean '../../assets/tg/261/4.jpg'?
INFO    -  Doc file 'blog/posts/tg-267.md' contains an absolute link '/assets/tg/267/1.jpg', it was left as is. Did you mean '../../assets/tg/267/1.jpg'?
INFO    -  Doc file 'blog/posts/tg-269.md' contains an absolute link '/assets/tg/269/1.jpg', it was left as is. Did you mean '../../assets/tg/269/1.jpg'?
INFO    -  Doc file 'blog/posts/tg-270.md' contains an absolute link '/assets/tg/270/1.jpg', it was left as is. Did you mean '../../assets/tg/270/1.jpg'?
INFO    -  Doc file 'blog/posts/tg-271.md' contains an absolute link '/assets/tg/271/1.jpg', it was left as is. Did you mean '../../assets/tg/271/1.jpg'?
INFO    -  Doc file 'blog/posts/tg-276.md' contains an absolute link '/assets/tg/276/1.jpg', it was left as is. Did you mean '../../assets/tg/276/1.jpg'?
INFO    -  Doc file 'blog/posts/tg-277.md' contains an absolute link '/assets/tg/277/1.jpg', it was left as is. Did you mean '../../assets/tg/277/1.jpg'?
INFO    -  Doc file 'blog/posts/tg-278.md' contains an absolute link '/assets/tg/278/1.jpg', it was left as is. Did you mean '../../assets/tg/278/1.jpg'?
INFO    -  Doc file 'blog/posts/tg-281.md' contains an absolute link '/assets/tg/281/1.jpg', it was left as is. Did you mean '../../assets/tg/281/1.jpg'?
INFO    -  Doc file 'blog/posts/tg-282.md' contains an absolute link '/assets/tg/282/1.jpg', it was left as is. Did you mean '../../assets/tg/282/1.jpg'?
INFO    -  Doc file 'blog/posts/tg-292.md' contains an absolute link '/assets/tg/292/1.jpg', it was left as is. Did you mean '../../assets/tg/292/1.jpg'?
INFO    -  Doc file 'blog/posts/tg-294.md' contains an absolute link '/assets/tg/294/1.jpg', it was left as is. Did you mean '../../assets/tg/294/1.jpg'?
INFO    -  Doc file 'blog/posts/tg-294.md' contains an absolute link '/assets/tg/294/2.jpg', it was left as is. Did you mean '../../assets/tg/294/2.jpg'?
INFO    -  Doc file 'blog/posts/tg-296.md' contains an absolute link '/assets/tg/296/1.jpg', it was left as is. Did you mean '../../assets/tg/296/1.jpg'?
INFO    -  Doc file 'blog/posts/tg-296.md' contains an absolute link '/assets/tg/296/2.jpg', it was left as is. Did you mean '../../assets/tg/296/2.jpg'?
INFO    -  Doc file 'blog/posts/tg-296.md' contains an absolute link '/assets/tg/296/3.jpg', it was left as is. Did you mean '../../assets/tg/296/3.jpg'?
INFO    -  Doc file 'blog/posts/tg-299.md' contains an absolute link '/assets/tg/299/1.jpg', it was left as is. Did you mean '../../assets/tg/299/1.jpg'?
INFO    -  Doc file 'blog/posts/tg-3.md' contains an absolute link '/assets/tg/3/1.jpg', it was left as is. Did you mean '../../assets/tg/3/1.jpg'?
INFO    -  Doc file 'blog/posts/tg-307.md' contains an absolute link '/assets/tg/307/1.jpg', it was left as is. Did you mean '../../assets/tg/307/1.jpg'?
INFO    -  Doc file 'blog/posts/tg-312.md' contains an absolute link '/assets/tg/312/1.jpg', it was left as is. Did you mean '../../assets/tg/312/1.jpg'?
INFO    -  Doc file 'blog/posts/tg-314.md' contains an absolute link '/assets/tg/314/1.jpg', it was left as is. Did you mean '../../assets/tg/314/1.jpg'?
INFO    -  Doc file 'blog/posts/tg-318.md' contains an absolute link '/assets/tg/318/1.jpg', it was left as is. Did you mean '../../assets/tg/318/1.jpg'?
INFO    -  Doc file 'blog/posts/tg-318.md' contains an absolute link '/assets/tg/318/2.jpg', it was left as is. Did you mean '../../assets/tg/318/2.jpg'?
INFO    -  Doc file 'blog/posts/tg-318.md' contains an absolute link '/assets/tg/318/3.jpg', it was left as is. Did you mean '../../assets/tg/318/3.jpg'?
INFO    -  Doc file 'blog/posts/tg-32.md' contains an absolute link '/assets/tg/32/1.jpg', it was left as is. Did you mean '../../assets/tg/32/1.jpg'?
INFO    -  Doc file 'blog/posts/tg-32.md' contains an absolute link '/assets/tg/32/2.jpg', it was left as is. Did you mean '../../assets/tg/32/2.jpg'?
INFO    -  Doc file 'blog/posts/tg-32.md' contains an absolute link '/assets/tg/32/3.jpg', it was left as is. Did you mean '../../assets/tg/32/3.jpg'?
INFO    -  Doc file 'blog/posts/tg-32.md' contains an absolute link '/assets/tg/32/4.jpg', it was left as is. Did you mean '../../assets/tg/32/4.jpg'?
INFO    -  Doc file 'blog/posts/tg-321.md' contains an absolute link '/assets/tg/321/1.jpg', it was left as is. Did you mean '../../assets/tg/321/1.jpg'?
INFO    -  Doc file 'blog/posts/tg-325.md' contains an absolute link '/assets/tg/325/1.jpg', it was left as is. Did you mean '../../assets/tg/325/1.jpg'?
INFO    -  Doc file 'blog/posts/tg-326.md' contains an absolute link '/assets/tg/326/1.jpg', it was left as is. Did you mean '../../assets/tg/326/1.jpg'?
INFO    -  Doc file 'blog/posts/tg-326.md' contains an absolute link '/assets/tg/326/2.jpg', it was left as is. Did you mean '../../assets/tg/326/2.jpg'?
INFO    -  Doc file 'blog/posts/tg-326.md' contains an absolute link '/assets/tg/326/3.jpg', it was left as is. Did you mean '../../assets/tg/326/3.jpg'?
INFO    -  Doc file 'blog/posts/tg-326.md' contains an absolute link '/assets/tg/326/4.jpg', it was left as is. Did you mean '../../assets/tg/326/4.jpg'?
INFO    -  Doc file 'blog/posts/tg-331.md' contains an absolute link '/assets/tg/331/1.jpg', it was left as is. Did you mean '../../assets/tg/331/1.jpg'?
INFO    -  Doc file 'blog/posts/tg-332.md' contains an absolute link '/assets/tg/332/1.jpg', it was left as is. Did you mean '../../assets/tg/332/1.jpg'?
INFO    -  Doc file 'blog/posts/tg-333.md' contains an absolute link '/assets/tg/333/1.jpg', it was left as is. Did you mean '../../assets/tg/333/1.jpg'?
INFO    -  Doc file 'blog/posts/tg-4.md' contains an absolute link '/assets/tg/4/1.jpg', it was left as is. Did you mean '../../assets/tg/4/1.jpg'?
INFO    -  Doc file 'blog/posts/tg-45.md' contains an absolute link '/assets/tg/45/1.jpg', it was left as is. Did you mean '../../assets/tg/45/1.jpg'?
INFO    -  Doc file 'blog/posts/tg-46.md' contains an absolute link '/assets/tg/46/1.jpg', it was left as is. Did you mean '../../assets/tg/46/1.jpg'?
INFO    -  Doc file 'blog/posts/tg-47.md' contains an absolute link '/assets/tg/47/1.jpg', it was left as is. Did you mean '../../assets/tg/47/1.jpg'?
INFO    -  Doc file 'blog/posts/tg-48.md' contains an absolute link '/assets/tg/48/1.jpg', it was left as is. Did you mean '../../assets/tg/48/1.jpg'?
INFO    -  Doc file 'blog/posts/tg-49.md' contains an absolute link '/assets/tg/49/1.jpg', it was left as is. Did you mean '../../assets/tg/49/1.jpg'?
INFO    -  Doc file 'blog/posts/tg-5.md' contains an absolute link '/assets/tg/5/1.jpg', it was left as is. Did you mean '../../assets/tg/5/1.jpg'?
INFO    -  Doc file 'blog/posts/tg-51.md' contains an absolute link '/assets/tg/51/1.jpg', it was left as is. Did you mean '../../assets/tg/51/1.jpg'?
INFO    -  Doc file 'blog/posts/tg-52.md' contains an absolute link '/assets/tg/52/1.jpg', it was left as is. Did you mean '../../assets/tg/52/1.jpg'?
INFO    -  Doc file 'blog/posts/tg-55.md' contains an absolute link '/assets/tg/55/1.jpg', it was left as is. Did you mean '../../assets/tg/55/1.jpg'?
INFO    -  Doc file 'blog/posts/tg-56.md' contains an absolute link '/assets/tg/56/1.jpg', it was left as is. Did you mean '../../assets/tg/56/1.jpg'?
INFO    -  Doc file 'blog/posts/tg-58.md' contains an absolute link '/assets/tg/58/1.jpg', it was left as is. Did you mean '../../assets/tg/58/1.jpg'?
INFO    -  Doc file 'blog/posts/tg-59.md' contains an absolute link '/assets/tg/59/1.jpg', it was left as is. Did you mean '../../assets/tg/59/1.jpg'?
INFO    -  Doc file 'blog/posts/tg-60.md' contains an absolute link '/assets/tg/60/1.jpg', it was left as is. Did you mean '../../assets/tg/60/1.jpg'?
INFO    -  Doc file 'blog/posts/tg-62.md' contains an absolute link '/assets/tg/62/1.jpg', it was left as is. Did you mean '../../assets/tg/62/1.jpg'?
INFO    -  Doc file 'blog/posts/tg-63.md' contains an absolute link '/assets/tg/63/1.jpg', it was left as is. Did you mean '../../assets/tg/63/1.jpg'?
INFO    -  Doc file 'blog/posts/tg-63.md' contains an absolute link '/assets/tg/63/2.jpg', it was left as is. Did you mean '../../assets/tg/63/2.jpg'?
INFO    -  Doc file 'blog/posts/tg-65.md' contains an absolute link '/assets/tg/65/1.jpg', it was left as is. Did you mean '../../assets/tg/65/1.jpg'?
INFO    -  Doc file 'blog/posts/tg-67.md' contains an absolute link '/assets/tg/67/1.jpg', it was left as is. Did you mean '../../assets/tg/67/1.jpg'?
INFO    -  Doc file 'blog/posts/tg-67.md' contains an absolute link '/assets/tg/67/2.jpg', it was left as is. Did you mean '../../assets/tg/67/2.jpg'?
INFO    -  Doc file 'blog/posts/tg-69.md' contains an absolute link '/assets/tg/69/1.jpg', it was left as is. Did you mean '../../assets/tg/69/1.jpg'?
INFO    -  Doc file 'blog/posts/tg-7.md' contains an absolute link '/assets/tg/7/1.jpg', it was left as is. Did you mean '../../assets/tg/7/1.jpg'?
INFO    -  Doc file 'blog/posts/tg-70.md' contains an absolute link '/assets/tg/70/1.jpg', it was left as is. Did you mean '../../assets/tg/70/1.jpg'?
INFO    -  Doc file 'blog/posts/tg-71.md' contains an absolute link '/assets/tg/71/1.jpg', it was left as is. Did you mean '../../assets/tg/71/1.jpg'?
INFO    -  Doc file 'blog/posts/tg-72.md' contains an absolute link '/assets/tg/72/1.jpg', it was left as is. Did you mean '../../assets/tg/72/1.jpg'?
INFO    -  Doc file 'blog/posts/tg-73.md' contains an absolute link '/assets/tg/73/1.jpg', it was left as is. Did you mean '../../assets/tg/73/1.jpg'?
INFO    -  Doc file 'blog/posts/tg-73.md' contains an absolute link '/assets/tg/73/2.jpg', it was left as is. Did you mean '../../assets/tg/73/2.jpg'?
INFO    -  Doc file 'blog/posts/tg-75.md' contains an absolute link '/assets/tg/75/1.jpg', it was left as is. Did you mean '../../assets/tg/75/1.jpg'?
INFO    -  Doc file 'blog/posts/tg-75.md' contains an absolute link '/assets/tg/75/2.jpg', it was left as is. Did you mean '../../assets/tg/75/2.jpg'?
INFO    -  Doc file 'blog/posts/tg-77.md' contains an absolute link '/assets/tg/77/1.jpg', it was left as is. Did you mean '../../assets/tg/77/1.jpg'?
INFO    -  Doc file 'blog/posts/tg-77.md' contains an absolute link '/assets/tg/77/2.jpg', it was left as is. Did you mean '../../assets/tg/77/2.jpg'?
INFO    -  Doc file 'blog/posts/tg-8.md' contains an absolute link '/assets/tg/8/1.jpg', it was left as is. Did you mean '../../assets/tg/8/1.jpg'?
INFO    -  Doc file 'blog/posts/tg-8.md' contains an absolute link '/assets/tg/8/2.jpg', it was left as is. Did you mean '../../assets/tg/8/2.jpg'?
INFO    -  Doc file 'blog/posts/tg-80.md' contains an absolute link '/assets/tg/80/1.jpg', it was left as is. Did you mean '../../assets/tg/80/1.jpg'?
INFO    -  Doc file 'blog/posts/tg-81.md' contains an absolute link '/assets/tg/81/1.jpg', it was left as is. Did you mean '../../assets/tg/81/1.jpg'?
INFO    -  Doc file 'blog/posts/tg-82.md' contains an absolute link '/assets/tg/82/1.jpg', it was left as is. Did you mean '../../assets/tg/82/1.jpg'?
INFO    -  Doc file 'blog/posts/tg-82.md' contains an absolute link '/assets/tg/82/2.jpg', it was left as is. Did you mean '../../assets/tg/82/2.jpg'?
INFO    -  Doc file 'blog/posts/tg-85.md' contains an absolute link '/assets/tg/85/1.jpg', it was left as is. Did you mean '../../assets/tg/85/1.jpg'?
INFO    -  Doc file 'blog/posts/tg-86.md' contains an absolute link '/assets/tg/86/1.jpg', it was left as is. Did you mean '../../assets/tg/86/1.jpg'?
INFO    -  Doc file 'blog/posts/tg-86.md' contains an absolute link '/assets/tg/86/2.jpg', it was left as is. Did you mean '../../assets/tg/86/2.jpg'?
INFO    -  Doc file 'blog/posts/tg-88.md' contains an absolute link '/assets/tg/88/1.jpg', it was left as is. Did you mean '../../assets/tg/88/1.jpg'?
INFO    -  Doc file 'blog/posts/tg-89.md' contains an absolute link '/assets/tg/89/1.jpg', it was left as is. Did you mean '../../assets/tg/89/1.jpg'?
INFO    -  Doc file 'blog/posts/tg-90.md' contains an absolute link '/assets/tg/90/1.jpg', it was left as is. Did you mean '../../assets/tg/90/1.jpg'?
INFO    -  Doc file 'blog/posts/tg-91.md' contains an absolute link '/assets/tg/91/1.jpg', it was left as is. Did you mean '../../assets/tg/91/1.jpg'?
INFO    -  Doc file 'blog/posts/tg-93.md' contains an absolute link '/assets/tg/93/1.jpg', it was left as is. Did you mean '../../assets/tg/93/1.jpg'?
INFO    -  Doc file 'blog/posts/tg-95.md' contains an absolute link '/assets/tg/95/1.jpg', it was left as is. Did you mean '../../assets/tg/95/1.jpg'?
INFO    -  Doc file 'blog/posts/tg-95.md' contains an absolute link '/assets/tg/95/2.jpg', it was left as is. Did you mean '../../assets/tg/95/2.jpg'?
INFO    -  Doc file 'blog/posts/tg-95.md' contains an absolute link '/assets/tg/95/3.jpg', it was left as is. Did you mean '../../assets/tg/95/3.jpg'?
INFO    -  Doc file 'blog/posts/tg-95.md' contains an absolute link '/assets/tg/95/4.jpg', it was left as is. Did you mean '../../assets/tg/95/4.jpg'?
Building prefix dict from the default dictionary ...
Loading model from cache C:\Users\ZL\AppData\Local\Temp\jieba.cache
Loading model cost 0.361 seconds.
Prefix dict has been built successfully.
INFO    -  Documentation built in 3.08 seconds
待部署文件：全部
X99 镜像全量更新完成
warning: in the working copy of 'scripts/.sync.log', CRLF will be replaced by LF the next time Git touches it
warning: in the working copy of 'scripts/.tg_state.json', CRLF will be replaced by LF the next time Git touches it
warning: in the working copy of 'scripts/tg-reactions-seed.json', CRLF will be replaced by LF the next time Git touches it
warning: in the working copy of 'scripts/tg-review.md', CRLF will be replaced by LF the next time Git touches it
已推送到 GitHub
=== 2026-10-07 02:01:40 完成 ===
=== 2026-10-07 02:01:54 同步开始 ===
已知帖子 273 条，开始抓取（增量）
  page 1   315..334  new=15
  已追上已知帖子，停止翻页
抓到 15 条 -> 合并后 15 条（0 条为同段聚合）
新增 0 / 更新 3 / 跳过 12 | 媒体 0 张 0.0 MB | 视频 17.1 MB
reaction 播种 125 条帖子 -> scripts/tg-reactions-seed.json
待确认分类 188 条 -> scripts/tg-review.md
reaction 播种完成：0 项（服务器现有 126 个帖子）

 │  ⚠  Warning from the Material for MkDocs team
 │
 │  MkDocs 2.0, the underlying framework of Material for MkDocs,
 │  will introduce backward-incompatible changes, including:
 │
 │  × All plugins will stop working – the plugin system has been removed
 │  × All theme overrides will break – the theming system has been rewritten
 │  × No migration path exists – existing projects cannot be upgraded
 │  × Closed contribution model – community members can't report bugs
 │  × Currently unlicensed – unsuitable for production use
 │
 │  Our full analysis:
 │
 │  https://squidfunk.github.io/mkdocs-material/blog/2026/02/18/mkdocs-2.0/

INFO    -  Cleaning site directory
INFO    -  Building documentation to directory: C:\Users\ZL\Documents\ZL114514.github.io\docs
INFO    -  Doc file 'blog/posts/tg-100.md' contains an absolute link '/assets/tg/100/1.jpg', it was left as is. Did you mean '../../assets/tg/100/1.jpg'?
INFO    -  Doc file 'blog/posts/tg-101.md' contains an absolute link '/assets/tg/101/1.jpg', it was left as is. Did you mean '../../assets/tg/101/1.jpg'?
INFO    -  Doc file 'blog/posts/tg-102.md' contains an absolute link '/assets/tg/102/1.jpg', it was left as is. Did you mean '../../assets/tg/102/1.jpg'?
INFO    -  Doc file 'blog/posts/tg-103.md' contains an absolute link '/assets/tg/103/1.jpg', it was left as is. Did you mean '../../assets/tg/103/1.jpg'?
INFO    -  Doc file 'blog/posts/tg-103.md' contains an absolute link '/assets/tg/103/2.jpg', it was left as is. Did you mean '../../assets/tg/103/2.jpg'?
INFO    -  Doc file 'blog/posts/tg-109.md' contains an absolute link '/assets/tg/109/1.jpg', it was left as is. Did you mean '../../assets/tg/109/1.jpg'?
INFO    -  Doc file 'blog/posts/tg-111.md' contains an absolute link '/assets/tg/111/1.jpg', it was left as is. Did you mean '../../assets/tg/111/1.jpg'?
INFO    -  Doc file 'blog/posts/tg-120.md' contains an absolute link '/assets/tg/120/1.jpg', it was left as is. Did you mean '../../assets/tg/120/1.jpg'?
INFO    -  Doc file 'blog/posts/tg-122.md' contains an absolute link '/assets/tg/122/1.jpg', it was left as is. Did you mean '../../assets/tg/122/1.jpg'?
INFO    -  Doc file 'blog/posts/tg-129.md' contains an absolute link '/assets/tg/129/1.jpg', it was left as is. Did you mean '../../assets/tg/129/1.jpg'?
INFO    -  Doc file 'blog/posts/tg-13.md' contains an absolute link '/assets/tg/13/1.jpg', it was left as is. Did you mean '../../assets/tg/13/1.jpg'?
INFO    -  Doc file 'blog/posts/tg-13.md' contains an absolute link '/assets/tg/13/2.jpg', it was left as is. Did you mean '../../assets/tg/13/2.jpg'?
INFO    -  Doc file 'blog/posts/tg-131.md' contains an absolute link '/assets/tg/131/1.jpg', it was left as is. Did you mean '../../assets/tg/131/1.jpg'?
INFO    -  Doc file 'blog/posts/tg-132.md' contains an absolute link '/assets/tg/132/1.jpg', it was left as is. Did you mean '../../assets/tg/132/1.jpg'?
INFO    -  Doc file 'blog/posts/tg-133.md' contains an absolute link '/assets/tg/133/1.jpg', it was left as is. Did you mean '../../assets/tg/133/1.jpg'?
INFO    -  Doc file 'blog/posts/tg-134.md' contains an absolute link '/assets/tg/134/1.jpg', it was left as is. Did you mean '../../assets/tg/134/1.jpg'?
INFO    -  Doc file 'blog/posts/tg-141.md' contains an absolute link '/assets/tg/141/1.jpg', it was left as is. Did you mean '../../assets/tg/141/1.jpg'?
INFO    -  Doc file 'blog/posts/tg-141.md' contains an absolute link '/assets/tg/141/2.jpg', it was left as is. Did you mean '../../assets/tg/141/2.jpg'?
INFO    -  Doc file 'blog/posts/tg-143.md' contains an absolute link '/assets/tg/143/1.jpg', it was left as is. Did you mean '../../assets/tg/143/1.jpg'?
INFO    -  Doc file 'blog/posts/tg-154.md' contains an absolute link '/assets/tg/154/1.jpg', it was left as is. Did you mean '../../assets/tg/154/1.jpg'?
INFO    -  Doc file 'blog/posts/tg-155.md' contains an absolute link '/assets/tg/155/1.jpg', it was left as is. Did you mean '../../assets/tg/155/1.jpg'?
INFO    -  Doc file 'blog/posts/tg-156.md' contains an absolute link '/assets/tg/156/1.jpg', it was left as is. Did you mean '../../assets/tg/156/1.jpg'?
INFO    -  Doc file 'blog/posts/tg-157.md' contains an absolute link '/assets/tg/157/1.jpg', it was left as is. Did you mean '../../assets/tg/157/1.jpg'?
INFO    -  Doc file 'blog/posts/tg-157.md' contains an absolute link '/assets/tg/157/2.jpg', it was left as is. Did you mean '../../assets/tg/157/2.jpg'?
INFO    -  Doc file 'blog/posts/tg-162.md' contains an absolute link '/assets/tg/162/1.jpg', it was left as is. Did you mean '../../assets/tg/162/1.jpg'?
INFO    -  Doc file 'blog/posts/tg-162.md' contains an absolute link '/assets/tg/162/2.jpg', it was left as is. Did you mean '../../assets/tg/162/2.jpg'?
INFO    -  Doc file 'blog/posts/tg-164.md' contains an absolute link '/assets/tg/164/1.jpg', it was left as is. Did you mean '../../assets/tg/164/1.jpg'?
INFO    -  Doc file 'blog/posts/tg-165.md' contains an absolute link '/assets/tg/165/1.jpg', it was left as is. Did you mean '../../assets/tg/165/1.jpg'?
INFO    -  Doc file 'blog/posts/tg-167.md' contains an absolute link '/assets/tg/167/1.jpg', it was left as is. Did you mean '../../assets/tg/167/1.jpg'?
INFO    -  Doc file 'blog/posts/tg-168.md' contains an absolute link '/assets/tg/168/1.jpg', it was left as is. Did you mean '../../assets/tg/168/1.jpg'?
INFO    -  Doc file 'blog/posts/tg-17.md' contains an absolute link '/assets/tg/17/1.jpg', it was left as is. Did you mean '../../assets/tg/17/1.jpg'?
INFO    -  Doc file 'blog/posts/tg-18.md' contains an absolute link '/assets/tg/18/1.jpg', it was left as is. Did you mean '../../assets/tg/18/1.jpg'?
INFO    -  Doc file 'blog/posts/tg-180.md' contains an absolute link '/assets/tg/180/1.jpg', it was left as is. Did you mean '../../assets/tg/180/1.jpg'?
INFO    -  Doc file 'blog/posts/tg-180.md' contains an absolute link '/assets/tg/180/2.jpg', it was left as is. Did you mean '../../assets/tg/180/2.jpg'?
INFO    -  Doc file 'blog/posts/tg-184.md' contains an absolute link '/assets/tg/184/1.jpg', it was left as is. Did you mean '../../assets/tg/184/1.jpg'?
INFO    -  Doc file 'blog/posts/tg-186.md' contains an absolute link '/assets/tg/186/1.jpg', it was left as is. Did you mean '../../assets/tg/186/1.jpg'?
INFO    -  Doc file 'blog/posts/tg-187.md' contains an absolute link '/assets/tg/187/1.jpg', it was left as is. Did you mean '../../assets/tg/187/1.jpg'?
INFO    -  Doc file 'blog/posts/tg-187.md' contains an absolute link '/assets/tg/187/2.jpg', it was left as is. Did you mean '../../assets/tg/187/2.jpg'?
INFO    -  Doc file 'blog/posts/tg-19.md' contains an absolute link '/assets/tg/19/1.jpg', it was left as is. Did you mean '../../assets/tg/19/1.jpg'?
INFO    -  Doc file 'blog/posts/tg-190.md' contains an absolute link '/assets/tg/190/1.jpg', it was left as is. Did you mean '../../assets/tg/190/1.jpg'?
INFO    -  Doc file 'blog/posts/tg-191.md' contains an absolute link '/assets/tg/191/1.jpg', it was left as is. Did you mean '../../assets/tg/191/1.jpg'?
INFO    -  Doc file 'blog/posts/tg-202.md' contains an absolute link '/assets/tg/202/1.jpg', it was left as is. Did you mean '../../assets/tg/202/1.jpg'?
INFO    -  Doc file 'blog/posts/tg-206.md' contains an absolute link '/assets/tg/206/1.jpg', it was left as is. Did you mean '../../assets/tg/206/1.jpg'?
INFO    -  Doc file 'blog/posts/tg-208.md' contains an absolute link '/assets/tg/208/1.jpg', it was left as is. Did you mean '../../assets/tg/208/1.jpg'?
INFO    -  Doc file 'blog/posts/tg-21.md' contains an absolute link '/assets/tg/21/1.jpg', it was left as is. Did you mean '../../assets/tg/21/1.jpg'?
INFO    -  Doc file 'blog/posts/tg-210.md' contains an absolute link '/assets/tg/210/1.jpg', it was left as is. Did you mean '../../assets/tg/210/1.jpg'?
INFO    -  Doc file 'blog/posts/tg-210.md' contains an absolute link '/assets/tg/210/2.jpg', it was left as is. Did you mean '../../assets/tg/210/2.jpg'?
INFO    -  Doc file 'blog/posts/tg-210.md' contains an absolute link '/assets/tg/210/3.jpg', it was left as is. Did you mean '../../assets/tg/210/3.jpg'?
INFO    -  Doc file 'blog/posts/tg-213.md' contains an absolute link '/assets/tg/213/1.jpg', it was left as is. Did you mean '../../assets/tg/213/1.jpg'?
INFO    -  Doc file 'blog/posts/tg-215.md' contains an absolute link '/assets/tg/215/1.jpg', it was left as is. Did you mean '../../assets/tg/215/1.jpg'?
INFO    -  Doc file 'blog/posts/tg-216.md' contains an absolute link '/assets/tg/216/1.jpg', it was left as is. Did you mean '../../assets/tg/216/1.jpg'?
INFO    -  Doc file 'blog/posts/tg-216.md' contains an absolute link '/assets/tg/216/2.jpg', it was left as is. Did you mean '../../assets/tg/216/2.jpg'?
INFO    -  Doc file 'blog/posts/tg-218.md' contains an absolute link '/assets/tg/218/1.jpg', it was left as is. Did you mean '../../assets/tg/218/1.jpg'?
INFO    -  Doc file 'blog/posts/tg-219.md' contains an absolute link '/assets/tg/219/1.jpg', it was left as is. Did you mean '../../assets/tg/219/1.jpg'?
INFO    -  Doc file 'blog/posts/tg-220.md' contains an absolute link '/assets/tg/220/1.jpg', it was left as is. Did you mean '../../assets/tg/220/1.jpg'?
INFO    -  Doc file 'blog/posts/tg-221.md' contains an absolute link '/assets/tg/221/1.jpg', it was left as is. Did you mean '../../assets/tg/221/1.jpg'?
INFO    -  Doc file 'blog/posts/tg-223.md' contains an absolute link '/assets/tg/223/1.jpg', it was left as is. Did you mean '../../assets/tg/223/1.jpg'?
INFO    -  Doc file 'blog/posts/tg-223.md' contains an absolute link '/assets/tg/223/2.jpg', it was left as is. Did you mean '../../assets/tg/223/2.jpg'?
INFO    -  Doc file 'blog/posts/tg-223.md' contains an absolute link '/assets/tg/223/3.jpg', it was left as is. Did you mean '../../assets/tg/223/3.jpg'?
INFO    -  Doc file 'blog/posts/tg-223.md' contains an absolute link '/assets/tg/223/4.jpg', it was left as is. Did you mean '../../assets/tg/223/4.jpg'?
INFO    -  Doc file 'blog/posts/tg-223.md' contains an absolute link '/assets/tg/223/5.jpg', it was left as is. Did you mean '../../assets/tg/223/5.jpg'?
INFO    -  Doc file 'blog/posts/tg-223.md' contains an absolute link '/assets/tg/223/6.jpg', it was left as is. Did you mean '../../assets/tg/223/6.jpg'?
INFO    -  Doc file 'blog/posts/tg-223.md' contains an absolute link '/assets/tg/223/7.jpg', it was left as is. Did you mean '../../assets/tg/223/7.jpg'?
INFO    -  Doc file 'blog/posts/tg-223.md' contains an absolute link '/assets/tg/223/8.jpg', it was left as is. Did you mean '../../assets/tg/223/8.jpg'?
INFO    -  Doc file 'blog/posts/tg-232.md' contains an absolute link '/assets/tg/232/1.jpg', it was left as is. Did you mean '../../assets/tg/232/1.jpg'?
INFO    -  Doc file 'blog/posts/tg-237.md' contains an absolute link '/assets/tg/237/1.jpg', it was left as is. Did you mean '../../assets/tg/237/1.jpg'?
INFO    -  Doc file 'blog/posts/tg-240.md' contains an absolute link '/assets/tg/240/1.jpg', it was left as is. Did you mean '../../assets/tg/240/1.jpg'?
INFO    -  Doc file 'blog/posts/tg-242.md' contains an absolute link '/assets/tg/242/1.jpg', it was left as is. Did you mean '../../assets/tg/242/1.jpg'?
INFO    -  Doc file 'blog/posts/tg-242.md' contains an absolute link '/assets/tg/242/2.jpg', it was left as is. Did you mean '../../assets/tg/242/2.jpg'?
INFO    -  Doc file 'blog/posts/tg-244.md' contains an absolute link '/assets/tg/244/1.jpg', it was left as is. Did you mean '../../assets/tg/244/1.jpg'?
INFO    -  Doc file 'blog/posts/tg-244.md' contains an absolute link '/assets/tg/244/2.jpg', it was left as is. Did you mean '../../assets/tg/244/2.jpg'?
INFO    -  Doc file 'blog/posts/tg-246.md' contains an absolute link '/assets/tg/246/1.jpg', it was left as is. Did you mean '../../assets/tg/246/1.jpg'?
INFO    -  Doc file 'blog/posts/tg-246.md' contains an absolute link '/assets/tg/246/2.jpg', it was left as is. Did you mean '../../assets/tg/246/2.jpg'?
INFO    -  Doc file 'blog/posts/tg-248.md' contains an absolute link '/assets/tg/248/1.jpg', it was left as is. Did you mean '../../assets/tg/248/1.jpg'?
INFO    -  Doc file 'blog/posts/tg-249.md' contains an absolute link '/assets/tg/249/1.jpg', it was left as is. Did you mean '../../assets/tg/249/1.jpg'?
INFO    -  Doc file 'blog/posts/tg-250.md' contains an absolute link '/assets/tg/250/1.jpg', it was left as is. Did you mean '../../assets/tg/250/1.jpg'?
INFO    -  Doc file 'blog/posts/tg-251.md' contains an absolute link '/assets/tg/251/1.jpg', it was left as is. Did you mean '../../assets/tg/251/1.jpg'?
INFO    -  Doc file 'blog/posts/tg-253.md' contains an absolute link '/assets/tg/253/1.jpg', it was left as is. Did you mean '../../assets/tg/253/1.jpg'?
INFO    -  Doc file 'blog/posts/tg-254.md' contains an absolute link '/assets/tg/254/1.jpg', it was left as is. Did you mean '../../assets/tg/254/1.jpg'?
INFO    -  Doc file 'blog/posts/tg-255.md' contains an absolute link '/assets/tg/255/1.jpg', it was left as is. Did you mean '../../assets/tg/255/1.jpg'?
INFO    -  Doc file 'blog/posts/tg-256.md' contains an absolute link '/assets/tg/256/1.jpg', it was left as is. Did you mean '../../assets/tg/256/1.jpg'?
INFO    -  Doc file 'blog/posts/tg-259.md' contains an absolute link '/assets/tg/259/1.jpg', it was left as is. Did you mean '../../assets/tg/259/1.jpg'?
INFO    -  Doc file 'blog/posts/tg-260.md' contains an absolute link '/assets/tg/260/1.jpg', it was left as is. Did you mean '../../assets/tg/260/1.jpg'?
INFO    -  Doc file 'blog/posts/tg-261.md' contains an absolute link '/assets/tg/261/1.jpg', it was left as is. Did you mean '../../assets/tg/261/1.jpg'?
INFO    -  Doc file 'blog/posts/tg-261.md' contains an absolute link '/assets/tg/261/2.jpg', it was left as is. Did you mean '../../assets/tg/261/2.jpg'?
INFO    -  Doc file 'blog/posts/tg-261.md' contains an absolute link '/assets/tg/261/3.jpg', it was left as is. Did you mean '../../assets/tg/261/3.jpg'?
INFO    -  Doc file 'blog/posts/tg-261.md' contains an absolute link '/assets/tg/261/4.jpg', it was left as is. Did you mean '../../assets/tg/261/4.jpg'?
INFO    -  Doc file 'blog/posts/tg-267.md' contains an absolute link '/assets/tg/267/1.jpg', it was left as is. Did you mean '../../assets/tg/267/1.jpg'?
INFO    -  Doc file 'blog/posts/tg-269.md' contains an absolute link '/assets/tg/269/1.jpg', it was left as is. Did you mean '../../assets/tg/269/1.jpg'?
INFO    -  Doc file 'blog/posts/tg-270.md' contains an absolute link '/assets/tg/270/1.jpg', it was left as is. Did you mean '../../assets/tg/270/1.jpg'?
INFO    -  Doc file 'blog/posts/tg-271.md' contains an absolute link '/assets/tg/271/1.jpg', it was left as is. Did you mean '../../assets/tg/271/1.jpg'?
INFO    -  Doc file 'blog/posts/tg-276.md' contains an absolute link '/assets/tg/276/1.jpg', it was left as is. Did you mean '../../assets/tg/276/1.jpg'?
INFO    -  Doc file 'blog/posts/tg-277.md' contains an absolute link '/assets/tg/277/1.jpg', it was left as is. Did you mean '../../assets/tg/277/1.jpg'?
INFO    -  Doc file 'blog/posts/tg-278.md' contains an absolute link '/assets/tg/278/1.jpg', it was left as is. Did you mean '../../assets/tg/278/1.jpg'?
INFO    -  Doc file 'blog/posts/tg-281.md' contains an absolute link '/assets/tg/281/1.jpg', it was left as is. Did you mean '../../assets/tg/281/1.jpg'?
INFO    -  Doc file 'blog/posts/tg-282.md' contains an absolute link '/assets/tg/282/1.jpg', it was left as is. Did you mean '../../assets/tg/282/1.jpg'?
INFO    -  Doc file 'blog/posts/tg-292.md' contains an absolute link '/assets/tg/292/1.jpg', it was left as is. Did you mean '../../assets/tg/292/1.jpg'?
INFO    -  Doc file 'blog/posts/tg-294.md' contains an absolute link '/assets/tg/294/1.jpg', it was left as is. Did you mean '../../assets/tg/294/1.jpg'?
INFO    -  Doc file 'blog/posts/tg-294.md' contains an absolute link '/assets/tg/294/2.jpg', it was left as is. Did you mean '../../assets/tg/294/2.jpg'?
INFO    -  Doc file 'blog/posts/tg-296.md' contains an absolute link '/assets/tg/296/1.jpg', it was left as is. Did you mean '../../assets/tg/296/1.jpg'?
INFO    -  Doc file 'blog/posts/tg-296.md' contains an absolute link '/assets/tg/296/2.jpg', it was left as is. Did you mean '../../assets/tg/296/2.jpg'?
INFO    -  Doc file 'blog/posts/tg-296.md' contains an absolute link '/assets/tg/296/3.jpg', it was left as is. Did you mean '../../assets/tg/296/3.jpg'?
INFO    -  Doc file 'blog/posts/tg-299.md' contains an absolute link '/assets/tg/299/1.jpg', it was left as is. Did you mean '../../assets/tg/299/1.jpg'?
INFO    -  Doc file 'blog/posts/tg-3.md' contains an absolute link '/assets/tg/3/1.jpg', it was left as is. Did you mean '../../assets/tg/3/1.jpg'?
INFO    -  Doc file 'blog/posts/tg-307.md' contains an absolute link '/assets/tg/307/1.jpg', it was left as is. Did you mean '../../assets/tg/307/1.jpg'?
INFO    -  Doc file 'blog/posts/tg-312.md' contains an absolute link '/assets/tg/312/1.jpg', it was left as is. Did you mean '../../assets/tg/312/1.jpg'?
INFO    -  Doc file 'blog/posts/tg-314.md' contains an absolute link '/assets/tg/314/1.jpg', it was left as is. Did you mean '../../assets/tg/314/1.jpg'?
INFO    -  Doc file 'blog/posts/tg-318.md' contains an absolute link '/assets/tg/318/1.jpg', it was left as is. Did you mean '../../assets/tg/318/1.jpg'?
INFO    -  Doc file 'blog/posts/tg-318.md' contains an absolute link '/assets/tg/318/2.jpg', it was left as is. Did you mean '../../assets/tg/318/2.jpg'?
INFO    -  Doc file 'blog/posts/tg-318.md' contains an absolute link '/assets/tg/318/3.jpg', it was left as is. Did you mean '../../assets/tg/318/3.jpg'?
INFO    -  Doc file 'blog/posts/tg-32.md' contains an absolute link '/assets/tg/32/1.jpg', it was left as is. Did you mean '../../assets/tg/32/1.jpg'?
INFO    -  Doc file 'blog/posts/tg-32.md' contains an absolute link '/assets/tg/32/2.jpg', it was left as is. Did you mean '../../assets/tg/32/2.jpg'?
INFO    -  Doc file 'blog/posts/tg-32.md' contains an absolute link '/assets/tg/32/3.jpg', it was left as is. Did you mean '../../assets/tg/32/3.jpg'?
INFO    -  Doc file 'blog/posts/tg-32.md' contains an absolute link '/assets/tg/32/4.jpg', it was left as is. Did you mean '../../assets/tg/32/4.jpg'?
INFO    -  Doc file 'blog/posts/tg-321.md' contains an absolute link '/assets/tg/321/1.jpg', it was left as is. Did you mean '../../assets/tg/321/1.jpg'?
INFO    -  Doc file 'blog/posts/tg-325.md' contains an absolute link '/assets/tg/325/1.jpg', it was left as is. Did you mean '../../assets/tg/325/1.jpg'?
INFO    -  Doc file 'blog/posts/tg-326.md' contains an absolute link '/assets/tg/326/1.jpg', it was left as is. Did you mean '../../assets/tg/326/1.jpg'?
INFO    -  Doc file 'blog/posts/tg-326.md' contains an absolute link '/assets/tg/326/2.jpg', it was left as is. Did you mean '../../assets/tg/326/2.jpg'?
INFO    -  Doc file 'blog/posts/tg-326.md' contains an absolute link '/assets/tg/326/3.jpg', it was left as is. Did you mean '../../assets/tg/326/3.jpg'?
INFO    -  Doc file 'blog/posts/tg-326.md' contains an absolute link '/assets/tg/326/4.jpg', it was left as is. Did you mean '../../assets/tg/326/4.jpg'?
INFO    -  Doc file 'blog/posts/tg-331.md' contains an absolute link '/assets/tg/331/1.jpg', it was left as is. Did you mean '../../assets/tg/331/1.jpg'?
INFO    -  Doc file 'blog/posts/tg-332.md' contains an absolute link '/assets/tg/332/1.jpg', it was left as is. Did you mean '../../assets/tg/332/1.jpg'?
INFO    -  Doc file 'blog/posts/tg-333.md' contains an absolute link '/assets/tg/333/1.jpg', it was left as is. Did you mean '../../assets/tg/333/1.jpg'?
INFO    -  Doc file 'blog/posts/tg-4.md' contains an absolute link '/assets/tg/4/1.jpg', it was left as is. Did you mean '../../assets/tg/4/1.jpg'?
INFO    -  Doc file 'blog/posts/tg-45.md' contains an absolute link '/assets/tg/45/1.jpg', it was left as is. Did you mean '../../assets/tg/45/1.jpg'?
INFO    -  Doc file 'blog/posts/tg-46.md' contains an absolute link '/assets/tg/46/1.jpg', it was left as is. Did you mean '../../assets/tg/46/1.jpg'?
INFO    -  Doc file 'blog/posts/tg-47.md' contains an absolute link '/assets/tg/47/1.jpg', it was left as is. Did you mean '../../assets/tg/47/1.jpg'?
INFO    -  Doc file 'blog/posts/tg-48.md' contains an absolute link '/assets/tg/48/1.jpg', it was left as is. Did you mean '../../assets/tg/48/1.jpg'?
INFO    -  Doc file 'blog/posts/tg-49.md' contains an absolute link '/assets/tg/49/1.jpg', it was left as is. Did you mean '../../assets/tg/49/1.jpg'?
INFO    -  Doc file 'blog/posts/tg-5.md' contains an absolute link '/assets/tg/5/1.jpg', it was left as is. Did you mean '../../assets/tg/5/1.jpg'?
INFO    -  Doc file 'blog/posts/tg-51.md' contains an absolute link '/assets/tg/51/1.jpg', it was left as is. Did you mean '../../assets/tg/51/1.jpg'?
INFO    -  Doc file 'blog/posts/tg-52.md' contains an absolute link '/assets/tg/52/1.jpg', it was left as is. Did you mean '../../assets/tg/52/1.jpg'?
INFO    -  Doc file 'blog/posts/tg-55.md' contains an absolute link '/assets/tg/55/1.jpg', it was left as is. Did you mean '../../assets/tg/55/1.jpg'?
INFO    -  Doc file 'blog/posts/tg-56.md' contains an absolute link '/assets/tg/56/1.jpg', it was left as is. Did you mean '../../assets/tg/56/1.jpg'?
INFO    -  Doc file 'blog/posts/tg-58.md' contains an absolute link '/assets/tg/58/1.jpg', it was left as is. Did you mean '../../assets/tg/58/1.jpg'?
INFO    -  Doc file 'blog/posts/tg-59.md' contains an absolute link '/assets/tg/59/1.jpg', it was left as is. Did you mean '../../assets/tg/59/1.jpg'?
INFO    -  Doc file 'blog/posts/tg-60.md' contains an absolute link '/assets/tg/60/1.jpg', it was left as is. Did you mean '../../assets/tg/60/1.jpg'?
INFO    -  Doc file 'blog/posts/tg-62.md' contains an absolute link '/assets/tg/62/1.jpg', it was left as is. Did you mean '../../assets/tg/62/1.jpg'?
INFO    -  Doc file 'blog/posts/tg-63.md' contains an absolute link '/assets/tg/63/1.jpg', it was left as is. Did you mean '../../assets/tg/63/1.jpg'?
INFO    -  Doc file 'blog/posts/tg-63.md' contains an absolute link '/assets/tg/63/2.jpg', it was left as is. Did you mean '../../assets/tg/63/2.jpg'?
INFO    -  Doc file 'blog/posts/tg-65.md' contains an absolute link '/assets/tg/65/1.jpg', it was left as is. Did you mean '../../assets/tg/65/1.jpg'?
INFO    -  Doc file 'blog/posts/tg-67.md' contains an absolute link '/assets/tg/67/1.jpg', it was left as is. Did you mean '../../assets/tg/67/1.jpg'?
INFO    -  Doc file 'blog/posts/tg-67.md' contains an absolute link '/assets/tg/67/2.jpg', it was left as is. Did you mean '../../assets/tg/67/2.jpg'?
INFO    -  Doc file 'blog/posts/tg-69.md' contains an absolute link '/assets/tg/69/1.jpg', it was left as is. Did you mean '../../assets/tg/69/1.jpg'?
INFO    -  Doc file 'blog/posts/tg-7.md' contains an absolute link '/assets/tg/7/1.jpg', it was left as is. Did you mean '../../assets/tg/7/1.jpg'?
INFO    -  Doc file 'blog/posts/tg-70.md' contains an absolute link '/assets/tg/70/1.jpg', it was left as is. Did you mean '../../assets/tg/70/1.jpg'?
INFO    -  Doc file 'blog/posts/tg-71.md' contains an absolute link '/assets/tg/71/1.jpg', it was left as is. Did you mean '../../assets/tg/71/1.jpg'?
INFO    -  Doc file 'blog/posts/tg-72.md' contains an absolute link '/assets/tg/72/1.jpg', it was left as is. Did you mean '../../assets/tg/72/1.jpg'?
INFO    -  Doc file 'blog/posts/tg-73.md' contains an absolute link '/assets/tg/73/1.jpg', it was left as is. Did you mean '../../assets/tg/73/1.jpg'?
INFO    -  Doc file 'blog/posts/tg-73.md' contains an absolute link '/assets/tg/73/2.jpg', it was left as is. Did you mean '../../assets/tg/73/2.jpg'?
INFO    -  Doc file 'blog/posts/tg-75.md' contains an absolute link '/assets/tg/75/1.jpg', it was left as is. Did you mean '../../assets/tg/75/1.jpg'?
INFO    -  Doc file 'blog/posts/tg-75.md' contains an absolute link '/assets/tg/75/2.jpg', it was left as is. Did you mean '../../assets/tg/75/2.jpg'?
INFO    -  Doc file 'blog/posts/tg-77.md' contains an absolute link '/assets/tg/77/1.jpg', it was left as is. Did you mean '../../assets/tg/77/1.jpg'?
INFO    -  Doc file 'blog/posts/tg-77.md' contains an absolute link '/assets/tg/77/2.jpg', it was left as is. Did you mean '../../assets/tg/77/2.jpg'?
INFO    -  Doc file 'blog/posts/tg-8.md' contains an absolute link '/assets/tg/8/1.jpg', it was left as is. Did you mean '../../assets/tg/8/1.jpg'?
INFO    -  Doc file 'blog/posts/tg-8.md' contains an absolute link '/assets/tg/8/2.jpg', it was left as is. Did you mean '../../assets/tg/8/2.jpg'?
INFO    -  Doc file 'blog/posts/tg-80.md' contains an absolute link '/assets/tg/80/1.jpg', it was left as is. Did you mean '../../assets/tg/80/1.jpg'?
INFO    -  Doc file 'blog/posts/tg-81.md' contains an absolute link '/assets/tg/81/1.jpg', it was left as is. Did you mean '../../assets/tg/81/1.jpg'?
INFO    -  Doc file 'blog/posts/tg-82.md' contains an absolute link '/assets/tg/82/1.jpg', it was left as is. Did you mean '../../assets/tg/82/1.jpg'?
INFO    -  Doc file 'blog/posts/tg-82.md' contains an absolute link '/assets/tg/82/2.jpg', it was left as is. Did you mean '../../assets/tg/82/2.jpg'?
INFO    -  Doc file 'blog/posts/tg-85.md' contains an absolute link '/assets/tg/85/1.jpg', it was left as is. Did you mean '../../assets/tg/85/1.jpg'?
INFO    -  Doc file 'blog/posts/tg-86.md' contains an absolute link '/assets/tg/86/1.jpg', it was left as is. Did you mean '../../assets/tg/86/1.jpg'?
INFO    -  Doc file 'blog/posts/tg-86.md' contains an absolute link '/assets/tg/86/2.jpg', it was left as is. Did you mean '../../assets/tg/86/2.jpg'?
INFO    -  Doc file 'blog/posts/tg-88.md' contains an absolute link '/assets/tg/88/1.jpg', it was left as is. Did you mean '../../assets/tg/88/1.jpg'?
INFO    -  Doc file 'blog/posts/tg-89.md' contains an absolute link '/assets/tg/89/1.jpg', it was left as is. Did you mean '../../assets/tg/89/1.jpg'?
INFO    -  Doc file 'blog/posts/tg-90.md' contains an absolute link '/assets/tg/90/1.jpg', it was left as is. Did you mean '../../assets/tg/90/1.jpg'?
INFO    -  Doc file 'blog/posts/tg-91.md' contains an absolute link '/assets/tg/91/1.jpg', it was left as is. Did you mean '../../assets/tg/91/1.jpg'?
INFO    -  Doc file 'blog/posts/tg-93.md' contains an absolute link '/assets/tg/93/1.jpg', it was left as is. Did you mean '../../assets/tg/93/1.jpg'?
INFO    -  Doc file 'blog/posts/tg-95.md' contains an absolute link '/assets/tg/95/1.jpg', it was left as is. Did you mean '../../assets/tg/95/1.jpg'?
INFO    -  Doc file 'blog/posts/tg-95.md' contains an absolute link '/assets/tg/95/2.jpg', it was left as is. Did you mean '../../assets/tg/95/2.jpg'?
INFO    -  Doc file 'blog/posts/tg-95.md' contains an absolute link '/assets/tg/95/3.jpg', it was left as is. Did you mean '../../assets/tg/95/3.jpg'?
INFO    -  Doc file 'blog/posts/tg-95.md' contains an absolute link '/assets/tg/95/4.jpg', it was left as is. Did you mean '../../assets/tg/95/4.jpg'?
Building prefix dict from the default dictionary ...
Loading model from cache C:\Users\ZL\AppData\Local\Temp\jieba.cache
Loading model cost 0.361 seconds.
Prefix dict has been built successfully.
INFO    -  Documentation built in 3.38 seconds
待部署文件：597
X99 镜像增量更新完成
warning: in the working copy of 'scripts/.sync.log', CRLF will be replaced by LF the next time Git touches it
warning: in the working copy of 'scripts/tg-reactions-seed.json', CRLF will be replaced by LF the next time Git touches it
warning: in the working copy of 'scripts/tg-review.md', CRLF will be replaced by LF the next time Git touches it
已推送到 GitHub
=== 2026-10-07 02:04:40 完成 ===
=== 2026-10-07 02:06:38 同步开始 ===
已知帖子 273 条，开始抓取（增量）
  page 1   315..334  new=15
  已追上已知帖子，停止翻页
抓到 15 条 -> 合并后 15 条（0 条为同段聚合）
新增 0 / 更新 3 / 跳过 12 | 媒体 0 张 0.0 MB | 视频 17.1 MB
reaction 播种 125 条帖子 -> scripts/tg-reactions-seed.json
待确认分类 188 条 -> scripts/tg-review.md
reaction 播种完成：0 项（服务器现有 126 个帖子）

 │  ⚠  Warning from the Material for MkDocs team
 │
 │  MkDocs 2.0, the underlying framework of Material for MkDocs,
 │  will introduce backward-incompatible changes, including:
 │
 │  × All plugins will stop working – the plugin system has been removed
 │  × All theme overrides will break – the theming system has been rewritten
 │  × No migration path exists – existing projects cannot be upgraded
 │  × Closed contribution model – community members can't report bugs
 │  × Currently unlicensed – unsuitable for production use
 │
 │  Our full analysis:
 │
 │  https://squidfunk.github.io/mkdocs-material/blog/2026/02/18/mkdocs-2.0/

INFO    -  Cleaning site directory
INFO    -  Building documentation to directory: C:\Users\ZL\Documents\ZL114514.github.io\docs
INFO    -  Doc file 'blog/posts/tg-100.md' contains an absolute link '/assets/tg/100/1.jpg', it was left as is. Did you mean '../../assets/tg/100/1.jpg'?
INFO    -  Doc file 'blog/posts/tg-101.md' contains an absolute link '/assets/tg/101/1.jpg', it was left as is. Did you mean '../../assets/tg/101/1.jpg'?
INFO    -  Doc file 'blog/posts/tg-102.md' contains an absolute link '/assets/tg/102/1.jpg', it was left as is. Did you mean '../../assets/tg/102/1.jpg'?
INFO    -  Doc file 'blog/posts/tg-103.md' contains an absolute link '/assets/tg/103/1.jpg', it was left as is. Did you mean '../../assets/tg/103/1.jpg'?
INFO    -  Doc file 'blog/posts/tg-103.md' contains an absolute link '/assets/tg/103/2.jpg', it was left as is. Did you mean '../../assets/tg/103/2.jpg'?
INFO    -  Doc file 'blog/posts/tg-109.md' contains an absolute link '/assets/tg/109/1.jpg', it was left as is. Did you mean '../../assets/tg/109/1.jpg'?
INFO    -  Doc file 'blog/posts/tg-111.md' contains an absolute link '/assets/tg/111/1.jpg', it was left as is. Did you mean '../../assets/tg/111/1.jpg'?
INFO    -  Doc file 'blog/posts/tg-120.md' contains an absolute link '/assets/tg/120/1.jpg', it was left as is. Did you mean '../../assets/tg/120/1.jpg'?
INFO    -  Doc file 'blog/posts/tg-122.md' contains an absolute link '/assets/tg/122/1.jpg', it was left as is. Did you mean '../../assets/tg/122/1.jpg'?
INFO    -  Doc file 'blog/posts/tg-129.md' contains an absolute link '/assets/tg/129/1.jpg', it was left as is. Did you mean '../../assets/tg/129/1.jpg'?
INFO    -  Doc file 'blog/posts/tg-13.md' contains an absolute link '/assets/tg/13/1.jpg', it was left as is. Did you mean '../../assets/tg/13/1.jpg'?
INFO    -  Doc file 'blog/posts/tg-13.md' contains an absolute link '/assets/tg/13/2.jpg', it was left as is. Did you mean '../../assets/tg/13/2.jpg'?
INFO    -  Doc file 'blog/posts/tg-131.md' contains an absolute link '/assets/tg/131/1.jpg', it was left as is. Did you mean '../../assets/tg/131/1.jpg'?
INFO    -  Doc file 'blog/posts/tg-132.md' contains an absolute link '/assets/tg/132/1.jpg', it was left as is. Did you mean '../../assets/tg/132/1.jpg'?
INFO    -  Doc file 'blog/posts/tg-133.md' contains an absolute link '/assets/tg/133/1.jpg', it was left as is. Did you mean '../../assets/tg/133/1.jpg'?
INFO    -  Doc file 'blog/posts/tg-134.md' contains an absolute link '/assets/tg/134/1.jpg', it was left as is. Did you mean '../../assets/tg/134/1.jpg'?
INFO    -  Doc file 'blog/posts/tg-141.md' contains an absolute link '/assets/tg/141/1.jpg', it was left as is. Did you mean '../../assets/tg/141/1.jpg'?
INFO    -  Doc file 'blog/posts/tg-141.md' contains an absolute link '/assets/tg/141/2.jpg', it was left as is. Did you mean '../../assets/tg/141/2.jpg'?
INFO    -  Doc file 'blog/posts/tg-143.md' contains an absolute link '/assets/tg/143/1.jpg', it was left as is. Did you mean '../../assets/tg/143/1.jpg'?
INFO    -  Doc file 'blog/posts/tg-154.md' contains an absolute link '/assets/tg/154/1.jpg', it was left as is. Did you mean '../../assets/tg/154/1.jpg'?
INFO    -  Doc file 'blog/posts/tg-155.md' contains an absolute link '/assets/tg/155/1.jpg', it was left as is. Did you mean '../../assets/tg/155/1.jpg'?
INFO    -  Doc file 'blog/posts/tg-156.md' contains an absolute link '/assets/tg/156/1.jpg', it was left as is. Did you mean '../../assets/tg/156/1.jpg'?
INFO    -  Doc file 'blog/posts/tg-157.md' contains an absolute link '/assets/tg/157/1.jpg', it was left as is. Did you mean '../../assets/tg/157/1.jpg'?
INFO    -  Doc file 'blog/posts/tg-157.md' contains an absolute link '/assets/tg/157/2.jpg', it was left as is. Did you mean '../../assets/tg/157/2.jpg'?
INFO    -  Doc file 'blog/posts/tg-162.md' contains an absolute link '/assets/tg/162/1.jpg', it was left as is. Did you mean '../../assets/tg/162/1.jpg'?
INFO    -  Doc file 'blog/posts/tg-162.md' contains an absolute link '/assets/tg/162/2.jpg', it was left as is. Did you mean '../../assets/tg/162/2.jpg'?
INFO    -  Doc file 'blog/posts/tg-164.md' contains an absolute link '/assets/tg/164/1.jpg', it was left as is. Did you mean '../../assets/tg/164/1.jpg'?
INFO    -  Doc file 'blog/posts/tg-165.md' contains an absolute link '/assets/tg/165/1.jpg', it was left as is. Did you mean '../../assets/tg/165/1.jpg'?
INFO    -  Doc file 'blog/posts/tg-167.md' contains an absolute link '/assets/tg/167/1.jpg', it was left as is. Did you mean '../../assets/tg/167/1.jpg'?
INFO    -  Doc file 'blog/posts/tg-168.md' contains an absolute link '/assets/tg/168/1.jpg', it was left as is. Did you mean '../../assets/tg/168/1.jpg'?
INFO    -  Doc file 'blog/posts/tg-17.md' contains an absolute link '/assets/tg/17/1.jpg', it was left as is. Did you mean '../../assets/tg/17/1.jpg'?
INFO    -  Doc file 'blog/posts/tg-18.md' contains an absolute link '/assets/tg/18/1.jpg', it was left as is. Did you mean '../../assets/tg/18/1.jpg'?
INFO    -  Doc file 'blog/posts/tg-180.md' contains an absolute link '/assets/tg/180/1.jpg', it was left as is. Did you mean '../../assets/tg/180/1.jpg'?
INFO    -  Doc file 'blog/posts/tg-180.md' contains an absolute link '/assets/tg/180/2.jpg', it was left as is. Did you mean '../../assets/tg/180/2.jpg'?
INFO    -  Doc file 'blog/posts/tg-184.md' contains an absolute link '/assets/tg/184/1.jpg', it was left as is. Did you mean '../../assets/tg/184/1.jpg'?
INFO    -  Doc file 'blog/posts/tg-186.md' contains an absolute link '/assets/tg/186/1.jpg', it was left as is. Did you mean '../../assets/tg/186/1.jpg'?
INFO    -  Doc file 'blog/posts/tg-187.md' contains an absolute link '/assets/tg/187/1.jpg', it was left as is. Did you mean '../../assets/tg/187/1.jpg'?
INFO    -  Doc file 'blog/posts/tg-187.md' contains an absolute link '/assets/tg/187/2.jpg', it was left as is. Did you mean '../../assets/tg/187/2.jpg'?
INFO    -  Doc file 'blog/posts/tg-19.md' contains an absolute link '/assets/tg/19/1.jpg', it was left as is. Did you mean '../../assets/tg/19/1.jpg'?
INFO    -  Doc file 'blog/posts/tg-190.md' contains an absolute link '/assets/tg/190/1.jpg', it was left as is. Did you mean '../../assets/tg/190/1.jpg'?
INFO    -  Doc file 'blog/posts/tg-191.md' contains an absolute link '/assets/tg/191/1.jpg', it was left as is. Did you mean '../../assets/tg/191/1.jpg'?
INFO    -  Doc file 'blog/posts/tg-202.md' contains an absolute link '/assets/tg/202/1.jpg', it was left as is. Did you mean '../../assets/tg/202/1.jpg'?
INFO    -  Doc file 'blog/posts/tg-206.md' contains an absolute link '/assets/tg/206/1.jpg', it was left as is. Did you mean '../../assets/tg/206/1.jpg'?
INFO    -  Doc file 'blog/posts/tg-208.md' contains an absolute link '/assets/tg/208/1.jpg', it was left as is. Did you mean '../../assets/tg/208/1.jpg'?
INFO    -  Doc file 'blog/posts/tg-21.md' contains an absolute link '/assets/tg/21/1.jpg', it was left as is. Did you mean '../../assets/tg/21/1.jpg'?
INFO    -  Doc file 'blog/posts/tg-210.md' contains an absolute link '/assets/tg/210/1.jpg', it was left as is. Did you mean '../../assets/tg/210/1.jpg'?
INFO    -  Doc file 'blog/posts/tg-210.md' contains an absolute link '/assets/tg/210/2.jpg', it was left as is. Did you mean '../../assets/tg/210/2.jpg'?
INFO    -  Doc file 'blog/posts/tg-210.md' contains an absolute link '/assets/tg/210/3.jpg', it was left as is. Did you mean '../../assets/tg/210/3.jpg'?
INFO    -  Doc file 'blog/posts/tg-213.md' contains an absolute link '/assets/tg/213/1.jpg', it was left as is. Did you mean '../../assets/tg/213/1.jpg'?
INFO    -  Doc file 'blog/posts/tg-215.md' contains an absolute link '/assets/tg/215/1.jpg', it was left as is. Did you mean '../../assets/tg/215/1.jpg'?
INFO    -  Doc file 'blog/posts/tg-216.md' contains an absolute link '/assets/tg/216/1.jpg', it was left as is. Did you mean '../../assets/tg/216/1.jpg'?
INFO    -  Doc file 'blog/posts/tg-216.md' contains an absolute link '/assets/tg/216/2.jpg', it was left as is. Did you mean '../../assets/tg/216/2.jpg'?
INFO    -  Doc file 'blog/posts/tg-218.md' contains an absolute link '/assets/tg/218/1.jpg', it was left as is. Did you mean '../../assets/tg/218/1.jpg'?
INFO    -  Doc file 'blog/posts/tg-219.md' contains an absolute link '/assets/tg/219/1.jpg', it was left as is. Did you mean '../../assets/tg/219/1.jpg'?
INFO    -  Doc file 'blog/posts/tg-220.md' contains an absolute link '/assets/tg/220/1.jpg', it was left as is. Did you mean '../../assets/tg/220/1.jpg'?
INFO    -  Doc file 'blog/posts/tg-221.md' contains an absolute link '/assets/tg/221/1.jpg', it was left as is. Did you mean '../../assets/tg/221/1.jpg'?
INFO    -  Doc file 'blog/posts/tg-223.md' contains an absolute link '/assets/tg/223/1.jpg', it was left as is. Did you mean '../../assets/tg/223/1.jpg'?
INFO    -  Doc file 'blog/posts/tg-223.md' contains an absolute link '/assets/tg/223/2.jpg', it was left as is. Did you mean '../../assets/tg/223/2.jpg'?
INFO    -  Doc file 'blog/posts/tg-223.md' contains an absolute link '/assets/tg/223/3.jpg', it was left as is. Did you mean '../../assets/tg/223/3.jpg'?
INFO    -  Doc file 'blog/posts/tg-223.md' contains an absolute link '/assets/tg/223/4.jpg', it was left as is. Did you mean '../../assets/tg/223/4.jpg'?
INFO    -  Doc file 'blog/posts/tg-223.md' contains an absolute link '/assets/tg/223/5.jpg', it was left as is. Did you mean '../../assets/tg/223/5.jpg'?
INFO    -  Doc file 'blog/posts/tg-223.md' contains an absolute link '/assets/tg/223/6.jpg', it was left as is. Did you mean '../../assets/tg/223/6.jpg'?
INFO    -  Doc file 'blog/posts/tg-223.md' contains an absolute link '/assets/tg/223/7.jpg', it was left as is. Did you mean '../../assets/tg/223/7.jpg'?
INFO    -  Doc file 'blog/posts/tg-223.md' contains an absolute link '/assets/tg/223/8.jpg', it was left as is. Did you mean '../../assets/tg/223/8.jpg'?
INFO    -  Doc file 'blog/posts/tg-232.md' contains an absolute link '/assets/tg/232/1.jpg', it was left as is. Did you mean '../../assets/tg/232/1.jpg'?
INFO    -  Doc file 'blog/posts/tg-237.md' contains an absolute link '/assets/tg/237/1.jpg', it was left as is. Did you mean '../../assets/tg/237/1.jpg'?
INFO    -  Doc file 'blog/posts/tg-240.md' contains an absolute link '/assets/tg/240/1.jpg', it was left as is. Did you mean '../../assets/tg/240/1.jpg'?
INFO    -  Doc file 'blog/posts/tg-242.md' contains an absolute link '/assets/tg/242/1.jpg', it was left as is. Did you mean '../../assets/tg/242/1.jpg'?
INFO    -  Doc file 'blog/posts/tg-242.md' contains an absolute link '/assets/tg/242/2.jpg', it was left as is. Did you mean '../../assets/tg/242/2.jpg'?
INFO    -  Doc file 'blog/posts/tg-244.md' contains an absolute link '/assets/tg/244/1.jpg', it was left as is. Did you mean '../../assets/tg/244/1.jpg'?
INFO    -  Doc file 'blog/posts/tg-244.md' contains an absolute link '/assets/tg/244/2.jpg', it was left as is. Did you mean '../../assets/tg/244/2.jpg'?
INFO    -  Doc file 'blog/posts/tg-246.md' contains an absolute link '/assets/tg/246/1.jpg', it was left as is. Did you mean '../../assets/tg/246/1.jpg'?
INFO    -  Doc file 'blog/posts/tg-246.md' contains an absolute link '/assets/tg/246/2.jpg', it was left as is. Did you mean '../../assets/tg/246/2.jpg'?
INFO    -  Doc file 'blog/posts/tg-248.md' contains an absolute link '/assets/tg/248/1.jpg', it was left as is. Did you mean '../../assets/tg/248/1.jpg'?
INFO    -  Doc file 'blog/posts/tg-249.md' contains an absolute link '/assets/tg/249/1.jpg', it was left as is. Did you mean '../../assets/tg/249/1.jpg'?
INFO    -  Doc file 'blog/posts/tg-250.md' contains an absolute link '/assets/tg/250/1.jpg', it was left as is. Did you mean '../../assets/tg/250/1.jpg'?
INFO    -  Doc file 'blog/posts/tg-251.md' contains an absolute link '/assets/tg/251/1.jpg', it was left as is. Did you mean '../../assets/tg/251/1.jpg'?
INFO    -  Doc file 'blog/posts/tg-253.md' contains an absolute link '/assets/tg/253/1.jpg', it was left as is. Did you mean '../../assets/tg/253/1.jpg'?
INFO    -  Doc file 'blog/posts/tg-254.md' contains an absolute link '/assets/tg/254/1.jpg', it was left as is. Did you mean '../../assets/tg/254/1.jpg'?
INFO    -  Doc file 'blog/posts/tg-255.md' contains an absolute link '/assets/tg/255/1.jpg', it was left as is. Did you mean '../../assets/tg/255/1.jpg'?
INFO    -  Doc file 'blog/posts/tg-256.md' contains an absolute link '/assets/tg/256/1.jpg', it was left as is. Did you mean '../../assets/tg/256/1.jpg'?
INFO    -  Doc file 'blog/posts/tg-259.md' contains an absolute link '/assets/tg/259/1.jpg', it was left as is. Did you mean '../../assets/tg/259/1.jpg'?
INFO    -  Doc file 'blog/posts/tg-260.md' contains an absolute link '/assets/tg/260/1.jpg', it was left as is. Did you mean '../../assets/tg/260/1.jpg'?
INFO    -  Doc file 'blog/posts/tg-261.md' contains an absolute link '/assets/tg/261/1.jpg', it was left as is. Did you mean '../../assets/tg/261/1.jpg'?
INFO    -  Doc file 'blog/posts/tg-261.md' contains an absolute link '/assets/tg/261/2.jpg', it was left as is. Did you mean '../../assets/tg/261/2.jpg'?
INFO    -  Doc file 'blog/posts/tg-261.md' contains an absolute link '/assets/tg/261/3.jpg', it was left as is. Did you mean '../../assets/tg/261/3.jpg'?
INFO    -  Doc file 'blog/posts/tg-261.md' contains an absolute link '/assets/tg/261/4.jpg', it was left as is. Did you mean '../../assets/tg/261/4.jpg'?
INFO    -  Doc file 'blog/posts/tg-267.md' contains an absolute link '/assets/tg/267/1.jpg', it was left as is. Did you mean '../../assets/tg/267/1.jpg'?
INFO    -  Doc file 'blog/posts/tg-269.md' contains an absolute link '/assets/tg/269/1.jpg', it was left as is. Did you mean '../../assets/tg/269/1.jpg'?
INFO    -  Doc file 'blog/posts/tg-270.md' contains an absolute link '/assets/tg/270/1.jpg', it was left as is. Did you mean '../../assets/tg/270/1.jpg'?
INFO    -  Doc file 'blog/posts/tg-271.md' contains an absolute link '/assets/tg/271/1.jpg', it was left as is. Did you mean '../../assets/tg/271/1.jpg'?
INFO    -  Doc file 'blog/posts/tg-276.md' contains an absolute link '/assets/tg/276/1.jpg', it was left as is. Did you mean '../../assets/tg/276/1.jpg'?
INFO    -  Doc file 'blog/posts/tg-277.md' contains an absolute link '/assets/tg/277/1.jpg', it was left as is. Did you mean '../../assets/tg/277/1.jpg'?
INFO    -  Doc file 'blog/posts/tg-278.md' contains an absolute link '/assets/tg/278/1.jpg', it was left as is. Did you mean '../../assets/tg/278/1.jpg'?
INFO    -  Doc file 'blog/posts/tg-281.md' contains an absolute link '/assets/tg/281/1.jpg', it was left as is. Did you mean '../../assets/tg/281/1.jpg'?
INFO    -  Doc file 'blog/posts/tg-282.md' contains an absolute link '/assets/tg/282/1.jpg', it was left as is. Did you mean '../../assets/tg/282/1.jpg'?
INFO    -  Doc file 'blog/posts/tg-292.md' contains an absolute link '/assets/tg/292/1.jpg', it was left as is. Did you mean '../../assets/tg/292/1.jpg'?
INFO    -  Doc file 'blog/posts/tg-294.md' contains an absolute link '/assets/tg/294/1.jpg', it was left as is. Did you mean '../../assets/tg/294/1.jpg'?
INFO    -  Doc file 'blog/posts/tg-294.md' contains an absolute link '/assets/tg/294/2.jpg', it was left as is. Did you mean '../../assets/tg/294/2.jpg'?
INFO    -  Doc file 'blog/posts/tg-296.md' contains an absolute link '/assets/tg/296/1.jpg', it was left as is. Did you mean '../../assets/tg/296/1.jpg'?
INFO    -  Doc file 'blog/posts/tg-296.md' contains an absolute link '/assets/tg/296/2.jpg', it was left as is. Did you mean '../../assets/tg/296/2.jpg'?
INFO    -  Doc file 'blog/posts/tg-296.md' contains an absolute link '/assets/tg/296/3.jpg', it was left as is. Did you mean '../../assets/tg/296/3.jpg'?
INFO    -  Doc file 'blog/posts/tg-299.md' contains an absolute link '/assets/tg/299/1.jpg', it was left as is. Did you mean '../../assets/tg/299/1.jpg'?
INFO    -  Doc file 'blog/posts/tg-3.md' contains an absolute link '/assets/tg/3/1.jpg', it was left as is. Did you mean '../../assets/tg/3/1.jpg'?
INFO    -  Doc file 'blog/posts/tg-307.md' contains an absolute link '/assets/tg/307/1.jpg', it was left as is. Did you mean '../../assets/tg/307/1.jpg'?
INFO    -  Doc file 'blog/posts/tg-312.md' contains an absolute link '/assets/tg/312/1.jpg', it was left as is. Did you mean '../../assets/tg/312/1.jpg'?
INFO    -  Doc file 'blog/posts/tg-314.md' contains an absolute link '/assets/tg/314/1.jpg', it was left as is. Did you mean '../../assets/tg/314/1.jpg'?
INFO    -  Doc file 'blog/posts/tg-318.md' contains an absolute link '/assets/tg/318/1.jpg', it was left as is. Did you mean '../../assets/tg/318/1.jpg'?
INFO    -  Doc file 'blog/posts/tg-318.md' contains an absolute link '/assets/tg/318/2.jpg', it was left as is. Did you mean '../../assets/tg/318/2.jpg'?
INFO    -  Doc file 'blog/posts/tg-318.md' contains an absolute link '/assets/tg/318/3.jpg', it was left as is. Did you mean '../../assets/tg/318/3.jpg'?
INFO    -  Doc file 'blog/posts/tg-32.md' contains an absolute link '/assets/tg/32/1.jpg', it was left as is. Did you mean '../../assets/tg/32/1.jpg'?
INFO    -  Doc file 'blog/posts/tg-32.md' contains an absolute link '/assets/tg/32/2.jpg', it was left as is. Did you mean '../../assets/tg/32/2.jpg'?
INFO    -  Doc file 'blog/posts/tg-32.md' contains an absolute link '/assets/tg/32/3.jpg', it was left as is. Did you mean '../../assets/tg/32/3.jpg'?
INFO    -  Doc file 'blog/posts/tg-32.md' contains an absolute link '/assets/tg/32/4.jpg', it was left as is. Did you mean '../../assets/tg/32/4.jpg'?
INFO    -  Doc file 'blog/posts/tg-321.md' contains an absolute link '/assets/tg/321/1.jpg', it was left as is. Did you mean '../../assets/tg/321/1.jpg'?
INFO    -  Doc file 'blog/posts/tg-325.md' contains an absolute link '/assets/tg/325/1.jpg', it was left as is. Did you mean '../../assets/tg/325/1.jpg'?
INFO    -  Doc file 'blog/posts/tg-326.md' contains an absolute link '/assets/tg/326/1.jpg', it was left as is. Did you mean '../../assets/tg/326/1.jpg'?
INFO    -  Doc file 'blog/posts/tg-326.md' contains an absolute link '/assets/tg/326/2.jpg', it was left as is. Did you mean '../../assets/tg/326/2.jpg'?
INFO    -  Doc file 'blog/posts/tg-326.md' contains an absolute link '/assets/tg/326/3.jpg', it was left as is. Did you mean '../../assets/tg/326/3.jpg'?
INFO    -  Doc file 'blog/posts/tg-326.md' contains an absolute link '/assets/tg/326/4.jpg', it was left as is. Did you mean '../../assets/tg/326/4.jpg'?
INFO    -  Doc file 'blog/posts/tg-331.md' contains an absolute link '/assets/tg/331/1.jpg', it was left as is. Did you mean '../../assets/tg/331/1.jpg'?
INFO    -  Doc file 'blog/posts/tg-332.md' contains an absolute link '/assets/tg/332/1.jpg', it was left as is. Did you mean '../../assets/tg/332/1.jpg'?
INFO    -  Doc file 'blog/posts/tg-333.md' contains an absolute link '/assets/tg/333/1.jpg', it was left as is. Did you mean '../../assets/tg/333/1.jpg'?
INFO    -  Doc file 'blog/posts/tg-4.md' contains an absolute link '/assets/tg/4/1.jpg', it was left as is. Did you mean '../../assets/tg/4/1.jpg'?
INFO    -  Doc file 'blog/posts/tg-45.md' contains an absolute link '/assets/tg/45/1.jpg', it was left as is. Did you mean '../../assets/tg/45/1.jpg'?
INFO    -  Doc file 'blog/posts/tg-46.md' contains an absolute link '/assets/tg/46/1.jpg', it was left as is. Did you mean '../../assets/tg/46/1.jpg'?
INFO    -  Doc file 'blog/posts/tg-47.md' contains an absolute link '/assets/tg/47/1.jpg', it was left as is. Did you mean '../../assets/tg/47/1.jpg'?
INFO    -  Doc file 'blog/posts/tg-48.md' contains an absolute link '/assets/tg/48/1.jpg', it was left as is. Did you mean '../../assets/tg/48/1.jpg'?
INFO    -  Doc file 'blog/posts/tg-49.md' contains an absolute link '/assets/tg/49/1.jpg', it was left as is. Did you mean '../../assets/tg/49/1.jpg'?
INFO    -  Doc file 'blog/posts/tg-5.md' contains an absolute link '/assets/tg/5/1.jpg', it was left as is. Did you mean '../../assets/tg/5/1.jpg'?
INFO    -  Doc file 'blog/posts/tg-51.md' contains an absolute link '/assets/tg/51/1.jpg', it was left as is. Did you mean '../../assets/tg/51/1.jpg'?
INFO    -  Doc file 'blog/posts/tg-52.md' contains an absolute link '/assets/tg/52/1.jpg', it was left as is. Did you mean '../../assets/tg/52/1.jpg'?
INFO    -  Doc file 'blog/posts/tg-55.md' contains an absolute link '/assets/tg/55/1.jpg', it was left as is. Did you mean '../../assets/tg/55/1.jpg'?
INFO    -  Doc file 'blog/posts/tg-56.md' contains an absolute link '/assets/tg/56/1.jpg', it was left as is. Did you mean '../../assets/tg/56/1.jpg'?
INFO    -  Doc file 'blog/posts/tg-58.md' contains an absolute link '/assets/tg/58/1.jpg', it was left as is. Did you mean '../../assets/tg/58/1.jpg'?
INFO    -  Doc file 'blog/posts/tg-59.md' contains an absolute link '/assets/tg/59/1.jpg', it was left as is. Did you mean '../../assets/tg/59/1.jpg'?
INFO    -  Doc file 'blog/posts/tg-60.md' contains an absolute link '/assets/tg/60/1.jpg', it was left as is. Did you mean '../../assets/tg/60/1.jpg'?
INFO    -  Doc file 'blog/posts/tg-62.md' contains an absolute link '/assets/tg/62/1.jpg', it was left as is. Did you mean '../../assets/tg/62/1.jpg'?
INFO    -  Doc file 'blog/posts/tg-63.md' contains an absolute link '/assets/tg/63/1.jpg', it was left as is. Did you mean '../../assets/tg/63/1.jpg'?
INFO    -  Doc file 'blog/posts/tg-63.md' contains an absolute link '/assets/tg/63/2.jpg', it was left as is. Did you mean '../../assets/tg/63/2.jpg'?
INFO    -  Doc file 'blog/posts/tg-65.md' contains an absolute link '/assets/tg/65/1.jpg', it was left as is. Did you mean '../../assets/tg/65/1.jpg'?
INFO    -  Doc file 'blog/posts/tg-67.md' contains an absolute link '/assets/tg/67/1.jpg', it was left as is. Did you mean '../../assets/tg/67/1.jpg'?
INFO    -  Doc file 'blog/posts/tg-67.md' contains an absolute link '/assets/tg/67/2.jpg', it was left as is. Did you mean '../../assets/tg/67/2.jpg'?
INFO    -  Doc file 'blog/posts/tg-69.md' contains an absolute link '/assets/tg/69/1.jpg', it was left as is. Did you mean '../../assets/tg/69/1.jpg'?
INFO    -  Doc file 'blog/posts/tg-7.md' contains an absolute link '/assets/tg/7/1.jpg', it was left as is. Did you mean '../../assets/tg/7/1.jpg'?
INFO    -  Doc file 'blog/posts/tg-70.md' contains an absolute link '/assets/tg/70/1.jpg', it was left as is. Did you mean '../../assets/tg/70/1.jpg'?
INFO    -  Doc file 'blog/posts/tg-71.md' contains an absolute link '/assets/tg/71/1.jpg', it was left as is. Did you mean '../../assets/tg/71/1.jpg'?
INFO    -  Doc file 'blog/posts/tg-72.md' contains an absolute link '/assets/tg/72/1.jpg', it was left as is. Did you mean '../../assets/tg/72/1.jpg'?
INFO    -  Doc file 'blog/posts/tg-73.md' contains an absolute link '/assets/tg/73/1.jpg', it was left as is. Did you mean '../../assets/tg/73/1.jpg'?
INFO    -  Doc file 'blog/posts/tg-73.md' contains an absolute link '/assets/tg/73/2.jpg', it was left as is. Did you mean '../../assets/tg/73/2.jpg'?
INFO    -  Doc file 'blog/posts/tg-75.md' contains an absolute link '/assets/tg/75/1.jpg', it was left as is. Did you mean '../../assets/tg/75/1.jpg'?
INFO    -  Doc file 'blog/posts/tg-75.md' contains an absolute link '/assets/tg/75/2.jpg', it was left as is. Did you mean '../../assets/tg/75/2.jpg'?
INFO    -  Doc file 'blog/posts/tg-77.md' contains an absolute link '/assets/tg/77/1.jpg', it was left as is. Did you mean '../../assets/tg/77/1.jpg'?
INFO    -  Doc file 'blog/posts/tg-77.md' contains an absolute link '/assets/tg/77/2.jpg', it was left as is. Did you mean '../../assets/tg/77/2.jpg'?
INFO    -  Doc file 'blog/posts/tg-8.md' contains an absolute link '/assets/tg/8/1.jpg', it was left as is. Did you mean '../../assets/tg/8/1.jpg'?
INFO    -  Doc file 'blog/posts/tg-8.md' contains an absolute link '/assets/tg/8/2.jpg', it was left as is. Did you mean '../../assets/tg/8/2.jpg'?
INFO    -  Doc file 'blog/posts/tg-80.md' contains an absolute link '/assets/tg/80/1.jpg', it was left as is. Did you mean '../../assets/tg/80/1.jpg'?
INFO    -  Doc file 'blog/posts/tg-81.md' contains an absolute link '/assets/tg/81/1.jpg', it was left as is. Did you mean '../../assets/tg/81/1.jpg'?
INFO    -  Doc file 'blog/posts/tg-82.md' contains an absolute link '/assets/tg/82/1.jpg', it was left as is. Did you mean '../../assets/tg/82/1.jpg'?
INFO    -  Doc file 'blog/posts/tg-82.md' contains an absolute link '/assets/tg/82/2.jpg', it was left as is. Did you mean '../../assets/tg/82/2.jpg'?
INFO    -  Doc file 'blog/posts/tg-85.md' contains an absolute link '/assets/tg/85/1.jpg', it was left as is. Did you mean '../../assets/tg/85/1.jpg'?
INFO    -  Doc file 'blog/posts/tg-86.md' contains an absolute link '/assets/tg/86/1.jpg', it was left as is. Did you mean '../../assets/tg/86/1.jpg'?
INFO    -  Doc file 'blog/posts/tg-86.md' contains an absolute link '/assets/tg/86/2.jpg', it was left as is. Did you mean '../../assets/tg/86/2.jpg'?
INFO    -  Doc file 'blog/posts/tg-88.md' contains an absolute link '/assets/tg/88/1.jpg', it was left as is. Did you mean '../../assets/tg/88/1.jpg'?
INFO    -  Doc file 'blog/posts/tg-89.md' contains an absolute link '/assets/tg/89/1.jpg', it was left as is. Did you mean '../../assets/tg/89/1.jpg'?
INFO    -  Doc file 'blog/posts/tg-90.md' contains an absolute link '/assets/tg/90/1.jpg', it was left as is. Did you mean '../../assets/tg/90/1.jpg'?
INFO    -  Doc file 'blog/posts/tg-91.md' contains an absolute link '/assets/tg/91/1.jpg', it was left as is. Did you mean '../../assets/tg/91/1.jpg'?
INFO    -  Doc file 'blog/posts/tg-93.md' contains an absolute link '/assets/tg/93/1.jpg', it was left as is. Did you mean '../../assets/tg/93/1.jpg'?
INFO    -  Doc file 'blog/posts/tg-95.md' contains an absolute link '/assets/tg/95/1.jpg', it was left as is. Did you mean '../../assets/tg/95/1.jpg'?
INFO    -  Doc file 'blog/posts/tg-95.md' contains an absolute link '/assets/tg/95/2.jpg', it was left as is. Did you mean '../../assets/tg/95/2.jpg'?
INFO    -  Doc file 'blog/posts/tg-95.md' contains an absolute link '/assets/tg/95/3.jpg', it was left as is. Did you mean '../../assets/tg/95/3.jpg'?
INFO    -  Doc file 'blog/posts/tg-95.md' contains an absolute link '/assets/tg/95/4.jpg', it was left as is. Did you mean '../../assets/tg/95/4.jpg'?
Building prefix dict from the default dictionary ...
Loading model from cache C:\Users\ZL\AppData\Local\Temp\jieba.cache
Loading model cost 0.358 seconds.
Prefix dict has been built successfully.
INFO    -  Documentation built in 3.14 seconds
待部署文件：590
Read from remote host bffc302bbe83.ofalias.com: Connection reset by peer
client_loop: send disconnect: Connection reset by peer
tar: -: Cannot write: Broken pipe
tar: Error is not recoverable: exiting now
!! X99 增量部署失败
warning: in the working copy of 'scripts/.sync.log', CRLF will be replaced by LF the next time Git touches it
已推送到 GitHub
=== 2026-10-07 02:08:33 完成 ===
=== 2026-10-07 02:08:54 同步开始 ===
已知帖子 15 条，开始抓取（增量）
  page 1   315..334  new=15
  已追上已知帖子，停止翻页
抓到 15 条 -> 合并后 15 条（0 条为同段聚合）
新增 0 / 更新 3 / 跳过 12 | 媒体 0 张 0.0 MB | 视频 17.1 MB
reaction 播种 125 条帖子 -> scripts/tg-reactions-seed.json
待确认分类 188 条 -> scripts/tg-review.md
reaction 播种完成：0 项（服务器现有 126 个帖子）

 │  ⚠  Warning from the Material for MkDocs team
 │
 │  MkDocs 2.0, the underlying framework of Material for MkDocs,
 │  will introduce backward-incompatible changes, including:
 │
 │  × All plugins will stop working – the plugin system has been removed
 │  × All theme overrides will break – the theming system has been rewritten
 │  × No migration path exists – existing projects cannot be upgraded
 │  × Closed contribution model – community members can't report bugs
 │  × Currently unlicensed – unsuitable for production use
 │
 │  Our full analysis:
 │
 │  https://squidfunk.github.io/mkdocs-material/blog/2026/02/18/mkdocs-2.0/

INFO    -  Cleaning site directory
INFO    -  Building documentation to directory: C:\Users\ZL\Documents\ZL114514.github.io\docs
INFO    -  Doc file 'blog/posts/tg-100.md' contains an absolute link '/assets/tg/100/1.jpg', it was left as is. Did you mean '../../assets/tg/100/1.jpg'?
INFO    -  Doc file 'blog/posts/tg-101.md' contains an absolute link '/assets/tg/101/1.jpg', it was left as is. Did you mean '../../assets/tg/101/1.jpg'?
INFO    -  Doc file 'blog/posts/tg-102.md' contains an absolute link '/assets/tg/102/1.jpg', it was left as is. Did you mean '../../assets/tg/102/1.jpg'?
INFO    -  Doc file 'blog/posts/tg-103.md' contains an absolute link '/assets/tg/103/1.jpg', it was left as is. Did you mean '../../assets/tg/103/1.jpg'?
INFO    -  Doc file 'blog/posts/tg-103.md' contains an absolute link '/assets/tg/103/2.jpg', it was left as is. Did you mean '../../assets/tg/103/2.jpg'?
INFO    -  Doc file 'blog/posts/tg-109.md' contains an absolute link '/assets/tg/109/1.jpg', it was left as is. Did you mean '../../assets/tg/109/1.jpg'?
INFO    -  Doc file 'blog/posts/tg-111.md' contains an absolute link '/assets/tg/111/1.jpg', it was left as is. Did you mean '../../assets/tg/111/1.jpg'?
INFO    -  Doc file 'blog/posts/tg-120.md' contains an absolute link '/assets/tg/120/1.jpg', it was left as is. Did you mean '../../assets/tg/120/1.jpg'?
INFO    -  Doc file 'blog/posts/tg-122.md' contains an absolute link '/assets/tg/122/1.jpg', it was left as is. Did you mean '../../assets/tg/122/1.jpg'?
INFO    -  Doc file 'blog/posts/tg-129.md' contains an absolute link '/assets/tg/129/1.jpg', it was left as is. Did you mean '../../assets/tg/129/1.jpg'?
INFO    -  Doc file 'blog/posts/tg-13.md' contains an absolute link '/assets/tg/13/1.jpg', it was left as is. Did you mean '../../assets/tg/13/1.jpg'?
INFO    -  Doc file 'blog/posts/tg-13.md' contains an absolute link '/assets/tg/13/2.jpg', it was left as is. Did you mean '../../assets/tg/13/2.jpg'?
INFO    -  Doc file 'blog/posts/tg-131.md' contains an absolute link '/assets/tg/131/1.jpg', it was left as is. Did you mean '../../assets/tg/131/1.jpg'?
INFO    -  Doc file 'blog/posts/tg-132.md' contains an absolute link '/assets/tg/132/1.jpg', it was left as is. Did you mean '../../assets/tg/132/1.jpg'?
INFO    -  Doc file 'blog/posts/tg-133.md' contains an absolute link '/assets/tg/133/1.jpg', it was left as is. Did you mean '../../assets/tg/133/1.jpg'?
INFO    -  Doc file 'blog/posts/tg-134.md' contains an absolute link '/assets/tg/134/1.jpg', it was left as is. Did you mean '../../assets/tg/134/1.jpg'?
INFO    -  Doc file 'blog/posts/tg-141.md' contains an absolute link '/assets/tg/141/1.jpg', it was left as is. Did you mean '../../assets/tg/141/1.jpg'?
INFO    -  Doc file 'blog/posts/tg-141.md' contains an absolute link '/assets/tg/141/2.jpg', it was left as is. Did you mean '../../assets/tg/141/2.jpg'?
INFO    -  Doc file 'blog/posts/tg-143.md' contains an absolute link '/assets/tg/143/1.jpg', it was left as is. Did you mean '../../assets/tg/143/1.jpg'?
INFO    -  Doc file 'blog/posts/tg-154.md' contains an absolute link '/assets/tg/154/1.jpg', it was left as is. Did you mean '../../assets/tg/154/1.jpg'?
INFO    -  Doc file 'blog/posts/tg-155.md' contains an absolute link '/assets/tg/155/1.jpg', it was left as is. Did you mean '../../assets/tg/155/1.jpg'?
INFO    -  Doc file 'blog/posts/tg-156.md' contains an absolute link '/assets/tg/156/1.jpg', it was left as is. Did you mean '../../assets/tg/156/1.jpg'?
INFO    -  Doc file 'blog/posts/tg-157.md' contains an absolute link '/assets/tg/157/1.jpg', it was left as is. Did you mean '../../assets/tg/157/1.jpg'?
INFO    -  Doc file 'blog/posts/tg-157.md' contains an absolute link '/assets/tg/157/2.jpg', it was left as is. Did you mean '../../assets/tg/157/2.jpg'?
INFO    -  Doc file 'blog/posts/tg-162.md' contains an absolute link '/assets/tg/162/1.jpg', it was left as is. Did you mean '../../assets/tg/162/1.jpg'?
INFO    -  Doc file 'blog/posts/tg-162.md' contains an absolute link '/assets/tg/162/2.jpg', it was left as is. Did you mean '../../assets/tg/162/2.jpg'?
INFO    -  Doc file 'blog/posts/tg-164.md' contains an absolute link '/assets/tg/164/1.jpg', it was left as is. Did you mean '../../assets/tg/164/1.jpg'?
INFO    -  Doc file 'blog/posts/tg-165.md' contains an absolute link '/assets/tg/165/1.jpg', it was left as is. Did you mean '../../assets/tg/165/1.jpg'?
INFO    -  Doc file 'blog/posts/tg-167.md' contains an absolute link '/assets/tg/167/1.jpg', it was left as is. Did you mean '../../assets/tg/167/1.jpg'?
INFO    -  Doc file 'blog/posts/tg-168.md' contains an absolute link '/assets/tg/168/1.jpg', it was left as is. Did you mean '../../assets/tg/168/1.jpg'?
INFO    -  Doc file 'blog/posts/tg-17.md' contains an absolute link '/assets/tg/17/1.jpg', it was left as is. Did you mean '../../assets/tg/17/1.jpg'?
INFO    -  Doc file 'blog/posts/tg-18.md' contains an absolute link '/assets/tg/18/1.jpg', it was left as is. Did you mean '../../assets/tg/18/1.jpg'?
INFO    -  Doc file 'blog/posts/tg-180.md' contains an absolute link '/assets/tg/180/1.jpg', it was left as is. Did you mean '../../assets/tg/180/1.jpg'?
INFO    -  Doc file 'blog/posts/tg-180.md' contains an absolute link '/assets/tg/180/2.jpg', it was left as is. Did you mean '../../assets/tg/180/2.jpg'?
INFO    -  Doc file 'blog/posts/tg-184.md' contains an absolute link '/assets/tg/184/1.jpg', it was left as is. Did you mean '../../assets/tg/184/1.jpg'?
INFO    -  Doc file 'blog/posts/tg-186.md' contains an absolute link '/assets/tg/186/1.jpg', it was left as is. Did you mean '../../assets/tg/186/1.jpg'?
INFO    -  Doc file 'blog/posts/tg-187.md' contains an absolute link '/assets/tg/187/1.jpg', it was left as is. Did you mean '../../assets/tg/187/1.jpg'?
INFO    -  Doc file 'blog/posts/tg-187.md' contains an absolute link '/assets/tg/187/2.jpg', it was left as is. Did you mean '../../assets/tg/187/2.jpg'?
INFO    -  Doc file 'blog/posts/tg-19.md' contains an absolute link '/assets/tg/19/1.jpg', it was left as is. Did you mean '../../assets/tg/19/1.jpg'?
INFO    -  Doc file 'blog/posts/tg-190.md' contains an absolute link '/assets/tg/190/1.jpg', it was left as is. Did you mean '../../assets/tg/190/1.jpg'?
INFO    -  Doc file 'blog/posts/tg-191.md' contains an absolute link '/assets/tg/191/1.jpg', it was left as is. Did you mean '../../assets/tg/191/1.jpg'?
INFO    -  Doc file 'blog/posts/tg-202.md' contains an absolute link '/assets/tg/202/1.jpg', it was left as is. Did you mean '../../assets/tg/202/1.jpg'?
INFO    -  Doc file 'blog/posts/tg-206.md' contains an absolute link '/assets/tg/206/1.jpg', it was left as is. Did you mean '../../assets/tg/206/1.jpg'?
INFO    -  Doc file 'blog/posts/tg-208.md' contains an absolute link '/assets/tg/208/1.jpg', it was left as is. Did you mean '../../assets/tg/208/1.jpg'?
INFO    -  Doc file 'blog/posts/tg-21.md' contains an absolute link '/assets/tg/21/1.jpg', it was left as is. Did you mean '../../assets/tg/21/1.jpg'?
INFO    -  Doc file 'blog/posts/tg-210.md' contains an absolute link '/assets/tg/210/1.jpg', it was left as is. Did you mean '../../assets/tg/210/1.jpg'?
INFO    -  Doc file 'blog/posts/tg-210.md' contains an absolute link '/assets/tg/210/2.jpg', it was left as is. Did you mean '../../assets/tg/210/2.jpg'?
INFO    -  Doc file 'blog/posts/tg-210.md' contains an absolute link '/assets/tg/210/3.jpg', it was left as is. Did you mean '../../assets/tg/210/3.jpg'?
INFO    -  Doc file 'blog/posts/tg-213.md' contains an absolute link '/assets/tg/213/1.jpg', it was left as is. Did you mean '../../assets/tg/213/1.jpg'?
INFO    -  Doc file 'blog/posts/tg-215.md' contains an absolute link '/assets/tg/215/1.jpg', it was left as is. Did you mean '../../assets/tg/215/1.jpg'?
INFO    -  Doc file 'blog/posts/tg-216.md' contains an absolute link '/assets/tg/216/1.jpg', it was left as is. Did you mean '../../assets/tg/216/1.jpg'?
INFO    -  Doc file 'blog/posts/tg-216.md' contains an absolute link '/assets/tg/216/2.jpg', it was left as is. Did you mean '../../assets/tg/216/2.jpg'?
INFO    -  Doc file 'blog/posts/tg-218.md' contains an absolute link '/assets/tg/218/1.jpg', it was left as is. Did you mean '../../assets/tg/218/1.jpg'?
INFO    -  Doc file 'blog/posts/tg-219.md' contains an absolute link '/assets/tg/219/1.jpg', it was left as is. Did you mean '../../assets/tg/219/1.jpg'?
INFO    -  Doc file 'blog/posts/tg-220.md' contains an absolute link '/assets/tg/220/1.jpg', it was left as is. Did you mean '../../assets/tg/220/1.jpg'?
INFO    -  Doc file 'blog/posts/tg-221.md' contains an absolute link '/assets/tg/221/1.jpg', it was left as is. Did you mean '../../assets/tg/221/1.jpg'?
INFO    -  Doc file 'blog/posts/tg-223.md' contains an absolute link '/assets/tg/223/1.jpg', it was left as is. Did you mean '../../assets/tg/223/1.jpg'?
INFO    -  Doc file 'blog/posts/tg-223.md' contains an absolute link '/assets/tg/223/2.jpg', it was left as is. Did you mean '../../assets/tg/223/2.jpg'?
INFO    -  Doc file 'blog/posts/tg-223.md' contains an absolute link '/assets/tg/223/3.jpg', it was left as is. Did you mean '../../assets/tg/223/3.jpg'?
INFO    -  Doc file 'blog/posts/tg-223.md' contains an absolute link '/assets/tg/223/4.jpg', it was left as is. Did you mean '../../assets/tg/223/4.jpg'?
INFO    -  Doc file 'blog/posts/tg-223.md' contains an absolute link '/assets/tg/223/5.jpg', it was left as is. Did you mean '../../assets/tg/223/5.jpg'?
INFO    -  Doc file 'blog/posts/tg-223.md' contains an absolute link '/assets/tg/223/6.jpg', it was left as is. Did you mean '../../assets/tg/223/6.jpg'?
INFO    -  Doc file 'blog/posts/tg-223.md' contains an absolute link '/assets/tg/223/7.jpg', it was left as is. Did you mean '../../assets/tg/223/7.jpg'?
INFO    -  Doc file 'blog/posts/tg-223.md' contains an absolute link '/assets/tg/223/8.jpg', it was left as is. Did you mean '../../assets/tg/223/8.jpg'?
INFO    -  Doc file 'blog/posts/tg-232.md' contains an absolute link '/assets/tg/232/1.jpg', it was left as is. Did you mean '../../assets/tg/232/1.jpg'?
INFO    -  Doc file 'blog/posts/tg-237.md' contains an absolute link '/assets/tg/237/1.jpg', it was left as is. Did you mean '../../assets/tg/237/1.jpg'?
INFO    -  Doc file 'blog/posts/tg-240.md' contains an absolute link '/assets/tg/240/1.jpg', it was left as is. Did you mean '../../assets/tg/240/1.jpg'?
INFO    -  Doc file 'blog/posts/tg-242.md' contains an absolute link '/assets/tg/242/1.jpg', it was left as is. Did you mean '../../assets/tg/242/1.jpg'?
INFO    -  Doc file 'blog/posts/tg-242.md' contains an absolute link '/assets/tg/242/2.jpg', it was left as is. Did you mean '../../assets/tg/242/2.jpg'?
INFO    -  Doc file 'blog/posts/tg-244.md' contains an absolute link '/assets/tg/244/1.jpg', it was left as is. Did you mean '../../assets/tg/244/1.jpg'?
INFO    -  Doc file 'blog/posts/tg-244.md' contains an absolute link '/assets/tg/244/2.jpg', it was left as is. Did you mean '../../assets/tg/244/2.jpg'?
INFO    -  Doc file 'blog/posts/tg-246.md' contains an absolute link '/assets/tg/246/1.jpg', it was left as is. Did you mean '../../assets/tg/246/1.jpg'?
INFO    -  Doc file 'blog/posts/tg-246.md' contains an absolute link '/assets/tg/246/2.jpg', it was left as is. Did you mean '../../assets/tg/246/2.jpg'?
INFO    -  Doc file 'blog/posts/tg-248.md' contains an absolute link '/assets/tg/248/1.jpg', it was left as is. Did you mean '../../assets/tg/248/1.jpg'?
INFO    -  Doc file 'blog/posts/tg-249.md' contains an absolute link '/assets/tg/249/1.jpg', it was left as is. Did you mean '../../assets/tg/249/1.jpg'?
INFO    -  Doc file 'blog/posts/tg-250.md' contains an absolute link '/assets/tg/250/1.jpg', it was left as is. Did you mean '../../assets/tg/250/1.jpg'?
INFO    -  Doc file 'blog/posts/tg-251.md' contains an absolute link '/assets/tg/251/1.jpg', it was left as is. Did you mean '../../assets/tg/251/1.jpg'?
INFO    -  Doc file 'blog/posts/tg-253.md' contains an absolute link '/assets/tg/253/1.jpg', it was left as is. Did you mean '../../assets/tg/253/1.jpg'?
INFO    -  Doc file 'blog/posts/tg-254.md' contains an absolute link '/assets/tg/254/1.jpg', it was left as is. Did you mean '../../assets/tg/254/1.jpg'?
INFO    -  Doc file 'blog/posts/tg-255.md' contains an absolute link '/assets/tg/255/1.jpg', it was left as is. Did you mean '../../assets/tg/255/1.jpg'?
INFO    -  Doc file 'blog/posts/tg-256.md' contains an absolute link '/assets/tg/256/1.jpg', it was left as is. Did you mean '../../assets/tg/256/1.jpg'?
INFO    -  Doc file 'blog/posts/tg-259.md' contains an absolute link '/assets/tg/259/1.jpg', it was left as is. Did you mean '../../assets/tg/259/1.jpg'?
INFO    -  Doc file 'blog/posts/tg-260.md' contains an absolute link '/assets/tg/260/1.jpg', it was left as is. Did you mean '../../assets/tg/260/1.jpg'?
INFO    -  Doc file 'blog/posts/tg-261.md' contains an absolute link '/assets/tg/261/1.jpg', it was left as is. Did you mean '../../assets/tg/261/1.jpg'?
INFO    -  Doc file 'blog/posts/tg-261.md' contains an absolute link '/assets/tg/261/2.jpg', it was left as is. Did you mean '../../assets/tg/261/2.jpg'?
INFO    -  Doc file 'blog/posts/tg-261.md' contains an absolute link '/assets/tg/261/3.jpg', it was left as is. Did you mean '../../assets/tg/261/3.jpg'?
INFO    -  Doc file 'blog/posts/tg-261.md' contains an absolute link '/assets/tg/261/4.jpg', it was left as is. Did you mean '../../assets/tg/261/4.jpg'?
INFO    -  Doc file 'blog/posts/tg-267.md' contains an absolute link '/assets/tg/267/1.jpg', it was left as is. Did you mean '../../assets/tg/267/1.jpg'?
INFO    -  Doc file 'blog/posts/tg-269.md' contains an absolute link '/assets/tg/269/1.jpg', it was left as is. Did you mean '../../assets/tg/269/1.jpg'?
INFO    -  Doc file 'blog/posts/tg-270.md' contains an absolute link '/assets/tg/270/1.jpg', it was left as is. Did you mean '../../assets/tg/270/1.jpg'?
INFO    -  Doc file 'blog/posts/tg-271.md' contains an absolute link '/assets/tg/271/1.jpg', it was left as is. Did you mean '../../assets/tg/271/1.jpg'?
INFO    -  Doc file 'blog/posts/tg-276.md' contains an absolute link '/assets/tg/276/1.jpg', it was left as is. Did you mean '../../assets/tg/276/1.jpg'?
INFO    -  Doc file 'blog/posts/tg-277.md' contains an absolute link '/assets/tg/277/1.jpg', it was left as is. Did you mean '../../assets/tg/277/1.jpg'?
INFO    -  Doc file 'blog/posts/tg-278.md' contains an absolute link '/assets/tg/278/1.jpg', it was left as is. Did you mean '../../assets/tg/278/1.jpg'?
INFO    -  Doc file 'blog/posts/tg-281.md' contains an absolute link '/assets/tg/281/1.jpg', it was left as is. Did you mean '../../assets/tg/281/1.jpg'?
INFO    -  Doc file 'blog/posts/tg-282.md' contains an absolute link '/assets/tg/282/1.jpg', it was left as is. Did you mean '../../assets/tg/282/1.jpg'?
INFO    -  Doc file 'blog/posts/tg-292.md' contains an absolute link '/assets/tg/292/1.jpg', it was left as is. Did you mean '../../assets/tg/292/1.jpg'?
INFO    -  Doc file 'blog/posts/tg-294.md' contains an absolute link '/assets/tg/294/1.jpg', it was left as is. Did you mean '../../assets/tg/294/1.jpg'?
INFO    -  Doc file 'blog/posts/tg-294.md' contains an absolute link '/assets/tg/294/2.jpg', it was left as is. Did you mean '../../assets/tg/294/2.jpg'?
INFO    -  Doc file 'blog/posts/tg-296.md' contains an absolute link '/assets/tg/296/1.jpg', it was left as is. Did you mean '../../assets/tg/296/1.jpg'?
INFO    -  Doc file 'blog/posts/tg-296.md' contains an absolute link '/assets/tg/296/2.jpg', it was left as is. Did you mean '../../assets/tg/296/2.jpg'?
INFO    -  Doc file 'blog/posts/tg-296.md' contains an absolute link '/assets/tg/296/3.jpg', it was left as is. Did you mean '../../assets/tg/296/3.jpg'?
INFO    -  Doc file 'blog/posts/tg-299.md' contains an absolute link '/assets/tg/299/1.jpg', it was left as is. Did you mean '../../assets/tg/299/1.jpg'?
INFO    -  Doc file 'blog/posts/tg-3.md' contains an absolute link '/assets/tg/3/1.jpg', it was left as is. Did you mean '../../assets/tg/3/1.jpg'?
INFO    -  Doc file 'blog/posts/tg-307.md' contains an absolute link '/assets/tg/307/1.jpg', it was left as is. Did you mean '../../assets/tg/307/1.jpg'?
INFO    -  Doc file 'blog/posts/tg-312.md' contains an absolute link '/assets/tg/312/1.jpg', it was left as is. Did you mean '../../assets/tg/312/1.jpg'?
INFO    -  Doc file 'blog/posts/tg-314.md' contains an absolute link '/assets/tg/314/1.jpg', it was left as is. Did you mean '../../assets/tg/314/1.jpg'?
INFO    -  Doc file 'blog/posts/tg-318.md' contains an absolute link '/assets/tg/318/1.jpg', it was left as is. Did you mean '../../assets/tg/318/1.jpg'?
INFO    -  Doc file 'blog/posts/tg-318.md' contains an absolute link '/assets/tg/318/2.jpg', it was left as is. Did you mean '../../assets/tg/318/2.jpg'?
INFO    -  Doc file 'blog/posts/tg-318.md' contains an absolute link '/assets/tg/318/3.jpg', it was left as is. Did you mean '../../assets/tg/318/3.jpg'?
INFO    -  Doc file 'blog/posts/tg-32.md' contains an absolute link '/assets/tg/32/1.jpg', it was left as is. Did you mean '../../assets/tg/32/1.jpg'?
INFO    -  Doc file 'blog/posts/tg-32.md' contains an absolute link '/assets/tg/32/2.jpg', it was left as is. Did you mean '../../assets/tg/32/2.jpg'?
INFO    -  Doc file 'blog/posts/tg-32.md' contains an absolute link '/assets/tg/32/3.jpg', it was left as is. Did you mean '../../assets/tg/32/3.jpg'?
INFO    -  Doc file 'blog/posts/tg-32.md' contains an absolute link '/assets/tg/32/4.jpg', it was left as is. Did you mean '../../assets/tg/32/4.jpg'?
INFO    -  Doc file 'blog/posts/tg-321.md' contains an absolute link '/assets/tg/321/1.jpg', it was left as is. Did you mean '../../assets/tg/321/1.jpg'?
INFO    -  Doc file 'blog/posts/tg-325.md' contains an absolute link '/assets/tg/325/1.jpg', it was left as is. Did you mean '../../assets/tg/325/1.jpg'?
INFO    -  Doc file 'blog/posts/tg-326.md' contains an absolute link '/assets/tg/326/1.jpg', it was left as is. Did you mean '../../assets/tg/326/1.jpg'?
INFO    -  Doc file 'blog/posts/tg-326.md' contains an absolute link '/assets/tg/326/2.jpg', it was left as is. Did you mean '../../assets/tg/326/2.jpg'?
INFO    -  Doc file 'blog/posts/tg-326.md' contains an absolute link '/assets/tg/326/3.jpg', it was left as is. Did you mean '../../assets/tg/326/3.jpg'?
INFO    -  Doc file 'blog/posts/tg-326.md' contains an absolute link '/assets/tg/326/4.jpg', it was left as is. Did you mean '../../assets/tg/326/4.jpg'?
INFO    -  Doc file 'blog/posts/tg-331.md' contains an absolute link '/assets/tg/331/1.jpg', it was left as is. Did you mean '../../assets/tg/331/1.jpg'?
INFO    -  Doc file 'blog/posts/tg-332.md' contains an absolute link '/assets/tg/332/1.jpg', it was left as is. Did you mean '../../assets/tg/332/1.jpg'?
INFO    -  Doc file 'blog/posts/tg-333.md' contains an absolute link '/assets/tg/333/1.jpg', it was left as is. Did you mean '../../assets/tg/333/1.jpg'?
INFO    -  Doc file 'blog/posts/tg-4.md' contains an absolute link '/assets/tg/4/1.jpg', it was left as is. Did you mean '../../assets/tg/4/1.jpg'?
INFO    -  Doc file 'blog/posts/tg-45.md' contains an absolute link '/assets/tg/45/1.jpg', it was left as is. Did you mean '../../assets/tg/45/1.jpg'?
INFO    -  Doc file 'blog/posts/tg-46.md' contains an absolute link '/assets/tg/46/1.jpg', it was left as is. Did you mean '../../assets/tg/46/1.jpg'?
INFO    -  Doc file 'blog/posts/tg-47.md' contains an absolute link '/assets/tg/47/1.jpg', it was left as is. Did you mean '../../assets/tg/47/1.jpg'?
INFO    -  Doc file 'blog/posts/tg-48.md' contains an absolute link '/assets/tg/48/1.jpg', it was left as is. Did you mean '../../assets/tg/48/1.jpg'?
INFO    -  Doc file 'blog/posts/tg-49.md' contains an absolute link '/assets/tg/49/1.jpg', it was left as is. Did you mean '../../assets/tg/49/1.jpg'?
INFO    -  Doc file 'blog/posts/tg-5.md' contains an absolute link '/assets/tg/5/1.jpg', it was left as is. Did you mean '../../assets/tg/5/1.jpg'?
INFO    -  Doc file 'blog/posts/tg-51.md' contains an absolute link '/assets/tg/51/1.jpg', it was left as is. Did you mean '../../assets/tg/51/1.jpg'?
INFO    -  Doc file 'blog/posts/tg-52.md' contains an absolute link '/assets/tg/52/1.jpg', it was left as is. Did you mean '../../assets/tg/52/1.jpg'?
INFO    -  Doc file 'blog/posts/tg-55.md' contains an absolute link '/assets/tg/55/1.jpg', it was left as is. Did you mean '../../assets/tg/55/1.jpg'?
INFO    -  Doc file 'blog/posts/tg-56.md' contains an absolute link '/assets/tg/56/1.jpg', it was left as is. Did you mean '../../assets/tg/56/1.jpg'?
INFO    -  Doc file 'blog/posts/tg-58.md' contains an absolute link '/assets/tg/58/1.jpg', it was left as is. Did you mean '../../assets/tg/58/1.jpg'?
INFO    -  Doc file 'blog/posts/tg-59.md' contains an absolute link '/assets/tg/59/1.jpg', it was left as is. Did you mean '../../assets/tg/59/1.jpg'?
INFO    -  Doc file 'blog/posts/tg-60.md' contains an absolute link '/assets/tg/60/1.jpg', it was left as is. Did you mean '../../assets/tg/60/1.jpg'?
INFO    -  Doc file 'blog/posts/tg-62.md' contains an absolute link '/assets/tg/62/1.jpg', it was left as is. Did you mean '../../assets/tg/62/1.jpg'?
INFO    -  Doc file 'blog/posts/tg-63.md' contains an absolute link '/assets/tg/63/1.jpg', it was left as is. Did you mean '../../assets/tg/63/1.jpg'?
INFO    -  Doc file 'blog/posts/tg-63.md' contains an absolute link '/assets/tg/63/2.jpg', it was left as is. Did you mean '../../assets/tg/63/2.jpg'?
INFO    -  Doc file 'blog/posts/tg-65.md' contains an absolute link '/assets/tg/65/1.jpg', it was left as is. Did you mean '../../assets/tg/65/1.jpg'?
INFO    -  Doc file 'blog/posts/tg-67.md' contains an absolute link '/assets/tg/67/1.jpg', it was left as is. Did you mean '../../assets/tg/67/1.jpg'?
INFO    -  Doc file 'blog/posts/tg-67.md' contains an absolute link '/assets/tg/67/2.jpg', it was left as is. Did you mean '../../assets/tg/67/2.jpg'?
INFO    -  Doc file 'blog/posts/tg-69.md' contains an absolute link '/assets/tg/69/1.jpg', it was left as is. Did you mean '../../assets/tg/69/1.jpg'?
INFO    -  Doc file 'blog/posts/tg-7.md' contains an absolute link '/assets/tg/7/1.jpg', it was left as is. Did you mean '../../assets/tg/7/1.jpg'?
INFO    -  Doc file 'blog/posts/tg-70.md' contains an absolute link '/assets/tg/70/1.jpg', it was left as is. Did you mean '../../assets/tg/70/1.jpg'?
INFO    -  Doc file 'blog/posts/tg-71.md' contains an absolute link '/assets/tg/71/1.jpg', it was left as is. Did you mean '../../assets/tg/71/1.jpg'?
INFO    -  Doc file 'blog/posts/tg-72.md' contains an absolute link '/assets/tg/72/1.jpg', it was left as is. Did you mean '../../assets/tg/72/1.jpg'?
INFO    -  Doc file 'blog/posts/tg-73.md' contains an absolute link '/assets/tg/73/1.jpg', it was left as is. Did you mean '../../assets/tg/73/1.jpg'?
INFO    -  Doc file 'blog/posts/tg-73.md' contains an absolute link '/assets/tg/73/2.jpg', it was left as is. Did you mean '../../assets/tg/73/2.jpg'?
INFO    -  Doc file 'blog/posts/tg-75.md' contains an absolute link '/assets/tg/75/1.jpg', it was left as is. Did you mean '../../assets/tg/75/1.jpg'?
INFO    -  Doc file 'blog/posts/tg-75.md' contains an absolute link '/assets/tg/75/2.jpg', it was left as is. Did you mean '../../assets/tg/75/2.jpg'?
INFO    -  Doc file 'blog/posts/tg-77.md' contains an absolute link '/assets/tg/77/1.jpg', it was left as is. Did you mean '../../assets/tg/77/1.jpg'?
INFO    -  Doc file 'blog/posts/tg-77.md' contains an absolute link '/assets/tg/77/2.jpg', it was left as is. Did you mean '../../assets/tg/77/2.jpg'?
INFO    -  Doc file 'blog/posts/tg-8.md' contains an absolute link '/assets/tg/8/1.jpg', it was left as is. Did you mean '../../assets/tg/8/1.jpg'?
INFO    -  Doc file 'blog/posts/tg-8.md' contains an absolute link '/assets/tg/8/2.jpg', it was left as is. Did you mean '../../assets/tg/8/2.jpg'?
INFO    -  Doc file 'blog/posts/tg-80.md' contains an absolute link '/assets/tg/80/1.jpg', it was left as is. Did you mean '../../assets/tg/80/1.jpg'?
INFO    -  Doc file 'blog/posts/tg-81.md' contains an absolute link '/assets/tg/81/1.jpg', it was left as is. Did you mean '../../assets/tg/81/1.jpg'?
INFO    -  Doc file 'blog/posts/tg-82.md' contains an absolute link '/assets/tg/82/1.jpg', it was left as is. Did you mean '../../assets/tg/82/1.jpg'?
INFO    -  Doc file 'blog/posts/tg-82.md' contains an absolute link '/assets/tg/82/2.jpg', it was left as is. Did you mean '../../assets/tg/82/2.jpg'?
INFO    -  Doc file 'blog/posts/tg-85.md' contains an absolute link '/assets/tg/85/1.jpg', it was left as is. Did you mean '../../assets/tg/85/1.jpg'?
INFO    -  Doc file 'blog/posts/tg-86.md' contains an absolute link '/assets/tg/86/1.jpg', it was left as is. Did you mean '../../assets/tg/86/1.jpg'?
INFO    -  Doc file 'blog/posts/tg-86.md' contains an absolute link '/assets/tg/86/2.jpg', it was left as is. Did you mean '../../assets/tg/86/2.jpg'?
INFO    -  Doc file 'blog/posts/tg-88.md' contains an absolute link '/assets/tg/88/1.jpg', it was left as is. Did you mean '../../assets/tg/88/1.jpg'?
INFO    -  Doc file 'blog/posts/tg-89.md' contains an absolute link '/assets/tg/89/1.jpg', it was left as is. Did you mean '../../assets/tg/89/1.jpg'?
INFO    -  Doc file 'blog/posts/tg-90.md' contains an absolute link '/assets/tg/90/1.jpg', it was left as is. Did you mean '../../assets/tg/90/1.jpg'?
INFO    -  Doc file 'blog/posts/tg-91.md' contains an absolute link '/assets/tg/91/1.jpg', it was left as is. Did you mean '../../assets/tg/91/1.jpg'?
INFO    -  Doc file 'blog/posts/tg-93.md' contains an absolute link '/assets/tg/93/1.jpg', it was left as is. Did you mean '../../assets/tg/93/1.jpg'?
INFO    -  Doc file 'blog/posts/tg-95.md' contains an absolute link '/assets/tg/95/1.jpg', it was left as is. Did you mean '../../assets/tg/95/1.jpg'?
INFO    -  Doc file 'blog/posts/tg-95.md' contains an absolute link '/assets/tg/95/2.jpg', it was left as is. Did you mean '../../assets/tg/95/2.jpg'?
INFO    -  Doc file 'blog/posts/tg-95.md' contains an absolute link '/assets/tg/95/3.jpg', it was left as is. Did you mean '../../assets/tg/95/3.jpg'?
INFO    -  Doc file 'blog/posts/tg-95.md' contains an absolute link '/assets/tg/95/4.jpg', it was left as is. Did you mean '../../assets/tg/95/4.jpg'?
Building prefix dict from the default dictionary ...
Loading model from cache C:\Users\ZL\AppData\Local\Temp\jieba.cache
Loading model cost 0.358 seconds.
Prefix dict has been built successfully.
INFO    -  Documentation built in 3.08 seconds
待部署文件：590
X99 镜像更新完成（590 个文件）
warning: in the working copy of 'scripts/.sync.log', CRLF will be replaced by LF the next time Git touches it
已推送到 GitHub
=== 2026-10-07 02:11:45 完成 ===
=== 2026-10-07 02:15:00 同步开始 ===
已知帖子 273 条，开始抓取（增量）
  page 1   315..334  new=15
  已追上已知帖子，停止翻页
抓到 15 条 -> 合并后 15 条（0 条为同段聚合）
新增 0 / 更新 3 / 跳过 12 | 媒体 0 张 0.0 MB | 视频 17.1 MB
reaction 播种 125 条帖子 -> scripts/tg-reactions-seed.json
待确认分类 188 条 -> scripts/tg-review.md
reaction 播种完成：0 项（服务器现有 126 个帖子）

 │  ⚠  Warning from the Material for MkDocs team
 │
 │  MkDocs 2.0, the underlying framework of Material for MkDocs,
 │  will introduce backward-incompatible changes, including:
 │
 │  × All plugins will stop working – the plugin system has been removed
 │  × All theme overrides will break – the theming system has been rewritten
 │  × No migration path exists – existing projects cannot be upgraded
 │  × Closed contribution model – community members can't report bugs
 │  × Currently unlicensed – unsuitable for production use
 │
 │  Our full analysis:
 │
 │  https://squidfunk.github.io/mkdocs-material/blog/2026/02/18/mkdocs-2.0/

INFO    -  Cleaning site directory
INFO    -  Building documentation to directory: C:\Users\ZL\Documents\ZL114514.github.io\docs
INFO    -  Doc file 'blog/posts/tg-100.md' contains an absolute link '/assets/tg/100/1.jpg', it was left as is. Did you mean '../../assets/tg/100/1.jpg'?
INFO    -  Doc file 'blog/posts/tg-101.md' contains an absolute link '/assets/tg/101/1.jpg', it was left as is. Did you mean '../../assets/tg/101/1.jpg'?
INFO    -  Doc file 'blog/posts/tg-102.md' contains an absolute link '/assets/tg/102/1.jpg', it was left as is. Did you mean '../../assets/tg/102/1.jpg'?
INFO    -  Doc file 'blog/posts/tg-103.md' contains an absolute link '/assets/tg/103/1.jpg', it was left as is. Did you mean '../../assets/tg/103/1.jpg'?
INFO    -  Doc file 'blog/posts/tg-103.md' contains an absolute link '/assets/tg/103/2.jpg', it was left as is. Did you mean '../../assets/tg/103/2.jpg'?
INFO    -  Doc file 'blog/posts/tg-109.md' contains an absolute link '/assets/tg/109/1.jpg', it was left as is. Did you mean '../../assets/tg/109/1.jpg'?
INFO    -  Doc file 'blog/posts/tg-111.md' contains an absolute link '/assets/tg/111/1.jpg', it was left as is. Did you mean '../../assets/tg/111/1.jpg'?
INFO    -  Doc file 'blog/posts/tg-120.md' contains an absolute link '/assets/tg/120/1.jpg', it was left as is. Did you mean '../../assets/tg/120/1.jpg'?
INFO    -  Doc file 'blog/posts/tg-122.md' contains an absolute link '/assets/tg/122/1.jpg', it was left as is. Did you mean '../../assets/tg/122/1.jpg'?
INFO    -  Doc file 'blog/posts/tg-129.md' contains an absolute link '/assets/tg/129/1.jpg', it was left as is. Did you mean '../../assets/tg/129/1.jpg'?
INFO    -  Doc file 'blog/posts/tg-13.md' contains an absolute link '/assets/tg/13/1.jpg', it was left as is. Did you mean '../../assets/tg/13/1.jpg'?
INFO    -  Doc file 'blog/posts/tg-13.md' contains an absolute link '/assets/tg/13/2.jpg', it was left as is. Did you mean '../../assets/tg/13/2.jpg'?
INFO    -  Doc file 'blog/posts/tg-131.md' contains an absolute link '/assets/tg/131/1.jpg', it was left as is. Did you mean '../../assets/tg/131/1.jpg'?
INFO    -  Doc file 'blog/posts/tg-132.md' contains an absolute link '/assets/tg/132/1.jpg', it was left as is. Did you mean '../../assets/tg/132/1.jpg'?
INFO    -  Doc file 'blog/posts/tg-133.md' contains an absolute link '/assets/tg/133/1.jpg', it was left as is. Did you mean '../../assets/tg/133/1.jpg'?
INFO    -  Doc file 'blog/posts/tg-134.md' contains an absolute link '/assets/tg/134/1.jpg', it was left as is. Did you mean '../../assets/tg/134/1.jpg'?
INFO    -  Doc file 'blog/posts/tg-141.md' contains an absolute link '/assets/tg/141/1.jpg', it was left as is. Did you mean '../../assets/tg/141/1.jpg'?
INFO    -  Doc file 'blog/posts/tg-141.md' contains an absolute link '/assets/tg/141/2.jpg', it was left as is. Did you mean '../../assets/tg/141/2.jpg'?
INFO    -  Doc file 'blog/posts/tg-143.md' contains an absolute link '/assets/tg/143/1.jpg', it was left as is. Did you mean '../../assets/tg/143/1.jpg'?
INFO    -  Doc file 'blog/posts/tg-154.md' contains an absolute link '/assets/tg/154/1.jpg', it was left as is. Did you mean '../../assets/tg/154/1.jpg'?
INFO    -  Doc file 'blog/posts/tg-155.md' contains an absolute link '/assets/tg/155/1.jpg', it was left as is. Did you mean '../../assets/tg/155/1.jpg'?
INFO    -  Doc file 'blog/posts/tg-156.md' contains an absolute link '/assets/tg/156/1.jpg', it was left as is. Did you mean '../../assets/tg/156/1.jpg'?
INFO    -  Doc file 'blog/posts/tg-157.md' contains an absolute link '/assets/tg/157/1.jpg', it was left as is. Did you mean '../../assets/tg/157/1.jpg'?
INFO    -  Doc file 'blog/posts/tg-157.md' contains an absolute link '/assets/tg/157/2.jpg', it was left as is. Did you mean '../../assets/tg/157/2.jpg'?
INFO    -  Doc file 'blog/posts/tg-162.md' contains an absolute link '/assets/tg/162/1.jpg', it was left as is. Did you mean '../../assets/tg/162/1.jpg'?
INFO    -  Doc file 'blog/posts/tg-162.md' contains an absolute link '/assets/tg/162/2.jpg', it was left as is. Did you mean '../../assets/tg/162/2.jpg'?
INFO    -  Doc file 'blog/posts/tg-164.md' contains an absolute link '/assets/tg/164/1.jpg', it was left as is. Did you mean '../../assets/tg/164/1.jpg'?
INFO    -  Doc file 'blog/posts/tg-165.md' contains an absolute link '/assets/tg/165/1.jpg', it was left as is. Did you mean '../../assets/tg/165/1.jpg'?
INFO    -  Doc file 'blog/posts/tg-167.md' contains an absolute link '/assets/tg/167/1.jpg', it was left as is. Did you mean '../../assets/tg/167/1.jpg'?
INFO    -  Doc file 'blog/posts/tg-168.md' contains an absolute link '/assets/tg/168/1.jpg', it was left as is. Did you mean '../../assets/tg/168/1.jpg'?
INFO    -  Doc file 'blog/posts/tg-17.md' contains an absolute link '/assets/tg/17/1.jpg', it was left as is. Did you mean '../../assets/tg/17/1.jpg'?
INFO    -  Doc file 'blog/posts/tg-18.md' contains an absolute link '/assets/tg/18/1.jpg', it was left as is. Did you mean '../../assets/tg/18/1.jpg'?
INFO    -  Doc file 'blog/posts/tg-180.md' contains an absolute link '/assets/tg/180/1.jpg', it was left as is. Did you mean '../../assets/tg/180/1.jpg'?
INFO    -  Doc file 'blog/posts/tg-180.md' contains an absolute link '/assets/tg/180/2.jpg', it was left as is. Did you mean '../../assets/tg/180/2.jpg'?
INFO    -  Doc file 'blog/posts/tg-184.md' contains an absolute link '/assets/tg/184/1.jpg', it was left as is. Did you mean '../../assets/tg/184/1.jpg'?
INFO    -  Doc file 'blog/posts/tg-186.md' contains an absolute link '/assets/tg/186/1.jpg', it was left as is. Did you mean '../../assets/tg/186/1.jpg'?
INFO    -  Doc file 'blog/posts/tg-187.md' contains an absolute link '/assets/tg/187/1.jpg', it was left as is. Did you mean '../../assets/tg/187/1.jpg'?
INFO    -  Doc file 'blog/posts/tg-187.md' contains an absolute link '/assets/tg/187/2.jpg', it was left as is. Did you mean '../../assets/tg/187/2.jpg'?
INFO    -  Doc file 'blog/posts/tg-19.md' contains an absolute link '/assets/tg/19/1.jpg', it was left as is. Did you mean '../../assets/tg/19/1.jpg'?
INFO    -  Doc file 'blog/posts/tg-190.md' contains an absolute link '/assets/tg/190/1.jpg', it was left as is. Did you mean '../../assets/tg/190/1.jpg'?
INFO    -  Doc file 'blog/posts/tg-191.md' contains an absolute link '/assets/tg/191/1.jpg', it was left as is. Did you mean '../../assets/tg/191/1.jpg'?
INFO    -  Doc file 'blog/posts/tg-202.md' contains an absolute link '/assets/tg/202/1.jpg', it was left as is. Did you mean '../../assets/tg/202/1.jpg'?
INFO    -  Doc file 'blog/posts/tg-206.md' contains an absolute link '/assets/tg/206/1.jpg', it was left as is. Did you mean '../../assets/tg/206/1.jpg'?
INFO    -  Doc file 'blog/posts/tg-208.md' contains an absolute link '/assets/tg/208/1.jpg', it was left as is. Did you mean '../../assets/tg/208/1.jpg'?
INFO    -  Doc file 'blog/posts/tg-21.md' contains an absolute link '/assets/tg/21/1.jpg', it was left as is. Did you mean '../../assets/tg/21/1.jpg'?
INFO    -  Doc file 'blog/posts/tg-210.md' contains an absolute link '/assets/tg/210/1.jpg', it was left as is. Did you mean '../../assets/tg/210/1.jpg'?
INFO    -  Doc file 'blog/posts/tg-210.md' contains an absolute link '/assets/tg/210/2.jpg', it was left as is. Did you mean '../../assets/tg/210/2.jpg'?
INFO    -  Doc file 'blog/posts/tg-210.md' contains an absolute link '/assets/tg/210/3.jpg', it was left as is. Did you mean '../../assets/tg/210/3.jpg'?
INFO    -  Doc file 'blog/posts/tg-213.md' contains an absolute link '/assets/tg/213/1.jpg', it was left as is. Did you mean '../../assets/tg/213/1.jpg'?
INFO    -  Doc file 'blog/posts/tg-215.md' contains an absolute link '/assets/tg/215/1.jpg', it was left as is. Did you mean '../../assets/tg/215/1.jpg'?
INFO    -  Doc file 'blog/posts/tg-216.md' contains an absolute link '/assets/tg/216/1.jpg', it was left as is. Did you mean '../../assets/tg/216/1.jpg'?
INFO    -  Doc file 'blog/posts/tg-216.md' contains an absolute link '/assets/tg/216/2.jpg', it was left as is. Did you mean '../../assets/tg/216/2.jpg'?
INFO    -  Doc file 'blog/posts/tg-218.md' contains an absolute link '/assets/tg/218/1.jpg', it was left as is. Did you mean '../../assets/tg/218/1.jpg'?
INFO    -  Doc file 'blog/posts/tg-219.md' contains an absolute link '/assets/tg/219/1.jpg', it was left as is. Did you mean '../../assets/tg/219/1.jpg'?
INFO    -  Doc file 'blog/posts/tg-220.md' contains an absolute link '/assets/tg/220/1.jpg', it was left as is. Did you mean '../../assets/tg/220/1.jpg'?
INFO    -  Doc file 'blog/posts/tg-221.md' contains an absolute link '/assets/tg/221/1.jpg', it was left as is. Did you mean '../../assets/tg/221/1.jpg'?
INFO    -  Doc file 'blog/posts/tg-223.md' contains an absolute link '/assets/tg/223/1.jpg', it was left as is. Did you mean '../../assets/tg/223/1.jpg'?
INFO    -  Doc file 'blog/posts/tg-223.md' contains an absolute link '/assets/tg/223/2.jpg', it was left as is. Did you mean '../../assets/tg/223/2.jpg'?
INFO    -  Doc file 'blog/posts/tg-223.md' contains an absolute link '/assets/tg/223/3.jpg', it was left as is. Did you mean '../../assets/tg/223/3.jpg'?
INFO    -  Doc file 'blog/posts/tg-223.md' contains an absolute link '/assets/tg/223/4.jpg', it was left as is. Did you mean '../../assets/tg/223/4.jpg'?
INFO    -  Doc file 'blog/posts/tg-223.md' contains an absolute link '/assets/tg/223/5.jpg', it was left as is. Did you mean '../../assets/tg/223/5.jpg'?
INFO    -  Doc file 'blog/posts/tg-223.md' contains an absolute link '/assets/tg/223/6.jpg', it was left as is. Did you mean '../../assets/tg/223/6.jpg'?
INFO    -  Doc file 'blog/posts/tg-223.md' contains an absolute link '/assets/tg/223/7.jpg', it was left as is. Did you mean '../../assets/tg/223/7.jpg'?
INFO    -  Doc file 'blog/posts/tg-223.md' contains an absolute link '/assets/tg/223/8.jpg', it was left as is. Did you mean '../../assets/tg/223/8.jpg'?
INFO    -  Doc file 'blog/posts/tg-232.md' contains an absolute link '/assets/tg/232/1.jpg', it was left as is. Did you mean '../../assets/tg/232/1.jpg'?
INFO    -  Doc file 'blog/posts/tg-237.md' contains an absolute link '/assets/tg/237/1.jpg', it was left as is. Did you mean '../../assets/tg/237/1.jpg'?
INFO    -  Doc file 'blog/posts/tg-240.md' contains an absolute link '/assets/tg/240/1.jpg', it was left as is. Did you mean '../../assets/tg/240/1.jpg'?
INFO    -  Doc file 'blog/posts/tg-242.md' contains an absolute link '/assets/tg/242/1.jpg', it was left as is. Did you mean '../../assets/tg/242/1.jpg'?
INFO    -  Doc file 'blog/posts/tg-242.md' contains an absolute link '/assets/tg/242/2.jpg', it was left as is. Did you mean '../../assets/tg/242/2.jpg'?
INFO    -  Doc file 'blog/posts/tg-244.md' contains an absolute link '/assets/tg/244/1.jpg', it was left as is. Did you mean '../../assets/tg/244/1.jpg'?
INFO    -  Doc file 'blog/posts/tg-244.md' contains an absolute link '/assets/tg/244/2.jpg', it was left as is. Did you mean '../../assets/tg/244/2.jpg'?
INFO    -  Doc file 'blog/posts/tg-246.md' contains an absolute link '/assets/tg/246/1.jpg', it was left as is. Did you mean '../../assets/tg/246/1.jpg'?
INFO    -  Doc file 'blog/posts/tg-246.md' contains an absolute link '/assets/tg/246/2.jpg', it was left as is. Did you mean '../../assets/tg/246/2.jpg'?
INFO    -  Doc file 'blog/posts/tg-248.md' contains an absolute link '/assets/tg/248/1.jpg', it was left as is. Did you mean '../../assets/tg/248/1.jpg'?
INFO    -  Doc file 'blog/posts/tg-249.md' contains an absolute link '/assets/tg/249/1.jpg', it was left as is. Did you mean '../../assets/tg/249/1.jpg'?
INFO    -  Doc file 'blog/posts/tg-250.md' contains an absolute link '/assets/tg/250/1.jpg', it was left as is. Did you mean '../../assets/tg/250/1.jpg'?
INFO    -  Doc file 'blog/posts/tg-251.md' contains an absolute link '/assets/tg/251/1.jpg', it was left as is. Did you mean '../../assets/tg/251/1.jpg'?
INFO    -  Doc file 'blog/posts/tg-253.md' contains an absolute link '/assets/tg/253/1.jpg', it was left as is. Did you mean '../../assets/tg/253/1.jpg'?
INFO    -  Doc file 'blog/posts/tg-254.md' contains an absolute link '/assets/tg/254/1.jpg', it was left as is. Did you mean '../../assets/tg/254/1.jpg'?
INFO    -  Doc file 'blog/posts/tg-255.md' contains an absolute link '/assets/tg/255/1.jpg', it was left as is. Did you mean '../../assets/tg/255/1.jpg'?
INFO    -  Doc file 'blog/posts/tg-256.md' contains an absolute link '/assets/tg/256/1.jpg', it was left as is. Did you mean '../../assets/tg/256/1.jpg'?
INFO    -  Doc file 'blog/posts/tg-259.md' contains an absolute link '/assets/tg/259/1.jpg', it was left as is. Did you mean '../../assets/tg/259/1.jpg'?
INFO    -  Doc file 'blog/posts/tg-260.md' contains an absolute link '/assets/tg/260/1.jpg', it was left as is. Did you mean '../../assets/tg/260/1.jpg'?
INFO    -  Doc file 'blog/posts/tg-261.md' contains an absolute link '/assets/tg/261/1.jpg', it was left as is. Did you mean '../../assets/tg/261/1.jpg'?
INFO    -  Doc file 'blog/posts/tg-261.md' contains an absolute link '/assets/tg/261/2.jpg', it was left as is. Did you mean '../../assets/tg/261/2.jpg'?
INFO    -  Doc file 'blog/posts/tg-261.md' contains an absolute link '/assets/tg/261/3.jpg', it was left as is. Did you mean '../../assets/tg/261/3.jpg'?
INFO    -  Doc file 'blog/posts/tg-261.md' contains an absolute link '/assets/tg/261/4.jpg', it was left as is. Did you mean '../../assets/tg/261/4.jpg'?
INFO    -  Doc file 'blog/posts/tg-267.md' contains an absolute link '/assets/tg/267/1.jpg', it was left as is. Did you mean '../../assets/tg/267/1.jpg'?
INFO    -  Doc file 'blog/posts/tg-269.md' contains an absolute link '/assets/tg/269/1.jpg', it was left as is. Did you mean '../../assets/tg/269/1.jpg'?
INFO    -  Doc file 'blog/posts/tg-270.md' contains an absolute link '/assets/tg/270/1.jpg', it was left as is. Did you mean '../../assets/tg/270/1.jpg'?
INFO    -  Doc file 'blog/posts/tg-271.md' contains an absolute link '/assets/tg/271/1.jpg', it was left as is. Did you mean '../../assets/tg/271/1.jpg'?
INFO    -  Doc file 'blog/posts/tg-276.md' contains an absolute link '/assets/tg/276/1.jpg', it was left as is. Did you mean '../../assets/tg/276/1.jpg'?
INFO    -  Doc file 'blog/posts/tg-277.md' contains an absolute link '/assets/tg/277/1.jpg', it was left as is. Did you mean '../../assets/tg/277/1.jpg'?
INFO    -  Doc file 'blog/posts/tg-278.md' contains an absolute link '/assets/tg/278/1.jpg', it was left as is. Did you mean '../../assets/tg/278/1.jpg'?
INFO    -  Doc file 'blog/posts/tg-281.md' contains an absolute link '/assets/tg/281/1.jpg', it was left as is. Did you mean '../../assets/tg/281/1.jpg'?
INFO    -  Doc file 'blog/posts/tg-282.md' contains an absolute link '/assets/tg/282/1.jpg', it was left as is. Did you mean '../../assets/tg/282/1.jpg'?
INFO    -  Doc file 'blog/posts/tg-292.md' contains an absolute link '/assets/tg/292/1.jpg', it was left as is. Did you mean '../../assets/tg/292/1.jpg'?
INFO    -  Doc file 'blog/posts/tg-294.md' contains an absolute link '/assets/tg/294/1.jpg', it was left as is. Did you mean '../../assets/tg/294/1.jpg'?
INFO    -  Doc file 'blog/posts/tg-294.md' contains an absolute link '/assets/tg/294/2.jpg', it was left as is. Did you mean '../../assets/tg/294/2.jpg'?
INFO    -  Doc file 'blog/posts/tg-296.md' contains an absolute link '/assets/tg/296/1.jpg', it was left as is. Did you mean '../../assets/tg/296/1.jpg'?
INFO    -  Doc file 'blog/posts/tg-296.md' contains an absolute link '/assets/tg/296/2.jpg', it was left as is. Did you mean '../../assets/tg/296/2.jpg'?
INFO    -  Doc file 'blog/posts/tg-296.md' contains an absolute link '/assets/tg/296/3.jpg', it was left as is. Did you mean '../../assets/tg/296/3.jpg'?
INFO    -  Doc file 'blog/posts/tg-299.md' contains an absolute link '/assets/tg/299/1.jpg', it was left as is. Did you mean '../../assets/tg/299/1.jpg'?
INFO    -  Doc file 'blog/posts/tg-3.md' contains an absolute link '/assets/tg/3/1.jpg', it was left as is. Did you mean '../../assets/tg/3/1.jpg'?
INFO    -  Doc file 'blog/posts/tg-307.md' contains an absolute link '/assets/tg/307/1.jpg', it was left as is. Did you mean '../../assets/tg/307/1.jpg'?
INFO    -  Doc file 'blog/posts/tg-312.md' contains an absolute link '/assets/tg/312/1.jpg', it was left as is. Did you mean '../../assets/tg/312/1.jpg'?
INFO    -  Doc file 'blog/posts/tg-314.md' contains an absolute link '/assets/tg/314/1.jpg', it was left as is. Did you mean '../../assets/tg/314/1.jpg'?
INFO    -  Doc file 'blog/posts/tg-318.md' contains an absolute link '/assets/tg/318/1.jpg', it was left as is. Did you mean '../../assets/tg/318/1.jpg'?
INFO    -  Doc file 'blog/posts/tg-318.md' contains an absolute link '/assets/tg/318/2.jpg', it was left as is. Did you mean '../../assets/tg/318/2.jpg'?
INFO    -  Doc file 'blog/posts/tg-318.md' contains an absolute link '/assets/tg/318/3.jpg', it was left as is. Did you mean '../../assets/tg/318/3.jpg'?
INFO    -  Doc file 'blog/posts/tg-32.md' contains an absolute link '/assets/tg/32/1.jpg', it was left as is. Did you mean '../../assets/tg/32/1.jpg'?
INFO    -  Doc file 'blog/posts/tg-32.md' contains an absolute link '/assets/tg/32/2.jpg', it was left as is. Did you mean '../../assets/tg/32/2.jpg'?
INFO    -  Doc file 'blog/posts/tg-32.md' contains an absolute link '/assets/tg/32/3.jpg', it was left as is. Did you mean '../../assets/tg/32/3.jpg'?
INFO    -  Doc file 'blog/posts/tg-32.md' contains an absolute link '/assets/tg/32/4.jpg', it was left as is. Did you mean '../../assets/tg/32/4.jpg'?
INFO    -  Doc file 'blog/posts/tg-321.md' contains an absolute link '/assets/tg/321/1.jpg', it was left as is. Did you mean '../../assets/tg/321/1.jpg'?
INFO    -  Doc file 'blog/posts/tg-325.md' contains an absolute link '/assets/tg/325/1.jpg', it was left as is. Did you mean '../../assets/tg/325/1.jpg'?
INFO    -  Doc file 'blog/posts/tg-326.md' contains an absolute link '/assets/tg/326/1.jpg', it was left as is. Did you mean '../../assets/tg/326/1.jpg'?
INFO    -  Doc file 'blog/posts/tg-326.md' contains an absolute link '/assets/tg/326/2.jpg', it was left as is. Did you mean '../../assets/tg/326/2.jpg'?
INFO    -  Doc file 'blog/posts/tg-326.md' contains an absolute link '/assets/tg/326/3.jpg', it was left as is. Did you mean '../../assets/tg/326/3.jpg'?
INFO    -  Doc file 'blog/posts/tg-326.md' contains an absolute link '/assets/tg/326/4.jpg', it was left as is. Did you mean '../../assets/tg/326/4.jpg'?
INFO    -  Doc file 'blog/posts/tg-331.md' contains an absolute link '/assets/tg/331/1.jpg', it was left as is. Did you mean '../../assets/tg/331/1.jpg'?
INFO    -  Doc file 'blog/posts/tg-332.md' contains an absolute link '/assets/tg/332/1.jpg', it was left as is. Did you mean '../../assets/tg/332/1.jpg'?
INFO    -  Doc file 'blog/posts/tg-333.md' contains an absolute link '/assets/tg/333/1.jpg', it was left as is. Did you mean '../../assets/tg/333/1.jpg'?
INFO    -  Doc file 'blog/posts/tg-4.md' contains an absolute link '/assets/tg/4/1.jpg', it was left as is. Did you mean '../../assets/tg/4/1.jpg'?
INFO    -  Doc file 'blog/posts/tg-45.md' contains an absolute link '/assets/tg/45/1.jpg', it was left as is. Did you mean '../../assets/tg/45/1.jpg'?
INFO    -  Doc file 'blog/posts/tg-46.md' contains an absolute link '/assets/tg/46/1.jpg', it was left as is. Did you mean '../../assets/tg/46/1.jpg'?
INFO    -  Doc file 'blog/posts/tg-47.md' contains an absolute link '/assets/tg/47/1.jpg', it was left as is. Did you mean '../../assets/tg/47/1.jpg'?
INFO    -  Doc file 'blog/posts/tg-48.md' contains an absolute link '/assets/tg/48/1.jpg', it was left as is. Did you mean '../../assets/tg/48/1.jpg'?
INFO    -  Doc file 'blog/posts/tg-49.md' contains an absolute link '/assets/tg/49/1.jpg', it was left as is. Did you mean '../../assets/tg/49/1.jpg'?
INFO    -  Doc file 'blog/posts/tg-5.md' contains an absolute link '/assets/tg/5/1.jpg', it was left as is. Did you mean '../../assets/tg/5/1.jpg'?
INFO    -  Doc file 'blog/posts/tg-51.md' contains an absolute link '/assets/tg/51/1.jpg', it was left as is. Did you mean '../../assets/tg/51/1.jpg'?
INFO    -  Doc file 'blog/posts/tg-52.md' contains an absolute link '/assets/tg/52/1.jpg', it was left as is. Did you mean '../../assets/tg/52/1.jpg'?
INFO    -  Doc file 'blog/posts/tg-55.md' contains an absolute link '/assets/tg/55/1.jpg', it was left as is. Did you mean '../../assets/tg/55/1.jpg'?
INFO    -  Doc file 'blog/posts/tg-56.md' contains an absolute link '/assets/tg/56/1.jpg', it was left as is. Did you mean '../../assets/tg/56/1.jpg'?
INFO    -  Doc file 'blog/posts/tg-58.md' contains an absolute link '/assets/tg/58/1.jpg', it was left as is. Did you mean '../../assets/tg/58/1.jpg'?
INFO    -  Doc file 'blog/posts/tg-59.md' contains an absolute link '/assets/tg/59/1.jpg', it was left as is. Did you mean '../../assets/tg/59/1.jpg'?
INFO    -  Doc file 'blog/posts/tg-60.md' contains an absolute link '/assets/tg/60/1.jpg', it was left as is. Did you mean '../../assets/tg/60/1.jpg'?
INFO    -  Doc file 'blog/posts/tg-62.md' contains an absolute link '/assets/tg/62/1.jpg', it was left as is. Did you mean '../../assets/tg/62/1.jpg'?
INFO    -  Doc file 'blog/posts/tg-63.md' contains an absolute link '/assets/tg/63/1.jpg', it was left as is. Did you mean '../../assets/tg/63/1.jpg'?
INFO    -  Doc file 'blog/posts/tg-63.md' contains an absolute link '/assets/tg/63/2.jpg', it was left as is. Did you mean '../../assets/tg/63/2.jpg'?
INFO    -  Doc file 'blog/posts/tg-65.md' contains an absolute link '/assets/tg/65/1.jpg', it was left as is. Did you mean '../../assets/tg/65/1.jpg'?
INFO    -  Doc file 'blog/posts/tg-67.md' contains an absolute link '/assets/tg/67/1.jpg', it was left as is. Did you mean '../../assets/tg/67/1.jpg'?
INFO    -  Doc file 'blog/posts/tg-67.md' contains an absolute link '/assets/tg/67/2.jpg', it was left as is. Did you mean '../../assets/tg/67/2.jpg'?
INFO    -  Doc file 'blog/posts/tg-69.md' contains an absolute link '/assets/tg/69/1.jpg', it was left as is. Did you mean '../../assets/tg/69/1.jpg'?
INFO    -  Doc file 'blog/posts/tg-7.md' contains an absolute link '/assets/tg/7/1.jpg', it was left as is. Did you mean '../../assets/tg/7/1.jpg'?
INFO    -  Doc file 'blog/posts/tg-70.md' contains an absolute link '/assets/tg/70/1.jpg', it was left as is. Did you mean '../../assets/tg/70/1.jpg'?
INFO    -  Doc file 'blog/posts/tg-71.md' contains an absolute link '/assets/tg/71/1.jpg', it was left as is. Did you mean '../../assets/tg/71/1.jpg'?
INFO    -  Doc file 'blog/posts/tg-72.md' contains an absolute link '/assets/tg/72/1.jpg', it was left as is. Did you mean '../../assets/tg/72/1.jpg'?
INFO    -  Doc file 'blog/posts/tg-73.md' contains an absolute link '/assets/tg/73/1.jpg', it was left as is. Did you mean '../../assets/tg/73/1.jpg'?
INFO    -  Doc file 'blog/posts/tg-73.md' contains an absolute link '/assets/tg/73/2.jpg', it was left as is. Did you mean '../../assets/tg/73/2.jpg'?
INFO    -  Doc file 'blog/posts/tg-75.md' contains an absolute link '/assets/tg/75/1.jpg', it was left as is. Did you mean '../../assets/tg/75/1.jpg'?
INFO    -  Doc file 'blog/posts/tg-75.md' contains an absolute link '/assets/tg/75/2.jpg', it was left as is. Did you mean '../../assets/tg/75/2.jpg'?
INFO    -  Doc file 'blog/posts/tg-77.md' contains an absolute link '/assets/tg/77/1.jpg', it was left as is. Did you mean '../../assets/tg/77/1.jpg'?
INFO    -  Doc file 'blog/posts/tg-77.md' contains an absolute link '/assets/tg/77/2.jpg', it was left as is. Did you mean '../../assets/tg/77/2.jpg'?
INFO    -  Doc file 'blog/posts/tg-8.md' contains an absolute link '/assets/tg/8/1.jpg', it was left as is. Did you mean '../../assets/tg/8/1.jpg'?
INFO    -  Doc file 'blog/posts/tg-8.md' contains an absolute link '/assets/tg/8/2.jpg', it was left as is. Did you mean '../../assets/tg/8/2.jpg'?
INFO    -  Doc file 'blog/posts/tg-80.md' contains an absolute link '/assets/tg/80/1.jpg', it was left as is. Did you mean '../../assets/tg/80/1.jpg'?
INFO    -  Doc file 'blog/posts/tg-81.md' contains an absolute link '/assets/tg/81/1.jpg', it was left as is. Did you mean '../../assets/tg/81/1.jpg'?
INFO    -  Doc file 'blog/posts/tg-82.md' contains an absolute link '/assets/tg/82/1.jpg', it was left as is. Did you mean '../../assets/tg/82/1.jpg'?
INFO    -  Doc file 'blog/posts/tg-82.md' contains an absolute link '/assets/tg/82/2.jpg', it was left as is. Did you mean '../../assets/tg/82/2.jpg'?
INFO    -  Doc file 'blog/posts/tg-85.md' contains an absolute link '/assets/tg/85/1.jpg', it was left as is. Did you mean '../../assets/tg/85/1.jpg'?
INFO    -  Doc file 'blog/posts/tg-86.md' contains an absolute link '/assets/tg/86/1.jpg', it was left as is. Did you mean '../../assets/tg/86/1.jpg'?
INFO    -  Doc file 'blog/posts/tg-86.md' contains an absolute link '/assets/tg/86/2.jpg', it was left as is. Did you mean '../../assets/tg/86/2.jpg'?
INFO    -  Doc file 'blog/posts/tg-88.md' contains an absolute link '/assets/tg/88/1.jpg', it was left as is. Did you mean '../../assets/tg/88/1.jpg'?
INFO    -  Doc file 'blog/posts/tg-89.md' contains an absolute link '/assets/tg/89/1.jpg', it was left as is. Did you mean '../../assets/tg/89/1.jpg'?
INFO    -  Doc file 'blog/posts/tg-90.md' contains an absolute link '/assets/tg/90/1.jpg', it was left as is. Did you mean '../../assets/tg/90/1.jpg'?
INFO    -  Doc file 'blog/posts/tg-91.md' contains an absolute link '/assets/tg/91/1.jpg', it was left as is. Did you mean '../../assets/tg/91/1.jpg'?
INFO    -  Doc file 'blog/posts/tg-93.md' contains an absolute link '/assets/tg/93/1.jpg', it was left as is. Did you mean '../../assets/tg/93/1.jpg'?
INFO    -  Doc file 'blog/posts/tg-95.md' contains an absolute link '/assets/tg/95/1.jpg', it was left as is. Did you mean '../../assets/tg/95/1.jpg'?
INFO    -  Doc file 'blog/posts/tg-95.md' contains an absolute link '/assets/tg/95/2.jpg', it was left as is. Did you mean '../../assets/tg/95/2.jpg'?
INFO    -  Doc file 'blog/posts/tg-95.md' contains an absolute link '/assets/tg/95/3.jpg', it was left as is. Did you mean '../../assets/tg/95/3.jpg'?
INFO    -  Doc file 'blog/posts/tg-95.md' contains an absolute link '/assets/tg/95/4.jpg', it was left as is. Did you mean '../../assets/tg/95/4.jpg'?
Building prefix dict from the default dictionary ...
Loading model from cache C:\Users\ZL\AppData\Local\Temp\jieba.cache
Loading model cost 0.360 seconds.
Prefix dict has been built successfully.
INFO    -  Documentation built in 3.08 seconds
待部署文件：597
X99 镜像更新完成（597 个文件）
warning: in the working copy of 'scripts/.sync.log', CRLF will be replaced by LF the next time Git touches it
Connection closed by 20.205.243.166 port 22
fatal: Could not read from remote repository.

Please make sure you have the correct access rights
and the repository exists.
!! git push 失败
=== 2026-10-07 02:18:12 完成 ===
=== 2026-10-07 02:24:45 同步开始 ===
已知帖子 15 条，开始抓取（增量）
  page 1   315..334  new=15
  已追上已知帖子，停止翻页
抓到 15 条 -> 合并后 15 条（0 条为同段聚合）
新增 0 / 更新 3 / 跳过 12 | 媒体 0 张 0.0 MB | 视频 17.1 MB
reaction 播种 125 条帖子 -> scripts/tg-reactions-seed.json
待确认分类 188 条 -> scripts/tg-review.md
reaction 播种完成：0 项（服务器现有 126 个帖子）

 │  ⚠  Warning from the Material for MkDocs team
 │
 │  MkDocs 2.0, the underlying framework of Material for MkDocs,
 │  will introduce backward-incompatible changes, including:
 │
 │  × All plugins will stop working – the plugin system has been removed
 │  × All theme overrides will break – the theming system has been rewritten
 │  × No migration path exists – existing projects cannot be upgraded
 │  × Closed contribution model – community members can't report bugs
 │  × Currently unlicensed – unsuitable for production use
 │
 │  Our full analysis:
 │
 │  https://squidfunk.github.io/mkdocs-material/blog/2026/02/18/mkdocs-2.0/

INFO    -  Cleaning site directory
INFO    -  Building documentation to directory: C:\Users\ZL\Documents\ZL114514.github.io\docs
INFO    -  Doc file 'blog/posts/tg-100.md' contains an absolute link '/assets/tg/100/1.jpg', it was left as is. Did you mean '../../assets/tg/100/1.jpg'?
INFO    -  Doc file 'blog/posts/tg-101.md' contains an absolute link '/assets/tg/101/1.jpg', it was left as is. Did you mean '../../assets/tg/101/1.jpg'?
INFO    -  Doc file 'blog/posts/tg-102.md' contains an absolute link '/assets/tg/102/1.jpg', it was left as is. Did you mean '../../assets/tg/102/1.jpg'?
INFO    -  Doc file 'blog/posts/tg-103.md' contains an absolute link '/assets/tg/103/1.jpg', it was left as is. Did you mean '../../assets/tg/103/1.jpg'?
INFO    -  Doc file 'blog/posts/tg-103.md' contains an absolute link '/assets/tg/103/2.jpg', it was left as is. Did you mean '../../assets/tg/103/2.jpg'?
INFO    -  Doc file 'blog/posts/tg-109.md' contains an absolute link '/assets/tg/109/1.jpg', it was left as is. Did you mean '../../assets/tg/109/1.jpg'?
INFO    -  Doc file 'blog/posts/tg-111.md' contains an absolute link '/assets/tg/111/1.jpg', it was left as is. Did you mean '../../assets/tg/111/1.jpg'?
INFO    -  Doc file 'blog/posts/tg-120.md' contains an absolute link '/assets/tg/120/1.jpg', it was left as is. Did you mean '../../assets/tg/120/1.jpg'?
INFO    -  Doc file 'blog/posts/tg-122.md' contains an absolute link '/assets/tg/122/1.jpg', it was left as is. Did you mean '../../assets/tg/122/1.jpg'?
INFO    -  Doc file 'blog/posts/tg-129.md' contains an absolute link '/assets/tg/129/1.jpg', it was left as is. Did you mean '../../assets/tg/129/1.jpg'?
INFO    -  Doc file 'blog/posts/tg-13.md' contains an absolute link '/assets/tg/13/1.jpg', it was left as is. Did you mean '../../assets/tg/13/1.jpg'?
INFO    -  Doc file 'blog/posts/tg-13.md' contains an absolute link '/assets/tg/13/2.jpg', it was left as is. Did you mean '../../assets/tg/13/2.jpg'?
INFO    -  Doc file 'blog/posts/tg-131.md' contains an absolute link '/assets/tg/131/1.jpg', it was left as is. Did you mean '../../assets/tg/131/1.jpg'?
INFO    -  Doc file 'blog/posts/tg-132.md' contains an absolute link '/assets/tg/132/1.jpg', it was left as is. Did you mean '../../assets/tg/132/1.jpg'?
INFO    -  Doc file 'blog/posts/tg-133.md' contains an absolute link '/assets/tg/133/1.jpg', it was left as is. Did you mean '../../assets/tg/133/1.jpg'?
INFO    -  Doc file 'blog/posts/tg-134.md' contains an absolute link '/assets/tg/134/1.jpg', it was left as is. Did you mean '../../assets/tg/134/1.jpg'?
INFO    -  Doc file 'blog/posts/tg-141.md' contains an absolute link '/assets/tg/141/1.jpg', it was left as is. Did you mean '../../assets/tg/141/1.jpg'?
INFO    -  Doc file 'blog/posts/tg-141.md' contains an absolute link '/assets/tg/141/2.jpg', it was left as is. Did you mean '../../assets/tg/141/2.jpg'?
INFO    -  Doc file 'blog/posts/tg-143.md' contains an absolute link '/assets/tg/143/1.jpg', it was left as is. Did you mean '../../assets/tg/143/1.jpg'?
INFO    -  Doc file 'blog/posts/tg-154.md' contains an absolute link '/assets/tg/154/1.jpg', it was left as is. Did you mean '../../assets/tg/154/1.jpg'?
INFO    -  Doc file 'blog/posts/tg-155.md' contains an absolute link '/assets/tg/155/1.jpg', it was left as is. Did you mean '../../assets/tg/155/1.jpg'?
INFO    -  Doc file 'blog/posts/tg-156.md' contains an absolute link '/assets/tg/156/1.jpg', it was left as is. Did you mean '../../assets/tg/156/1.jpg'?
INFO    -  Doc file 'blog/posts/tg-157.md' contains an absolute link '/assets/tg/157/1.jpg', it was left as is. Did you mean '../../assets/tg/157/1.jpg'?
INFO    -  Doc file 'blog/posts/tg-157.md' contains an absolute link '/assets/tg/157/2.jpg', it was left as is. Did you mean '../../assets/tg/157/2.jpg'?
INFO    -  Doc file 'blog/posts/tg-162.md' contains an absolute link '/assets/tg/162/1.jpg', it was left as is. Did you mean '../../assets/tg/162/1.jpg'?
INFO    -  Doc file 'blog/posts/tg-162.md' contains an absolute link '/assets/tg/162/2.jpg', it was left as is. Did you mean '../../assets/tg/162/2.jpg'?
INFO    -  Doc file 'blog/posts/tg-164.md' contains an absolute link '/assets/tg/164/1.jpg', it was left as is. Did you mean '../../assets/tg/164/1.jpg'?
INFO    -  Doc file 'blog/posts/tg-165.md' contains an absolute link '/assets/tg/165/1.jpg', it was left as is. Did you mean '../../assets/tg/165/1.jpg'?
INFO    -  Doc file 'blog/posts/tg-167.md' contains an absolute link '/assets/tg/167/1.jpg', it was left as is. Did you mean '../../assets/tg/167/1.jpg'?
INFO    -  Doc file 'blog/posts/tg-168.md' contains an absolute link '/assets/tg/168/1.jpg', it was left as is. Did you mean '../../assets/tg/168/1.jpg'?
INFO    -  Doc file 'blog/posts/tg-17.md' contains an absolute link '/assets/tg/17/1.jpg', it was left as is. Did you mean '../../assets/tg/17/1.jpg'?
INFO    -  Doc file 'blog/posts/tg-18.md' contains an absolute link '/assets/tg/18/1.jpg', it was left as is. Did you mean '../../assets/tg/18/1.jpg'?
INFO    -  Doc file 'blog/posts/tg-180.md' contains an absolute link '/assets/tg/180/1.jpg', it was left as is. Did you mean '../../assets/tg/180/1.jpg'?
INFO    -  Doc file 'blog/posts/tg-180.md' contains an absolute link '/assets/tg/180/2.jpg', it was left as is. Did you mean '../../assets/tg/180/2.jpg'?
INFO    -  Doc file 'blog/posts/tg-184.md' contains an absolute link '/assets/tg/184/1.jpg', it was left as is. Did you mean '../../assets/tg/184/1.jpg'?
INFO    -  Doc file 'blog/posts/tg-186.md' contains an absolute link '/assets/tg/186/1.jpg', it was left as is. Did you mean '../../assets/tg/186/1.jpg'?
INFO    -  Doc file 'blog/posts/tg-187.md' contains an absolute link '/assets/tg/187/1.jpg', it was left as is. Did you mean '../../assets/tg/187/1.jpg'?
INFO    -  Doc file 'blog/posts/tg-187.md' contains an absolute link '/assets/tg/187/2.jpg', it was left as is. Did you mean '../../assets/tg/187/2.jpg'?
INFO    -  Doc file 'blog/posts/tg-19.md' contains an absolute link '/assets/tg/19/1.jpg', it was left as is. Did you mean '../../assets/tg/19/1.jpg'?
INFO    -  Doc file 'blog/posts/tg-190.md' contains an absolute link '/assets/tg/190/1.jpg', it was left as is. Did you mean '../../assets/tg/190/1.jpg'?
INFO    -  Doc file 'blog/posts/tg-191.md' contains an absolute link '/assets/tg/191/1.jpg', it was left as is. Did you mean '../../assets/tg/191/1.jpg'?
INFO    -  Doc file 'blog/posts/tg-202.md' contains an absolute link '/assets/tg/202/1.jpg', it was left as is. Did you mean '../../assets/tg/202/1.jpg'?
INFO    -  Doc file 'blog/posts/tg-206.md' contains an absolute link '/assets/tg/206/1.jpg', it was left as is. Did you mean '../../assets/tg/206/1.jpg'?
INFO    -  Doc file 'blog/posts/tg-208.md' contains an absolute link '/assets/tg/208/1.jpg', it was left as is. Did you mean '../../assets/tg/208/1.jpg'?
INFO    -  Doc file 'blog/posts/tg-21.md' contains an absolute link '/assets/tg/21/1.jpg', it was left as is. Did you mean '../../assets/tg/21/1.jpg'?
INFO    -  Doc file 'blog/posts/tg-210.md' contains an absolute link '/assets/tg/210/1.jpg', it was left as is. Did you mean '../../assets/tg/210/1.jpg'?
INFO    -  Doc file 'blog/posts/tg-210.md' contains an absolute link '/assets/tg/210/2.jpg', it was left as is. Did you mean '../../assets/tg/210/2.jpg'?
INFO    -  Doc file 'blog/posts/tg-210.md' contains an absolute link '/assets/tg/210/3.jpg', it was left as is. Did you mean '../../assets/tg/210/3.jpg'?
INFO    -  Doc file 'blog/posts/tg-213.md' contains an absolute link '/assets/tg/213/1.jpg', it was left as is. Did you mean '../../assets/tg/213/1.jpg'?
INFO    -  Doc file 'blog/posts/tg-215.md' contains an absolute link '/assets/tg/215/1.jpg', it was left as is. Did you mean '../../assets/tg/215/1.jpg'?
INFO    -  Doc file 'blog/posts/tg-216.md' contains an absolute link '/assets/tg/216/1.jpg', it was left as is. Did you mean '../../assets/tg/216/1.jpg'?
INFO    -  Doc file 'blog/posts/tg-216.md' contains an absolute link '/assets/tg/216/2.jpg', it was left as is. Did you mean '../../assets/tg/216/2.jpg'?
INFO    -  Doc file 'blog/posts/tg-218.md' contains an absolute link '/assets/tg/218/1.jpg', it was left as is. Did you mean '../../assets/tg/218/1.jpg'?
INFO    -  Doc file 'blog/posts/tg-219.md' contains an absolute link '/assets/tg/219/1.jpg', it was left as is. Did you mean '../../assets/tg/219/1.jpg'?
INFO    -  Doc file 'blog/posts/tg-220.md' contains an absolute link '/assets/tg/220/1.jpg', it was left as is. Did you mean '../../assets/tg/220/1.jpg'?
INFO    -  Doc file 'blog/posts/tg-221.md' contains an absolute link '/assets/tg/221/1.jpg', it was left as is. Did you mean '../../assets/tg/221/1.jpg'?
INFO    -  Doc file 'blog/posts/tg-223.md' contains an absolute link '/assets/tg/223/1.jpg', it was left as is. Did you mean '../../assets/tg/223/1.jpg'?
INFO    -  Doc file 'blog/posts/tg-223.md' contains an absolute link '/assets/tg/223/2.jpg', it was left as is. Did you mean '../../assets/tg/223/2.jpg'?
INFO    -  Doc file 'blog/posts/tg-223.md' contains an absolute link '/assets/tg/223/3.jpg', it was left as is. Did you mean '../../assets/tg/223/3.jpg'?
INFO    -  Doc file 'blog/posts/tg-223.md' contains an absolute link '/assets/tg/223/4.jpg', it was left as is. Did you mean '../../assets/tg/223/4.jpg'?
INFO    -  Doc file 'blog/posts/tg-223.md' contains an absolute link '/assets/tg/223/5.jpg', it was left as is. Did you mean '../../assets/tg/223/5.jpg'?
INFO    -  Doc file 'blog/posts/tg-223.md' contains an absolute link '/assets/tg/223/6.jpg', it was left as is. Did you mean '../../assets/tg/223/6.jpg'?
INFO    -  Doc file 'blog/posts/tg-223.md' contains an absolute link '/assets/tg/223/7.jpg', it was left as is. Did you mean '../../assets/tg/223/7.jpg'?
INFO    -  Doc file 'blog/posts/tg-223.md' contains an absolute link '/assets/tg/223/8.jpg', it was left as is. Did you mean '../../assets/tg/223/8.jpg'?
INFO    -  Doc file 'blog/posts/tg-232.md' contains an absolute link '/assets/tg/232/1.jpg', it was left as is. Did you mean '../../assets/tg/232/1.jpg'?
INFO    -  Doc file 'blog/posts/tg-237.md' contains an absolute link '/assets/tg/237/1.jpg', it was left as is. Did you mean '../../assets/tg/237/1.jpg'?
INFO    -  Doc file 'blog/posts/tg-240.md' contains an absolute link '/assets/tg/240/1.jpg', it was left as is. Did you mean '../../assets/tg/240/1.jpg'?
INFO    -  Doc file 'blog/posts/tg-242.md' contains an absolute link '/assets/tg/242/1.jpg', it was left as is. Did you mean '../../assets/tg/242/1.jpg'?
INFO    -  Doc file 'blog/posts/tg-242.md' contains an absolute link '/assets/tg/242/2.jpg', it was left as is. Did you mean '../../assets/tg/242/2.jpg'?
INFO    -  Doc file 'blog/posts/tg-244.md' contains an absolute link '/assets/tg/244/1.jpg', it was left as is. Did you mean '../../assets/tg/244/1.jpg'?
INFO    -  Doc file 'blog/posts/tg-244.md' contains an absolute link '/assets/tg/244/2.jpg', it was left as is. Did you mean '../../assets/tg/244/2.jpg'?
INFO    -  Doc file 'blog/posts/tg-246.md' contains an absolute link '/assets/tg/246/1.jpg', it was left as is. Did you mean '../../assets/tg/246/1.jpg'?
INFO    -  Doc file 'blog/posts/tg-246.md' contains an absolute link '/assets/tg/246/2.jpg', it was left as is. Did you mean '../../assets/tg/246/2.jpg'?
INFO    -  Doc file 'blog/posts/tg-248.md' contains an absolute link '/assets/tg/248/1.jpg', it was left as is. Did you mean '../../assets/tg/248/1.jpg'?
INFO    -  Doc file 'blog/posts/tg-249.md' contains an absolute link '/assets/tg/249/1.jpg', it was left as is. Did you mean '../../assets/tg/249/1.jpg'?
INFO    -  Doc file 'blog/posts/tg-250.md' contains an absolute link '/assets/tg/250/1.jpg', it was left as is. Did you mean '../../assets/tg/250/1.jpg'?
INFO    -  Doc file 'blog/posts/tg-251.md' contains an absolute link '/assets/tg/251/1.jpg', it was left as is. Did you mean '../../assets/tg/251/1.jpg'?
INFO    -  Doc file 'blog/posts/tg-253.md' contains an absolute link '/assets/tg/253/1.jpg', it was left as is. Did you mean '../../assets/tg/253/1.jpg'?
INFO    -  Doc file 'blog/posts/tg-254.md' contains an absolute link '/assets/tg/254/1.jpg', it was left as is. Did you mean '../../assets/tg/254/1.jpg'?
INFO    -  Doc file 'blog/posts/tg-255.md' contains an absolute link '/assets/tg/255/1.jpg', it was left as is. Did you mean '../../assets/tg/255/1.jpg'?
INFO    -  Doc file 'blog/posts/tg-256.md' contains an absolute link '/assets/tg/256/1.jpg', it was left as is. Did you mean '../../assets/tg/256/1.jpg'?
INFO    -  Doc file 'blog/posts/tg-259.md' contains an absolute link '/assets/tg/259/1.jpg', it was left as is. Did you mean '../../assets/tg/259/1.jpg'?
INFO    -  Doc file 'blog/posts/tg-260.md' contains an absolute link '/assets/tg/260/1.jpg', it was left as is. Did you mean '../../assets/tg/260/1.jpg'?
INFO    -  Doc file 'blog/posts/tg-261.md' contains an absolute link '/assets/tg/261/1.jpg', it was left as is. Did you mean '../../assets/tg/261/1.jpg'?
INFO    -  Doc file 'blog/posts/tg-261.md' contains an absolute link '/assets/tg/261/2.jpg', it was left as is. Did you mean '../../assets/tg/261/2.jpg'?
INFO    -  Doc file 'blog/posts/tg-261.md' contains an absolute link '/assets/tg/261/3.jpg', it was left as is. Did you mean '../../assets/tg/261/3.jpg'?
INFO    -  Doc file 'blog/posts/tg-261.md' contains an absolute link '/assets/tg/261/4.jpg', it was left as is. Did you mean '../../assets/tg/261/4.jpg'?
INFO    -  Doc file 'blog/posts/tg-267.md' contains an absolute link '/assets/tg/267/1.jpg', it was left as is. Did you mean '../../assets/tg/267/1.jpg'?
INFO    -  Doc file 'blog/posts/tg-269.md' contains an absolute link '/assets/tg/269/1.jpg', it was left as is. Did you mean '../../assets/tg/269/1.jpg'?
INFO    -  Doc file 'blog/posts/tg-270.md' contains an absolute link '/assets/tg/270/1.jpg', it was left as is. Did you mean '../../assets/tg/270/1.jpg'?
INFO    -  Doc file 'blog/posts/tg-271.md' contains an absolute link '/assets/tg/271/1.jpg', it was left as is. Did you mean '../../assets/tg/271/1.jpg'?
INFO    -  Doc file 'blog/posts/tg-276.md' contains an absolute link '/assets/tg/276/1.jpg', it was left as is. Did you mean '../../assets/tg/276/1.jpg'?
INFO    -  Doc file 'blog/posts/tg-277.md' contains an absolute link '/assets/tg/277/1.jpg', it was left as is. Did you mean '../../assets/tg/277/1.jpg'?
INFO    -  Doc file 'blog/posts/tg-278.md' contains an absolute link '/assets/tg/278/1.jpg', it was left as is. Did you mean '../../assets/tg/278/1.jpg'?
INFO    -  Doc file 'blog/posts/tg-281.md' contains an absolute link '/assets/tg/281/1.jpg', it was left as is. Did you mean '../../assets/tg/281/1.jpg'?
INFO    -  Doc file 'blog/posts/tg-282.md' contains an absolute link '/assets/tg/282/1.jpg', it was left as is. Did you mean '../../assets/tg/282/1.jpg'?
INFO    -  Doc file 'blog/posts/tg-292.md' contains an absolute link '/assets/tg/292/1.jpg', it was left as is. Did you mean '../../assets/tg/292/1.jpg'?
INFO    -  Doc file 'blog/posts/tg-294.md' contains an absolute link '/assets/tg/294/1.jpg', it was left as is. Did you mean '../../assets/tg/294/1.jpg'?
INFO    -  Doc file 'blog/posts/tg-294.md' contains an absolute link '/assets/tg/294/2.jpg', it was left as is. Did you mean '../../assets/tg/294/2.jpg'?
INFO    -  Doc file 'blog/posts/tg-296.md' contains an absolute link '/assets/tg/296/1.jpg', it was left as is. Did you mean '../../assets/tg/296/1.jpg'?
INFO    -  Doc file 'blog/posts/tg-296.md' contains an absolute link '/assets/tg/296/2.jpg', it was left as is. Did you mean '../../assets/tg/296/2.jpg'?
INFO    -  Doc file 'blog/posts/tg-296.md' contains an absolute link '/assets/tg/296/3.jpg', it was left as is. Did you mean '../../assets/tg/296/3.jpg'?
INFO    -  Doc file 'blog/posts/tg-299.md' contains an absolute link '/assets/tg/299/1.jpg', it was left as is. Did you mean '../../assets/tg/299/1.jpg'?
INFO    -  Doc file 'blog/posts/tg-3.md' contains an absolute link '/assets/tg/3/1.jpg', it was left as is. Did you mean '../../assets/tg/3/1.jpg'?
INFO    -  Doc file 'blog/posts/tg-307.md' contains an absolute link '/assets/tg/307/1.jpg', it was left as is. Did you mean '../../assets/tg/307/1.jpg'?
INFO    -  Doc file 'blog/posts/tg-312.md' contains an absolute link '/assets/tg/312/1.jpg', it was left as is. Did you mean '../../assets/tg/312/1.jpg'?
INFO    -  Doc file 'blog/posts/tg-314.md' contains an absolute link '/assets/tg/314/1.jpg', it was left as is. Did you mean '../../assets/tg/314/1.jpg'?
INFO    -  Doc file 'blog/posts/tg-318.md' contains an absolute link '/assets/tg/318/1.jpg', it was left as is. Did you mean '../../assets/tg/318/1.jpg'?
INFO    -  Doc file 'blog/posts/tg-318.md' contains an absolute link '/assets/tg/318/2.jpg', it was left as is. Did you mean '../../assets/tg/318/2.jpg'?
INFO    -  Doc file 'blog/posts/tg-318.md' contains an absolute link '/assets/tg/318/3.jpg', it was left as is. Did you mean '../../assets/tg/318/3.jpg'?
INFO    -  Doc file 'blog/posts/tg-32.md' contains an absolute link '/assets/tg/32/1.jpg', it was left as is. Did you mean '../../assets/tg/32/1.jpg'?
INFO    -  Doc file 'blog/posts/tg-32.md' contains an absolute link '/assets/tg/32/2.jpg', it was left as is. Did you mean '../../assets/tg/32/2.jpg'?
INFO    -  Doc file 'blog/posts/tg-32.md' contains an absolute link '/assets/tg/32/3.jpg', it was left as is. Did you mean '../../assets/tg/32/3.jpg'?
INFO    -  Doc file 'blog/posts/tg-32.md' contains an absolute link '/assets/tg/32/4.jpg', it was left as is. Did you mean '../../assets/tg/32/4.jpg'?
INFO    -  Doc file 'blog/posts/tg-321.md' contains an absolute link '/assets/tg/321/1.jpg', it was left as is. Did you mean '../../assets/tg/321/1.jpg'?
INFO    -  Doc file 'blog/posts/tg-325.md' contains an absolute link '/assets/tg/325/1.jpg', it was left as is. Did you mean '../../assets/tg/325/1.jpg'?
INFO    -  Doc file 'blog/posts/tg-326.md' contains an absolute link '/assets/tg/326/1.jpg', it was left as is. Did you mean '../../assets/tg/326/1.jpg'?
INFO    -  Doc file 'blog/posts/tg-326.md' contains an absolute link '/assets/tg/326/2.jpg', it was left as is. Did you mean '../../assets/tg/326/2.jpg'?
INFO    -  Doc file 'blog/posts/tg-326.md' contains an absolute link '/assets/tg/326/3.jpg', it was left as is. Did you mean '../../assets/tg/326/3.jpg'?
INFO    -  Doc file 'blog/posts/tg-326.md' contains an absolute link '/assets/tg/326/4.jpg', it was left as is. Did you mean '../../assets/tg/326/4.jpg'?
INFO    -  Doc file 'blog/posts/tg-331.md' contains an absolute link '/assets/tg/331/1.jpg', it was left as is. Did you mean '../../assets/tg/331/1.jpg'?
INFO    -  Doc file 'blog/posts/tg-332.md' contains an absolute link '/assets/tg/332/1.jpg', it was left as is. Did you mean '../../assets/tg/332/1.jpg'?
INFO    -  Doc file 'blog/posts/tg-333.md' contains an absolute link '/assets/tg/333/1.jpg', it was left as is. Did you mean '../../assets/tg/333/1.jpg'?
INFO    -  Doc file 'blog/posts/tg-4.md' contains an absolute link '/assets/tg/4/1.jpg', it was left as is. Did you mean '../../assets/tg/4/1.jpg'?
INFO    -  Doc file 'blog/posts/tg-45.md' contains an absolute link '/assets/tg/45/1.jpg', it was left as is. Did you mean '../../assets/tg/45/1.jpg'?
INFO    -  Doc file 'blog/posts/tg-46.md' contains an absolute link '/assets/tg/46/1.jpg', it was left as is. Did you mean '../../assets/tg/46/1.jpg'?
INFO    -  Doc file 'blog/posts/tg-47.md' contains an absolute link '/assets/tg/47/1.jpg', it was left as is. Did you mean '../../assets/tg/47/1.jpg'?
INFO    -  Doc file 'blog/posts/tg-48.md' contains an absolute link '/assets/tg/48/1.jpg', it was left as is. Did you mean '../../assets/tg/48/1.jpg'?
INFO    -  Doc file 'blog/posts/tg-49.md' contains an absolute link '/assets/tg/49/1.jpg', it was left as is. Did you mean '../../assets/tg/49/1.jpg'?
INFO    -  Doc file 'blog/posts/tg-5.md' contains an absolute link '/assets/tg/5/1.jpg', it was left as is. Did you mean '../../assets/tg/5/1.jpg'?
INFO    -  Doc file 'blog/posts/tg-51.md' contains an absolute link '/assets/tg/51/1.jpg', it was left as is. Did you mean '../../assets/tg/51/1.jpg'?
INFO    -  Doc file 'blog/posts/tg-52.md' contains an absolute link '/assets/tg/52/1.jpg', it was left as is. Did you mean '../../assets/tg/52/1.jpg'?
INFO    -  Doc file 'blog/posts/tg-55.md' contains an absolute link '/assets/tg/55/1.jpg', it was left as is. Did you mean '../../assets/tg/55/1.jpg'?
INFO    -  Doc file 'blog/posts/tg-56.md' contains an absolute link '/assets/tg/56/1.jpg', it was left as is. Did you mean '../../assets/tg/56/1.jpg'?
INFO    -  Doc file 'blog/posts/tg-58.md' contains an absolute link '/assets/tg/58/1.jpg', it was left as is. Did you mean '../../assets/tg/58/1.jpg'?
INFO    -  Doc file 'blog/posts/tg-59.md' contains an absolute link '/assets/tg/59/1.jpg', it was left as is. Did you mean '../../assets/tg/59/1.jpg'?
INFO    -  Doc file 'blog/posts/tg-60.md' contains an absolute link '/assets/tg/60/1.jpg', it was left as is. Did you mean '../../assets/tg/60/1.jpg'?
INFO    -  Doc file 'blog/posts/tg-62.md' contains an absolute link '/assets/tg/62/1.jpg', it was left as is. Did you mean '../../assets/tg/62/1.jpg'?
INFO    -  Doc file 'blog/posts/tg-63.md' contains an absolute link '/assets/tg/63/1.jpg', it was left as is. Did you mean '../../assets/tg/63/1.jpg'?
INFO    -  Doc file 'blog/posts/tg-63.md' contains an absolute link '/assets/tg/63/2.jpg', it was left as is. Did you mean '../../assets/tg/63/2.jpg'?
INFO    -  Doc file 'blog/posts/tg-65.md' contains an absolute link '/assets/tg/65/1.jpg', it was left as is. Did you mean '../../assets/tg/65/1.jpg'?
INFO    -  Doc file 'blog/posts/tg-67.md' contains an absolute link '/assets/tg/67/1.jpg', it was left as is. Did you mean '../../assets/tg/67/1.jpg'?
INFO    -  Doc file 'blog/posts/tg-67.md' contains an absolute link '/assets/tg/67/2.jpg', it was left as is. Did you mean '../../assets/tg/67/2.jpg'?
INFO    -  Doc file 'blog/posts/tg-69.md' contains an absolute link '/assets/tg/69/1.jpg', it was left as is. Did you mean '../../assets/tg/69/1.jpg'?
INFO    -  Doc file 'blog/posts/tg-7.md' contains an absolute link '/assets/tg/7/1.jpg', it was left as is. Did you mean '../../assets/tg/7/1.jpg'?
INFO    -  Doc file 'blog/posts/tg-70.md' contains an absolute link '/assets/tg/70/1.jpg', it was left as is. Did you mean '../../assets/tg/70/1.jpg'?
INFO    -  Doc file 'blog/posts/tg-71.md' contains an absolute link '/assets/tg/71/1.jpg', it was left as is. Did you mean '../../assets/tg/71/1.jpg'?
INFO    -  Doc file 'blog/posts/tg-72.md' contains an absolute link '/assets/tg/72/1.jpg', it was left as is. Did you mean '../../assets/tg/72/1.jpg'?
INFO    -  Doc file 'blog/posts/tg-73.md' contains an absolute link '/assets/tg/73/1.jpg', it was left as is. Did you mean '../../assets/tg/73/1.jpg'?
INFO    -  Doc file 'blog/posts/tg-73.md' contains an absolute link '/assets/tg/73/2.jpg', it was left as is. Did you mean '../../assets/tg/73/2.jpg'?
INFO    -  Doc file 'blog/posts/tg-75.md' contains an absolute link '/assets/tg/75/1.jpg', it was left as is. Did you mean '../../assets/tg/75/1.jpg'?
INFO    -  Doc file 'blog/posts/tg-75.md' contains an absolute link '/assets/tg/75/2.jpg', it was left as is. Did you mean '../../assets/tg/75/2.jpg'?
INFO    -  Doc file 'blog/posts/tg-77.md' contains an absolute link '/assets/tg/77/1.jpg', it was left as is. Did you mean '../../assets/tg/77/1.jpg'?
INFO    -  Doc file 'blog/posts/tg-77.md' contains an absolute link '/assets/tg/77/2.jpg', it was left as is. Did you mean '../../assets/tg/77/2.jpg'?
INFO    -  Doc file 'blog/posts/tg-8.md' contains an absolute link '/assets/tg/8/1.jpg', it was left as is. Did you mean '../../assets/tg/8/1.jpg'?
INFO    -  Doc file 'blog/posts/tg-8.md' contains an absolute link '/assets/tg/8/2.jpg', it was left as is. Did you mean '../../assets/tg/8/2.jpg'?
INFO    -  Doc file 'blog/posts/tg-80.md' contains an absolute link '/assets/tg/80/1.jpg', it was left as is. Did you mean '../../assets/tg/80/1.jpg'?
INFO    -  Doc file 'blog/posts/tg-81.md' contains an absolute link '/assets/tg/81/1.jpg', it was left as is. Did you mean '../../assets/tg/81/1.jpg'?
INFO    -  Doc file 'blog/posts/tg-82.md' contains an absolute link '/assets/tg/82/1.jpg', it was left as is. Did you mean '../../assets/tg/82/1.jpg'?
INFO    -  Doc file 'blog/posts/tg-82.md' contains an absolute link '/assets/tg/82/2.jpg', it was left as is. Did you mean '../../assets/tg/82/2.jpg'?
INFO    -  Doc file 'blog/posts/tg-85.md' contains an absolute link '/assets/tg/85/1.jpg', it was left as is. Did you mean '../../assets/tg/85/1.jpg'?
INFO    -  Doc file 'blog/posts/tg-86.md' contains an absolute link '/assets/tg/86/1.jpg', it was left as is. Did you mean '../../assets/tg/86/1.jpg'?
INFO    -  Doc file 'blog/posts/tg-86.md' contains an absolute link '/assets/tg/86/2.jpg', it was left as is. Did you mean '../../assets/tg/86/2.jpg'?
INFO    -  Doc file 'blog/posts/tg-88.md' contains an absolute link '/assets/tg/88/1.jpg', it was left as is. Did you mean '../../assets/tg/88/1.jpg'?
INFO    -  Doc file 'blog/posts/tg-89.md' contains an absolute link '/assets/tg/89/1.jpg', it was left as is. Did you mean '../../assets/tg/89/1.jpg'?
INFO    -  Doc file 'blog/posts/tg-90.md' contains an absolute link '/assets/tg/90/1.jpg', it was left as is. Did you mean '../../assets/tg/90/1.jpg'?
INFO    -  Doc file 'blog/posts/tg-91.md' contains an absolute link '/assets/tg/91/1.jpg', it was left as is. Did you mean '../../assets/tg/91/1.jpg'?
INFO    -  Doc file 'blog/posts/tg-93.md' contains an absolute link '/assets/tg/93/1.jpg', it was left as is. Did you mean '../../assets/tg/93/1.jpg'?
INFO    -  Doc file 'blog/posts/tg-95.md' contains an absolute link '/assets/tg/95/1.jpg', it was left as is. Did you mean '../../assets/tg/95/1.jpg'?
INFO    -  Doc file 'blog/posts/tg-95.md' contains an absolute link '/assets/tg/95/2.jpg', it was left as is. Did you mean '../../assets/tg/95/2.jpg'?
INFO    -  Doc file 'blog/posts/tg-95.md' contains an absolute link '/assets/tg/95/3.jpg', it was left as is. Did you mean '../../assets/tg/95/3.jpg'?
INFO    -  Doc file 'blog/posts/tg-95.md' contains an absolute link '/assets/tg/95/4.jpg', it was left as is. Did you mean '../../assets/tg/95/4.jpg'?
Building prefix dict from the default dictionary ...
Loading model from cache C:\Users\ZL\AppData\Local\Temp\jieba.cache
Loading model cost 0.449 seconds.
Prefix dict has been built successfully.
INFO    -  Documentation built in 4.30 seconds
待部署文件：597
X99 镜像更新完成（597 个文件）
warning: in the working copy of 'scripts/.sync.log', CRLF will be replaced by LF the next time Git touches it
已推送到 GitHub
=== 2026-10-07 02:27:22 完成 ===
=== 2026-10-07 02:29:55 同步开始 ===
已知帖子 15 条，开始抓取（全量）
  page 1   315..334  new=15
  page 2   293..314  new=17
  page 3   273..292  new=20
  page 4   252..271  new=17
  page 5   223..251  new=17
  page 6   203..222  new=17
  page 7   178..202  new=18
  page 8   157..177  new=19
  page 9   132..156  new=19
  page 10  112..131  new=20
  page 11  91..111  new=16
  page 12  70..90  new=16
  page 13  50..69  new=18
  page 14  29..49  new=17
  page 15  8..28  new=20
  page 16  1..7  new=7
抓到 273 条 -> 合并后 266 条（7 条为同段聚合）
新增 0 / 更新 18 / 跳过 248 | 媒体 0 张 0.0 MB | 视频 125.0 MB
reaction 播种 125 条帖子 -> scripts/tg-reactions-seed.json
待确认分类 188 条 -> scripts/tg-review.md
reaction 播种完成：0 项（服务器现有 126 个帖子）

 │  ⚠  Warning from the Material for MkDocs team
 │
 │  MkDocs 2.0, the underlying framework of Material for MkDocs,
 │  will introduce backward-incompatible changes, including:
 │
 │  × All plugins will stop working – the plugin system has been removed
 │  × All theme overrides will break – the theming system has been rewritten
 │  × No migration path exists – existing projects cannot be upgraded
 │  × Closed contribution model – community members can't report bugs
 │  × Currently unlicensed – unsuitable for production use
 │
 │  Our full analysis:
 │
 │  https://squidfunk.github.io/mkdocs-material/blog/2026/02/18/mkdocs-2.0/

INFO    -  Cleaning site directory
INFO    -  Building documentation to directory: C:\Users\ZL\Documents\ZL114514.github.io\docs
INFO    -  Doc file 'blog/posts/tg-100.md' contains an absolute link '/assets/tg/100/1.jpg', it was left as is. Did you mean '../../assets/tg/100/1.jpg'?
INFO    -  Doc file 'blog/posts/tg-101.md' contains an absolute link '/assets/tg/101/1.jpg', it was left as is. Did you mean '../../assets/tg/101/1.jpg'?
INFO    -  Doc file 'blog/posts/tg-102.md' contains an absolute link '/assets/tg/102/1.jpg', it was left as is. Did you mean '../../assets/tg/102/1.jpg'?
INFO    -  Doc file 'blog/posts/tg-103.md' contains an absolute link '/assets/tg/103/1.jpg', it was left as is. Did you mean '../../assets/tg/103/1.jpg'?
INFO    -  Doc file 'blog/posts/tg-103.md' contains an absolute link '/assets/tg/103/2.jpg', it was left as is. Did you mean '../../assets/tg/103/2.jpg'?
INFO    -  Doc file 'blog/posts/tg-109.md' contains an absolute link '/assets/tg/109/1.jpg', it was left as is. Did you mean '../../assets/tg/109/1.jpg'?
INFO    -  Doc file 'blog/posts/tg-111.md' contains an absolute link '/assets/tg/111/1.jpg', it was left as is. Did you mean '../../assets/tg/111/1.jpg'?
INFO    -  Doc file 'blog/posts/tg-120.md' contains an absolute link '/assets/tg/120/1.jpg', it was left as is. Did you mean '../../assets/tg/120/1.jpg'?
INFO    -  Doc file 'blog/posts/tg-122.md' contains an absolute link '/assets/tg/122/1.jpg', it was left as is. Did you mean '../../assets/tg/122/1.jpg'?
INFO    -  Doc file 'blog/posts/tg-129.md' contains an absolute link '/assets/tg/129/1.jpg', it was left as is. Did you mean '../../assets/tg/129/1.jpg'?
INFO    -  Doc file 'blog/posts/tg-13.md' contains an absolute link '/assets/tg/13/1.jpg', it was left as is. Did you mean '../../assets/tg/13/1.jpg'?
INFO    -  Doc file 'blog/posts/tg-13.md' contains an absolute link '/assets/tg/13/2.jpg', it was left as is. Did you mean '../../assets/tg/13/2.jpg'?
INFO    -  Doc file 'blog/posts/tg-131.md' contains an absolute link '/assets/tg/131/1.jpg', it was left as is. Did you mean '../../assets/tg/131/1.jpg'?
INFO    -  Doc file 'blog/posts/tg-132.md' contains an absolute link '/assets/tg/132/1.jpg', it was left as is. Did you mean '../../assets/tg/132/1.jpg'?
INFO    -  Doc file 'blog/posts/tg-133.md' contains an absolute link '/assets/tg/133/1.jpg', it was left as is. Did you mean '../../assets/tg/133/1.jpg'?
INFO    -  Doc file 'blog/posts/tg-134.md' contains an absolute link '/assets/tg/134/1.jpg', it was left as is. Did you mean '../../assets/tg/134/1.jpg'?
INFO    -  Doc file 'blog/posts/tg-141.md' contains an absolute link '/assets/tg/141/1.jpg', it was left as is. Did you mean '../../assets/tg/141/1.jpg'?
INFO    -  Doc file 'blog/posts/tg-141.md' contains an absolute link '/assets/tg/141/2.jpg', it was left as is. Did you mean '../../assets/tg/141/2.jpg'?
INFO    -  Doc file 'blog/posts/tg-143.md' contains an absolute link '/assets/tg/143/1.jpg', it was left as is. Did you mean '../../assets/tg/143/1.jpg'?
INFO    -  Doc file 'blog/posts/tg-154.md' contains an absolute link '/assets/tg/154/1.jpg', it was left as is. Did you mean '../../assets/tg/154/1.jpg'?
INFO    -  Doc file 'blog/posts/tg-155.md' contains an absolute link '/assets/tg/155/1.jpg', it was left as is. Did you mean '../../assets/tg/155/1.jpg'?
INFO    -  Doc file 'blog/posts/tg-156.md' contains an absolute link '/assets/tg/156/1.jpg', it was left as is. Did you mean '../../assets/tg/156/1.jpg'?
INFO    -  Doc file 'blog/posts/tg-157.md' contains an absolute link '/assets/tg/157/1.jpg', it was left as is. Did you mean '../../assets/tg/157/1.jpg'?
INFO    -  Doc file 'blog/posts/tg-157.md' contains an absolute link '/assets/tg/157/2.jpg', it was left as is. Did you mean '../../assets/tg/157/2.jpg'?
INFO    -  Doc file 'blog/posts/tg-162.md' contains an absolute link '/assets/tg/162/1.jpg', it was left as is. Did you mean '../../assets/tg/162/1.jpg'?
INFO    -  Doc file 'blog/posts/tg-162.md' contains an absolute link '/assets/tg/162/2.jpg', it was left as is. Did you mean '../../assets/tg/162/2.jpg'?
INFO    -  Doc file 'blog/posts/tg-164.md' contains an absolute link '/assets/tg/164/1.jpg', it was left as is. Did you mean '../../assets/tg/164/1.jpg'?
INFO    -  Doc file 'blog/posts/tg-165.md' contains an absolute link '/assets/tg/165/1.jpg', it was left as is. Did you mean '../../assets/tg/165/1.jpg'?
INFO    -  Doc file 'blog/posts/tg-167.md' contains an absolute link '/assets/tg/167/1.jpg', it was left as is. Did you mean '../../assets/tg/167/1.jpg'?
INFO    -  Doc file 'blog/posts/tg-168.md' contains an absolute link '/assets/tg/168/1.jpg', it was left as is. Did you mean '../../assets/tg/168/1.jpg'?
INFO    -  Doc file 'blog/posts/tg-17.md' contains an absolute link '/assets/tg/17/1.jpg', it was left as is. Did you mean '../../assets/tg/17/1.jpg'?
INFO    -  Doc file 'blog/posts/tg-18.md' contains an absolute link '/assets/tg/18/1.jpg', it was left as is. Did you mean '../../assets/tg/18/1.jpg'?
INFO    -  Doc file 'blog/posts/tg-180.md' contains an absolute link '/assets/tg/180/1.jpg', it was left as is. Did you mean '../../assets/tg/180/1.jpg'?
INFO    -  Doc file 'blog/posts/tg-180.md' contains an absolute link '/assets/tg/180/2.jpg', it was left as is. Did you mean '../../assets/tg/180/2.jpg'?
INFO    -  Doc file 'blog/posts/tg-184.md' contains an absolute link '/assets/tg/184/1.jpg', it was left as is. Did you mean '../../assets/tg/184/1.jpg'?
INFO    -  Doc file 'blog/posts/tg-186.md' contains an absolute link '/assets/tg/186/1.jpg', it was left as is. Did you mean '../../assets/tg/186/1.jpg'?
INFO    -  Doc file 'blog/posts/tg-187.md' contains an absolute link '/assets/tg/187/1.jpg', it was left as is. Did you mean '../../assets/tg/187/1.jpg'?
INFO    -  Doc file 'blog/posts/tg-187.md' contains an absolute link '/assets/tg/187/2.jpg', it was left as is. Did you mean '../../assets/tg/187/2.jpg'?
INFO    -  Doc file 'blog/posts/tg-19.md' contains an absolute link '/assets/tg/19/1.jpg', it was left as is. Did you mean '../../assets/tg/19/1.jpg'?
INFO    -  Doc file 'blog/posts/tg-190.md' contains an absolute link '/assets/tg/190/1.jpg', it was left as is. Did you mean '../../assets/tg/190/1.jpg'?
INFO    -  Doc file 'blog/posts/tg-191.md' contains an absolute link '/assets/tg/191/1.jpg', it was left as is. Did you mean '../../assets/tg/191/1.jpg'?
INFO    -  Doc file 'blog/posts/tg-202.md' contains an absolute link '/assets/tg/202/1.jpg', it was left as is. Did you mean '../../assets/tg/202/1.jpg'?
INFO    -  Doc file 'blog/posts/tg-206.md' contains an absolute link '/assets/tg/206/1.jpg', it was left as is. Did you mean '../../assets/tg/206/1.jpg'?
INFO    -  Doc file 'blog/posts/tg-208.md' contains an absolute link '/assets/tg/208/1.jpg', it was left as is. Did you mean '../../assets/tg/208/1.jpg'?
INFO    -  Doc file 'blog/posts/tg-21.md' contains an absolute link '/assets/tg/21/1.jpg', it was left as is. Did you mean '../../assets/tg/21/1.jpg'?
INFO    -  Doc file 'blog/posts/tg-210.md' contains an absolute link '/assets/tg/210/1.jpg', it was left as is. Did you mean '../../assets/tg/210/1.jpg'?
INFO    -  Doc file 'blog/posts/tg-210.md' contains an absolute link '/assets/tg/210/2.jpg', it was left as is. Did you mean '../../assets/tg/210/2.jpg'?
INFO    -  Doc file 'blog/posts/tg-210.md' contains an absolute link '/assets/tg/210/3.jpg', it was left as is. Did you mean '../../assets/tg/210/3.jpg'?
INFO    -  Doc file 'blog/posts/tg-213.md' contains an absolute link '/assets/tg/213/1.jpg', it was left as is. Did you mean '../../assets/tg/213/1.jpg'?
INFO    -  Doc file 'blog/posts/tg-215.md' contains an absolute link '/assets/tg/215/1.jpg', it was left as is. Did you mean '../../assets/tg/215/1.jpg'?
INFO    -  Doc file 'blog/posts/tg-216.md' contains an absolute link '/assets/tg/216/1.jpg', it was left as is. Did you mean '../../assets/tg/216/1.jpg'?
INFO    -  Doc file 'blog/posts/tg-216.md' contains an absolute link '/assets/tg/216/2.jpg', it was left as is. Did you mean '../../assets/tg/216/2.jpg'?
INFO    -  Doc file 'blog/posts/tg-218.md' contains an absolute link '/assets/tg/218/1.jpg', it was left as is. Did you mean '../../assets/tg/218/1.jpg'?
INFO    -  Doc file 'blog/posts/tg-219.md' contains an absolute link '/assets/tg/219/1.jpg', it was left as is. Did you mean '../../assets/tg/219/1.jpg'?
INFO    -  Doc file 'blog/posts/tg-220.md' contains an absolute link '/assets/tg/220/1.jpg', it was left as is. Did you mean '../../assets/tg/220/1.jpg'?
INFO    -  Doc file 'blog/posts/tg-221.md' contains an absolute link '/assets/tg/221/1.jpg', it was left as is. Did you mean '../../assets/tg/221/1.jpg'?
INFO    -  Doc file 'blog/posts/tg-223.md' contains an absolute link '/assets/tg/223/1.jpg', it was left as is. Did you mean '../../assets/tg/223/1.jpg'?
INFO    -  Doc file 'blog/posts/tg-223.md' contains an absolute link '/assets/tg/223/2.jpg', it was left as is. Did you mean '../../assets/tg/223/2.jpg'?
INFO    -  Doc file 'blog/posts/tg-223.md' contains an absolute link '/assets/tg/223/3.jpg', it was left as is. Did you mean '../../assets/tg/223/3.jpg'?
INFO    -  Doc file 'blog/posts/tg-223.md' contains an absolute link '/assets/tg/223/4.jpg', it was left as is. Did you mean '../../assets/tg/223/4.jpg'?
INFO    -  Doc file 'blog/posts/tg-223.md' contains an absolute link '/assets/tg/223/5.jpg', it was left as is. Did you mean '../../assets/tg/223/5.jpg'?
INFO    -  Doc file 'blog/posts/tg-223.md' contains an absolute link '/assets/tg/223/6.jpg', it was left as is. Did you mean '../../assets/tg/223/6.jpg'?
INFO    -  Doc file 'blog/posts/tg-223.md' contains an absolute link '/assets/tg/223/7.jpg', it was left as is. Did you mean '../../assets/tg/223/7.jpg'?
INFO    -  Doc file 'blog/posts/tg-223.md' contains an absolute link '/assets/tg/223/8.jpg', it was left as is. Did you mean '../../assets/tg/223/8.jpg'?
INFO    -  Doc file 'blog/posts/tg-232.md' contains an absolute link '/assets/tg/232/1.jpg', it was left as is. Did you mean '../../assets/tg/232/1.jpg'?
INFO    -  Doc file 'blog/posts/tg-237.md' contains an absolute link '/assets/tg/237/1.jpg', it was left as is. Did you mean '../../assets/tg/237/1.jpg'?
INFO    -  Doc file 'blog/posts/tg-240.md' contains an absolute link '/assets/tg/240/1.jpg', it was left as is. Did you mean '../../assets/tg/240/1.jpg'?
INFO    -  Doc file 'blog/posts/tg-242.md' contains an absolute link '/assets/tg/242/1.jpg', it was left as is. Did you mean '../../assets/tg/242/1.jpg'?
INFO    -  Doc file 'blog/posts/tg-242.md' contains an absolute link '/assets/tg/242/2.jpg', it was left as is. Did you mean '../../assets/tg/242/2.jpg'?
INFO    -  Doc file 'blog/posts/tg-244.md' contains an absolute link '/assets/tg/244/1.jpg', it was left as is. Did you mean '../../assets/tg/244/1.jpg'?
INFO    -  Doc file 'blog/posts/tg-244.md' contains an absolute link '/assets/tg/244/2.jpg', it was left as is. Did you mean '../../assets/tg/244/2.jpg'?
INFO    -  Doc file 'blog/posts/tg-246.md' contains an absolute link '/assets/tg/246/1.jpg', it was left as is. Did you mean '../../assets/tg/246/1.jpg'?
INFO    -  Doc file 'blog/posts/tg-246.md' contains an absolute link '/assets/tg/246/2.jpg', it was left as is. Did you mean '../../assets/tg/246/2.jpg'?
INFO    -  Doc file 'blog/posts/tg-248.md' contains an absolute link '/assets/tg/248/1.jpg', it was left as is. Did you mean '../../assets/tg/248/1.jpg'?
INFO    -  Doc file 'blog/posts/tg-249.md' contains an absolute link '/assets/tg/249/1.jpg', it was left as is. Did you mean '../../assets/tg/249/1.jpg'?
INFO    -  Doc file 'blog/posts/tg-250.md' contains an absolute link '/assets/tg/250/1.jpg', it was left as is. Did you mean '../../assets/tg/250/1.jpg'?
INFO    -  Doc file 'blog/posts/tg-251.md' contains an absolute link '/assets/tg/251/1.jpg', it was left as is. Did you mean '../../assets/tg/251/1.jpg'?
INFO    -  Doc file 'blog/posts/tg-253.md' contains an absolute link '/assets/tg/253/1.jpg', it was left as is. Did you mean '../../assets/tg/253/1.jpg'?
INFO    -  Doc file 'blog/posts/tg-254.md' contains an absolute link '/assets/tg/254/1.jpg', it was left as is. Did you mean '../../assets/tg/254/1.jpg'?
INFO    -  Doc file 'blog/posts/tg-255.md' contains an absolute link '/assets/tg/255/1.jpg', it was left as is. Did you mean '../../assets/tg/255/1.jpg'?
INFO    -  Doc file 'blog/posts/tg-256.md' contains an absolute link '/assets/tg/256/1.jpg', it was left as is. Did you mean '../../assets/tg/256/1.jpg'?
INFO    -  Doc file 'blog/posts/tg-259.md' contains an absolute link '/assets/tg/259/1.jpg', it was left as is. Did you mean '../../assets/tg/259/1.jpg'?
INFO    -  Doc file 'blog/posts/tg-260.md' contains an absolute link '/assets/tg/260/1.jpg', it was left as is. Did you mean '../../assets/tg/260/1.jpg'?
INFO    -  Doc file 'blog/posts/tg-261.md' contains an absolute link '/assets/tg/261/1.jpg', it was left as is. Did you mean '../../assets/tg/261/1.jpg'?
INFO    -  Doc file 'blog/posts/tg-261.md' contains an absolute link '/assets/tg/261/2.jpg', it was left as is. Did you mean '../../assets/tg/261/2.jpg'?
INFO    -  Doc file 'blog/posts/tg-261.md' contains an absolute link '/assets/tg/261/3.jpg', it was left as is. Did you mean '../../assets/tg/261/3.jpg'?
INFO    -  Doc file 'blog/posts/tg-261.md' contains an absolute link '/assets/tg/261/4.jpg', it was left as is. Did you mean '../../assets/tg/261/4.jpg'?
INFO    -  Doc file 'blog/posts/tg-267.md' contains an absolute link '/assets/tg/267/1.jpg', it was left as is. Did you mean '../../assets/tg/267/1.jpg'?
INFO    -  Doc file 'blog/posts/tg-269.md' contains an absolute link '/assets/tg/269/1.jpg', it was left as is. Did you mean '../../assets/tg/269/1.jpg'?
INFO    -  Doc file 'blog/posts/tg-270.md' contains an absolute link '/assets/tg/270/1.jpg', it was left as is. Did you mean '../../assets/tg/270/1.jpg'?
INFO    -  Doc file 'blog/posts/tg-271.md' contains an absolute link '/assets/tg/271/1.jpg', it was left as is. Did you mean '../../assets/tg/271/1.jpg'?
INFO    -  Doc file 'blog/posts/tg-276.md' contains an absolute link '/assets/tg/276/1.jpg', it was left as is. Did you mean '../../assets/tg/276/1.jpg'?
INFO    -  Doc file 'blog/posts/tg-277.md' contains an absolute link '/assets/tg/277/1.jpg', it was left as is. Did you mean '../../assets/tg/277/1.jpg'?
INFO    -  Doc file 'blog/posts/tg-278.md' contains an absolute link '/assets/tg/278/1.jpg', it was left as is. Did you mean '../../assets/tg/278/1.jpg'?
INFO    -  Doc file 'blog/posts/tg-281.md' contains an absolute link '/assets/tg/281/1.jpg', it was left as is. Did you mean '../../assets/tg/281/1.jpg'?
INFO    -  Doc file 'blog/posts/tg-282.md' contains an absolute link '/assets/tg/282/1.jpg', it was left as is. Did you mean '../../assets/tg/282/1.jpg'?
INFO    -  Doc file 'blog/posts/tg-292.md' contains an absolute link '/assets/tg/292/1.jpg', it was left as is. Did you mean '../../assets/tg/292/1.jpg'?
INFO    -  Doc file 'blog/posts/tg-294.md' contains an absolute link '/assets/tg/294/1.jpg', it was left as is. Did you mean '../../assets/tg/294/1.jpg'?
INFO    -  Doc file 'blog/posts/tg-294.md' contains an absolute link '/assets/tg/294/2.jpg', it was left as is. Did you mean '../../assets/tg/294/2.jpg'?
INFO    -  Doc file 'blog/posts/tg-296.md' contains an absolute link '/assets/tg/296/1.jpg', it was left as is. Did you mean '../../assets/tg/296/1.jpg'?
INFO    -  Doc file 'blog/posts/tg-296.md' contains an absolute link '/assets/tg/296/2.jpg', it was left as is. Did you mean '../../assets/tg/296/2.jpg'?
INFO    -  Doc file 'blog/posts/tg-296.md' contains an absolute link '/assets/tg/296/3.jpg', it was left as is. Did you mean '../../assets/tg/296/3.jpg'?
INFO    -  Doc file 'blog/posts/tg-299.md' contains an absolute link '/assets/tg/299/1.jpg', it was left as is. Did you mean '../../assets/tg/299/1.jpg'?
INFO    -  Doc file 'blog/posts/tg-3.md' contains an absolute link '/assets/tg/3/1.jpg', it was left as is. Did you mean '../../assets/tg/3/1.jpg'?
INFO    -  Doc file 'blog/posts/tg-307.md' contains an absolute link '/assets/tg/307/1.jpg', it was left as is. Did you mean '../../assets/tg/307/1.jpg'?
INFO    -  Doc file 'blog/posts/tg-312.md' contains an absolute link '/assets/tg/312/1.jpg', it was left as is. Did you mean '../../assets/tg/312/1.jpg'?
INFO    -  Doc file 'blog/posts/tg-314.md' contains an absolute link '/assets/tg/314/1.jpg', it was left as is. Did you mean '../../assets/tg/314/1.jpg'?
INFO    -  Doc file 'blog/posts/tg-318.md' contains an absolute link '/assets/tg/318/1.jpg', it was left as is. Did you mean '../../assets/tg/318/1.jpg'?
INFO    -  Doc file 'blog/posts/tg-318.md' contains an absolute link '/assets/tg/318/2.jpg', it was left as is. Did you mean '../../assets/tg/318/2.jpg'?
INFO    -  Doc file 'blog/posts/tg-318.md' contains an absolute link '/assets/tg/318/3.jpg', it was left as is. Did you mean '../../assets/tg/318/3.jpg'?
INFO    -  Doc file 'blog/posts/tg-32.md' contains an absolute link '/assets/tg/32/1.jpg', it was left as is. Did you mean '../../assets/tg/32/1.jpg'?
INFO    -  Doc file 'blog/posts/tg-32.md' contains an absolute link '/assets/tg/32/2.jpg', it was left as is. Did you mean '../../assets/tg/32/2.jpg'?
INFO    -  Doc file 'blog/posts/tg-32.md' contains an absolute link '/assets/tg/32/3.jpg', it was left as is. Did you mean '../../assets/tg/32/3.jpg'?
INFO    -  Doc file 'blog/posts/tg-32.md' contains an absolute link '/assets/tg/32/4.jpg', it was left as is. Did you mean '../../assets/tg/32/4.jpg'?
INFO    -  Doc file 'blog/posts/tg-321.md' contains an absolute link '/assets/tg/321/1.jpg', it was left as is. Did you mean '../../assets/tg/321/1.jpg'?
INFO    -  Doc file 'blog/posts/tg-325.md' contains an absolute link '/assets/tg/325/1.jpg', it was left as is. Did you mean '../../assets/tg/325/1.jpg'?
INFO    -  Doc file 'blog/posts/tg-326.md' contains an absolute link '/assets/tg/326/1.jpg', it was left as is. Did you mean '../../assets/tg/326/1.jpg'?
INFO    -  Doc file 'blog/posts/tg-326.md' contains an absolute link '/assets/tg/326/2.jpg', it was left as is. Did you mean '../../assets/tg/326/2.jpg'?
INFO    -  Doc file 'blog/posts/tg-326.md' contains an absolute link '/assets/tg/326/3.jpg', it was left as is. Did you mean '../../assets/tg/326/3.jpg'?
INFO    -  Doc file 'blog/posts/tg-326.md' contains an absolute link '/assets/tg/326/4.jpg', it was left as is. Did you mean '../../assets/tg/326/4.jpg'?
INFO    -  Doc file 'blog/posts/tg-331.md' contains an absolute link '/assets/tg/331/1.jpg', it was left as is. Did you mean '../../assets/tg/331/1.jpg'?
INFO    -  Doc file 'blog/posts/tg-332.md' contains an absolute link '/assets/tg/332/1.jpg', it was left as is. Did you mean '../../assets/tg/332/1.jpg'?
INFO    -  Doc file 'blog/posts/tg-333.md' contains an absolute link '/assets/tg/333/1.jpg', it was left as is. Did you mean '../../assets/tg/333/1.jpg'?
INFO    -  Doc file 'blog/posts/tg-4.md' contains an absolute link '/assets/tg/4/1.jpg', it was left as is. Did you mean '../../assets/tg/4/1.jpg'?
INFO    -  Doc file 'blog/posts/tg-45.md' contains an absolute link '/assets/tg/45/1.jpg', it was left as is. Did you mean '../../assets/tg/45/1.jpg'?
INFO    -  Doc file 'blog/posts/tg-46.md' contains an absolute link '/assets/tg/46/1.jpg', it was left as is. Did you mean '../../assets/tg/46/1.jpg'?
INFO    -  Doc file 'blog/posts/tg-47.md' contains an absolute link '/assets/tg/47/1.jpg', it was left as is. Did you mean '../../assets/tg/47/1.jpg'?
INFO    -  Doc file 'blog/posts/tg-48.md' contains an absolute link '/assets/tg/48/1.jpg', it was left as is. Did you mean '../../assets/tg/48/1.jpg'?
INFO    -  Doc file 'blog/posts/tg-49.md' contains an absolute link '/assets/tg/49/1.jpg', it was left as is. Did you mean '../../assets/tg/49/1.jpg'?
INFO    -  Doc file 'blog/posts/tg-5.md' contains an absolute link '/assets/tg/5/1.jpg', it was left as is. Did you mean '../../assets/tg/5/1.jpg'?
INFO    -  Doc file 'blog/posts/tg-51.md' contains an absolute link '/assets/tg/51/1.jpg', it was left as is. Did you mean '../../assets/tg/51/1.jpg'?
INFO    -  Doc file 'blog/posts/tg-52.md' contains an absolute link '/assets/tg/52/1.jpg', it was left as is. Did you mean '../../assets/tg/52/1.jpg'?
INFO    -  Doc file 'blog/posts/tg-55.md' contains an absolute link '/assets/tg/55/1.jpg', it was left as is. Did you mean '../../assets/tg/55/1.jpg'?
INFO    -  Doc file 'blog/posts/tg-56.md' contains an absolute link '/assets/tg/56/1.jpg', it was left as is. Did you mean '../../assets/tg/56/1.jpg'?
INFO    -  Doc file 'blog/posts/tg-58.md' contains an absolute link '/assets/tg/58/1.jpg', it was left as is. Did you mean '../../assets/tg/58/1.jpg'?
INFO    -  Doc file 'blog/posts/tg-59.md' contains an absolute link '/assets/tg/59/1.jpg', it was left as is. Did you mean '../../assets/tg/59/1.jpg'?
INFO    -  Doc file 'blog/posts/tg-60.md' contains an absolute link '/assets/tg/60/1.jpg', it was left as is. Did you mean '../../assets/tg/60/1.jpg'?
INFO    -  Doc file 'blog/posts/tg-62.md' contains an absolute link '/assets/tg/62/1.jpg', it was left as is. Did you mean '../../assets/tg/62/1.jpg'?
INFO    -  Doc file 'blog/posts/tg-63.md' contains an absolute link '/assets/tg/63/1.jpg', it was left as is. Did you mean '../../assets/tg/63/1.jpg'?
INFO    -  Doc file 'blog/posts/tg-63.md' contains an absolute link '/assets/tg/63/2.jpg', it was left as is. Did you mean '../../assets/tg/63/2.jpg'?
INFO    -  Doc file 'blog/posts/tg-65.md' contains an absolute link '/assets/tg/65/1.jpg', it was left as is. Did you mean '../../assets/tg/65/1.jpg'?
INFO    -  Doc file 'blog/posts/tg-67.md' contains an absolute link '/assets/tg/67/1.jpg', it was left as is. Did you mean '../../assets/tg/67/1.jpg'?
INFO    -  Doc file 'blog/posts/tg-67.md' contains an absolute link '/assets/tg/67/2.jpg', it was left as is. Did you mean '../../assets/tg/67/2.jpg'?
INFO    -  Doc file 'blog/posts/tg-69.md' contains an absolute link '/assets/tg/69/1.jpg', it was left as is. Did you mean '../../assets/tg/69/1.jpg'?
INFO    -  Doc file 'blog/posts/tg-7.md' contains an absolute link '/assets/tg/7/1.jpg', it was left as is. Did you mean '../../assets/tg/7/1.jpg'?
INFO    -  Doc file 'blog/posts/tg-70.md' contains an absolute link '/assets/tg/70/1.jpg', it was left as is. Did you mean '../../assets/tg/70/1.jpg'?
INFO    -  Doc file 'blog/posts/tg-71.md' contains an absolute link '/assets/tg/71/1.jpg', it was left as is. Did you mean '../../assets/tg/71/1.jpg'?
INFO    -  Doc file 'blog/posts/tg-72.md' contains an absolute link '/assets/tg/72/1.jpg', it was left as is. Did you mean '../../assets/tg/72/1.jpg'?
INFO    -  Doc file 'blog/posts/tg-73.md' contains an absolute link '/assets/tg/73/1.jpg', it was left as is. Did you mean '../../assets/tg/73/1.jpg'?
INFO    -  Doc file 'blog/posts/tg-73.md' contains an absolute link '/assets/tg/73/2.jpg', it was left as is. Did you mean '../../assets/tg/73/2.jpg'?
INFO    -  Doc file 'blog/posts/tg-75.md' contains an absolute link '/assets/tg/75/1.jpg', it was left as is. Did you mean '../../assets/tg/75/1.jpg'?
INFO    -  Doc file 'blog/posts/tg-75.md' contains an absolute link '/assets/tg/75/2.jpg', it was left as is. Did you mean '../../assets/tg/75/2.jpg'?
INFO    -  Doc file 'blog/posts/tg-77.md' contains an absolute link '/assets/tg/77/1.jpg', it was left as is. Did you mean '../../assets/tg/77/1.jpg'?
INFO    -  Doc file 'blog/posts/tg-77.md' contains an absolute link '/assets/tg/77/2.jpg', it was left as is. Did you mean '../../assets/tg/77/2.jpg'?
INFO    -  Doc file 'blog/posts/tg-8.md' contains an absolute link '/assets/tg/8/1.jpg', it was left as is. Did you mean '../../assets/tg/8/1.jpg'?
INFO    -  Doc file 'blog/posts/tg-8.md' contains an absolute link '/assets/tg/8/2.jpg', it was left as is. Did you mean '../../assets/tg/8/2.jpg'?
INFO    -  Doc file 'blog/posts/tg-80.md' contains an absolute link '/assets/tg/80/1.jpg', it was left as is. Did you mean '../../assets/tg/80/1.jpg'?
INFO    -  Doc file 'blog/posts/tg-81.md' contains an absolute link '/assets/tg/81/1.jpg', it was left as is. Did you mean '../../assets/tg/81/1.jpg'?
INFO    -  Doc file 'blog/posts/tg-82.md' contains an absolute link '/assets/tg/82/1.jpg', it was left as is. Did you mean '../../assets/tg/82/1.jpg'?
INFO    -  Doc file 'blog/posts/tg-82.md' contains an absolute link '/assets/tg/82/2.jpg', it was left as is. Did you mean '../../assets/tg/82/2.jpg'?
INFO    -  Doc file 'blog/posts/tg-85.md' contains an absolute link '/assets/tg/85/1.jpg', it was left as is. Did you mean '../../assets/tg/85/1.jpg'?
INFO    -  Doc file 'blog/posts/tg-86.md' contains an absolute link '/assets/tg/86/1.jpg', it was left as is. Did you mean '../../assets/tg/86/1.jpg'?
INFO    -  Doc file 'blog/posts/tg-86.md' contains an absolute link '/assets/tg/86/2.jpg', it was left as is. Did you mean '../../assets/tg/86/2.jpg'?
INFO    -  Doc file 'blog/posts/tg-88.md' contains an absolute link '/assets/tg/88/1.jpg', it was left as is. Did you mean '../../assets/tg/88/1.jpg'?
INFO    -  Doc file 'blog/posts/tg-89.md' contains an absolute link '/assets/tg/89/1.jpg', it was left as is. Did you mean '../../assets/tg/89/1.jpg'?
INFO    -  Doc file 'blog/posts/tg-90.md' contains an absolute link '/assets/tg/90/1.jpg', it was left as is. Did you mean '../../assets/tg/90/1.jpg'?
INFO    -  Doc file 'blog/posts/tg-91.md' contains an absolute link '/assets/tg/91/1.jpg', it was left as is. Did you mean '../../assets/tg/91/1.jpg'?
INFO    -  Doc file 'blog/posts/tg-93.md' contains an absolute link '/assets/tg/93/1.jpg', it was left as is. Did you mean '../../assets/tg/93/1.jpg'?
INFO    -  Doc file 'blog/posts/tg-95.md' contains an absolute link '/assets/tg/95/1.jpg', it was left as is. Did you mean '../../assets/tg/95/1.jpg'?
INFO    -  Doc file 'blog/posts/tg-95.md' contains an absolute link '/assets/tg/95/2.jpg', it was left as is. Did you mean '../../assets/tg/95/2.jpg'?
INFO    -  Doc file 'blog/posts/tg-95.md' contains an absolute link '/assets/tg/95/3.jpg', it was left as is. Did you mean '../../assets/tg/95/3.jpg'?
INFO    -  Doc file 'blog/posts/tg-95.md' contains an absolute link '/assets/tg/95/4.jpg', it was left as is. Did you mean '../../assets/tg/95/4.jpg'?
Building prefix dict from the default dictionary ...
Loading model from cache C:\Users\ZL\AppData\Local\Temp\jieba.cache
Loading model cost 0.557 seconds.
Prefix dict has been built successfully.
INFO    -  Documentation built in 3.69 seconds
待部署文件：597
X99 镜像更新完成（597 个文件）
warning: in the working copy of 'scripts/.sync.log', CRLF will be replaced by LF the next time Git touches it
warning: in the working copy of 'scripts/.tg_state.json', CRLF will be replaced by LF the next time Git touches it
warning: in the working copy of 'scripts/tg-reactions-seed.json', CRLF will be replaced by LF the next time Git touches it
已推送到 GitHub
=== 2026-10-07 02:33:52 完成 ===
=== 2026-10-07 02:37:16 同步开始 ===
已知帖子 273 条，开始抓取（全量）
  page 1   315..334  new=15
  page 2   293..314  new=17
  page 3   273..292  new=20
  page 4   252..271  new=17
  page 5   223..251  new=17
  page 6   203..222  new=17
  page 7   178..202  new=18
  page 8   157..177  new=19
  page 9   132..156  new=19
  page 10  112..131  new=20
  page 11 第 1 次失败: <urlopen error [WinError 10060] 由于连接方在一段时间后没有正确答复或连接的主机没有反应，连接尝试失败。>
  page 11  91..111  new=16
  page 12  70..90  new=16
  page 13  50..69  new=18
  page 14  29..49  new=17
  page 15  8..28  new=20
  page 16  1..7  new=7
抓到 273 条 -> 合并后 215 条（40 条为同段聚合）
新增 0 / 更新 18 / 跳过 197 | 媒体 0 张 0.0 MB | 视频 125.0 MB
reaction 播种 130 条帖子 -> scripts/tg-reactions-seed.json
待确认分类 188 条 -> scripts/tg-review.md
reaction 播种完成：15 项（服务器现有 131 个帖子）

 │  ⚠  Warning from the Material for MkDocs team
 │
 │  MkDocs 2.0, the underlying framework of Material for MkDocs,
 │  will introduce backward-incompatible changes, including:
 │
 │  × All plugins will stop working – the plugin system has been removed
 │  × All theme overrides will break – the theming system has been rewritten
 │  × No migration path exists – existing projects cannot be upgraded
 │  × Closed contribution model – community members can't report bugs
 │  × Currently unlicensed – unsuitable for production use
 │
 │  Our full analysis:
 │
 │  https://squidfunk.github.io/mkdocs-material/blog/2026/02/18/mkdocs-2.0/

INFO    -  Cleaning site directory
INFO    -  Building documentation to directory: C:\Users\ZL\Documents\ZL114514.github.io\docs
INFO    -  Doc file 'blog/posts/tg-100.md' contains an absolute link '/assets/tg/100/1.jpg', it was left as is. Did you mean '../../assets/tg/100/1.jpg'?
INFO    -  Doc file 'blog/posts/tg-101.md' contains an absolute link '/assets/tg/101/1.jpg', it was left as is. Did you mean '../../assets/tg/101/1.jpg'?
INFO    -  Doc file 'blog/posts/tg-102.md' contains an absolute link '/assets/tg/102/1.jpg', it was left as is. Did you mean '../../assets/tg/102/1.jpg'?
INFO    -  Doc file 'blog/posts/tg-103.md' contains an absolute link '/assets/tg/103/1.jpg', it was left as is. Did you mean '../../assets/tg/103/1.jpg'?
INFO    -  Doc file 'blog/posts/tg-103.md' contains an absolute link '/assets/tg/103/2.jpg', it was left as is. Did you mean '../../assets/tg/103/2.jpg'?
INFO    -  Doc file 'blog/posts/tg-109.md' contains an absolute link '/assets/tg/109/1.jpg', it was left as is. Did you mean '../../assets/tg/109/1.jpg'?
INFO    -  Doc file 'blog/posts/tg-111.md' contains an absolute link '/assets/tg/111/1.jpg', it was left as is. Did you mean '../../assets/tg/111/1.jpg'?
INFO    -  Doc file 'blog/posts/tg-120.md' contains an absolute link '/assets/tg/120/1.jpg', it was left as is. Did you mean '../../assets/tg/120/1.jpg'?
INFO    -  Doc file 'blog/posts/tg-122.md' contains an absolute link '/assets/tg/122/1.jpg', it was left as is. Did you mean '../../assets/tg/122/1.jpg'?
INFO    -  Doc file 'blog/posts/tg-129.md' contains an absolute link '/assets/tg/129/1.jpg', it was left as is. Did you mean '../../assets/tg/129/1.jpg'?
INFO    -  Doc file 'blog/posts/tg-13.md' contains an absolute link '/assets/tg/13/1.jpg', it was left as is. Did you mean '../../assets/tg/13/1.jpg'?
INFO    -  Doc file 'blog/posts/tg-13.md' contains an absolute link '/assets/tg/13/2.jpg', it was left as is. Did you mean '../../assets/tg/13/2.jpg'?
INFO    -  Doc file 'blog/posts/tg-131.md' contains an absolute link '/assets/tg/131/1.jpg', it was left as is. Did you mean '../../assets/tg/131/1.jpg'?
INFO    -  Doc file 'blog/posts/tg-132.md' contains an absolute link '/assets/tg/132/1.jpg', it was left as is. Did you mean '../../assets/tg/132/1.jpg'?
INFO    -  Doc file 'blog/posts/tg-133.md' contains an absolute link '/assets/tg/133/1.jpg', it was left as is. Did you mean '../../assets/tg/133/1.jpg'?
INFO    -  Doc file 'blog/posts/tg-134.md' contains an absolute link '/assets/tg/134/1.jpg', it was left as is. Did you mean '../../assets/tg/134/1.jpg'?
INFO    -  Doc file 'blog/posts/tg-141.md' contains an absolute link '/assets/tg/141/1.jpg', it was left as is. Did you mean '../../assets/tg/141/1.jpg'?
INFO    -  Doc file 'blog/posts/tg-141.md' contains an absolute link '/assets/tg/141/2.jpg', it was left as is. Did you mean '../../assets/tg/141/2.jpg'?
INFO    -  Doc file 'blog/posts/tg-143.md' contains an absolute link '/assets/tg/143/1.jpg', it was left as is. Did you mean '../../assets/tg/143/1.jpg'?
INFO    -  Doc file 'blog/posts/tg-154.md' contains an absolute link '/assets/tg/154/1.jpg', it was left as is. Did you mean '../../assets/tg/154/1.jpg'?
INFO    -  Doc file 'blog/posts/tg-155.md' contains an absolute link '/assets/tg/155/1.jpg', it was left as is. Did you mean '../../assets/tg/155/1.jpg'?
INFO    -  Doc file 'blog/posts/tg-156.md' contains an absolute link '/assets/tg/156/1.jpg', it was left as is. Did you mean '../../assets/tg/156/1.jpg'?
INFO    -  Doc file 'blog/posts/tg-157.md' contains an absolute link '/assets/tg/157/1.jpg', it was left as is. Did you mean '../../assets/tg/157/1.jpg'?
INFO    -  Doc file 'blog/posts/tg-157.md' contains an absolute link '/assets/tg/157/2.jpg', it was left as is. Did you mean '../../assets/tg/157/2.jpg'?
INFO    -  Doc file 'blog/posts/tg-162.md' contains an absolute link '/assets/tg/162/1.jpg', it was left as is. Did you mean '../../assets/tg/162/1.jpg'?
INFO    -  Doc file 'blog/posts/tg-162.md' contains an absolute link '/assets/tg/162/2.jpg', it was left as is. Did you mean '../../assets/tg/162/2.jpg'?
INFO    -  Doc file 'blog/posts/tg-164.md' contains an absolute link '/assets/tg/164/1.jpg', it was left as is. Did you mean '../../assets/tg/164/1.jpg'?
INFO    -  Doc file 'blog/posts/tg-165.md' contains an absolute link '/assets/tg/165/1.jpg', it was left as is. Did you mean '../../assets/tg/165/1.jpg'?
INFO    -  Doc file 'blog/posts/tg-167.md' contains an absolute link '/assets/tg/167/1.jpg', it was left as is. Did you mean '../../assets/tg/167/1.jpg'?
INFO    -  Doc file 'blog/posts/tg-168.md' contains an absolute link '/assets/tg/168/1.jpg', it was left as is. Did you mean '../../assets/tg/168/1.jpg'?
INFO    -  Doc file 'blog/posts/tg-17.md' contains an absolute link '/assets/tg/17/1.jpg', it was left as is. Did you mean '../../assets/tg/17/1.jpg'?
INFO    -  Doc file 'blog/posts/tg-18.md' contains an absolute link '/assets/tg/18/1.jpg', it was left as is. Did you mean '../../assets/tg/18/1.jpg'?
INFO    -  Doc file 'blog/posts/tg-180.md' contains an absolute link '/assets/tg/180/1.jpg', it was left as is. Did you mean '../../assets/tg/180/1.jpg'?
INFO    -  Doc file 'blog/posts/tg-180.md' contains an absolute link '/assets/tg/180/2.jpg', it was left as is. Did you mean '../../assets/tg/180/2.jpg'?
INFO    -  Doc file 'blog/posts/tg-184.md' contains an absolute link '/assets/tg/184/1.jpg', it was left as is. Did you mean '../../assets/tg/184/1.jpg'?
INFO    -  Doc file 'blog/posts/tg-186.md' contains an absolute link '/assets/tg/186/1.jpg', it was left as is. Did you mean '../../assets/tg/186/1.jpg'?
INFO    -  Doc file 'blog/posts/tg-187.md' contains an absolute link '/assets/tg/187/1.jpg', it was left as is. Did you mean '../../assets/tg/187/1.jpg'?
INFO    -  Doc file 'blog/posts/tg-187.md' contains an absolute link '/assets/tg/187/2.jpg', it was left as is. Did you mean '../../assets/tg/187/2.jpg'?
INFO    -  Doc file 'blog/posts/tg-19.md' contains an absolute link '/assets/tg/19/1.jpg', it was left as is. Did you mean '../../assets/tg/19/1.jpg'?
INFO    -  Doc file 'blog/posts/tg-190.md' contains an absolute link '/assets/tg/190/1.jpg', it was left as is. Did you mean '../../assets/tg/190/1.jpg'?
INFO    -  Doc file 'blog/posts/tg-191.md' contains an absolute link '/assets/tg/191/1.jpg', it was left as is. Did you mean '../../assets/tg/191/1.jpg'?
INFO    -  Doc file 'blog/posts/tg-202.md' contains an absolute link '/assets/tg/202/1.jpg', it was left as is. Did you mean '../../assets/tg/202/1.jpg'?
INFO    -  Doc file 'blog/posts/tg-206.md' contains an absolute link '/assets/tg/206/1.jpg', it was left as is. Did you mean '../../assets/tg/206/1.jpg'?
INFO    -  Doc file 'blog/posts/tg-208.md' contains an absolute link '/assets/tg/208/1.jpg', it was left as is. Did you mean '../../assets/tg/208/1.jpg'?
INFO    -  Doc file 'blog/posts/tg-21.md' contains an absolute link '/assets/tg/21/1.jpg', it was left as is. Did you mean '../../assets/tg/21/1.jpg'?
INFO    -  Doc file 'blog/posts/tg-210.md' contains an absolute link '/assets/tg/210/1.jpg', it was left as is. Did you mean '../../assets/tg/210/1.jpg'?
INFO    -  Doc file 'blog/posts/tg-210.md' contains an absolute link '/assets/tg/210/2.jpg', it was left as is. Did you mean '../../assets/tg/210/2.jpg'?
INFO    -  Doc file 'blog/posts/tg-210.md' contains an absolute link '/assets/tg/210/3.jpg', it was left as is. Did you mean '../../assets/tg/210/3.jpg'?
INFO    -  Doc file 'blog/posts/tg-213.md' contains an absolute link '/assets/tg/213/1.jpg', it was left as is. Did you mean '../../assets/tg/213/1.jpg'?
INFO    -  Doc file 'blog/posts/tg-215.md' contains an absolute link '/assets/tg/215/1.jpg', it was left as is. Did you mean '../../assets/tg/215/1.jpg'?
INFO    -  Doc file 'blog/posts/tg-216.md' contains an absolute link '/assets/tg/216/1.jpg', it was left as is. Did you mean '../../assets/tg/216/1.jpg'?
INFO    -  Doc file 'blog/posts/tg-216.md' contains an absolute link '/assets/tg/216/2.jpg', it was left as is. Did you mean '../../assets/tg/216/2.jpg'?
INFO    -  Doc file 'blog/posts/tg-218.md' contains an absolute link '/assets/tg/218/1.jpg', it was left as is. Did you mean '../../assets/tg/218/1.jpg'?
INFO    -  Doc file 'blog/posts/tg-219.md' contains an absolute link '/assets/tg/219/1.jpg', it was left as is. Did you mean '../../assets/tg/219/1.jpg'?
INFO    -  Doc file 'blog/posts/tg-220.md' contains an absolute link '/assets/tg/220/1.jpg', it was left as is. Did you mean '../../assets/tg/220/1.jpg'?
INFO    -  Doc file 'blog/posts/tg-221.md' contains an absolute link '/assets/tg/221/1.jpg', it was left as is. Did you mean '../../assets/tg/221/1.jpg'?
INFO    -  Doc file 'blog/posts/tg-223.md' contains an absolute link '/assets/tg/223/1.jpg', it was left as is. Did you mean '../../assets/tg/223/1.jpg'?
INFO    -  Doc file 'blog/posts/tg-223.md' contains an absolute link '/assets/tg/223/2.jpg', it was left as is. Did you mean '../../assets/tg/223/2.jpg'?
INFO    -  Doc file 'blog/posts/tg-223.md' contains an absolute link '/assets/tg/223/3.jpg', it was left as is. Did you mean '../../assets/tg/223/3.jpg'?
INFO    -  Doc file 'blog/posts/tg-223.md' contains an absolute link '/assets/tg/223/4.jpg', it was left as is. Did you mean '../../assets/tg/223/4.jpg'?
INFO    -  Doc file 'blog/posts/tg-223.md' contains an absolute link '/assets/tg/223/5.jpg', it was left as is. Did you mean '../../assets/tg/223/5.jpg'?
INFO    -  Doc file 'blog/posts/tg-223.md' contains an absolute link '/assets/tg/223/6.jpg', it was left as is. Did you mean '../../assets/tg/223/6.jpg'?
INFO    -  Doc file 'blog/posts/tg-223.md' contains an absolute link '/assets/tg/223/7.jpg', it was left as is. Did you mean '../../assets/tg/223/7.jpg'?
INFO    -  Doc file 'blog/posts/tg-223.md' contains an absolute link '/assets/tg/223/8.jpg', it was left as is. Did you mean '../../assets/tg/223/8.jpg'?
INFO    -  Doc file 'blog/posts/tg-232.md' contains an absolute link '/assets/tg/232/1.jpg', it was left as is. Did you mean '../../assets/tg/232/1.jpg'?
INFO    -  Doc file 'blog/posts/tg-237.md' contains an absolute link '/assets/tg/237/1.jpg', it was left as is. Did you mean '../../assets/tg/237/1.jpg'?
INFO    -  Doc file 'blog/posts/tg-240.md' contains an absolute link '/assets/tg/240/1.jpg', it was left as is. Did you mean '../../assets/tg/240/1.jpg'?
INFO    -  Doc file 'blog/posts/tg-242.md' contains an absolute link '/assets/tg/242/1.jpg', it was left as is. Did you mean '../../assets/tg/242/1.jpg'?
INFO    -  Doc file 'blog/posts/tg-242.md' contains an absolute link '/assets/tg/242/2.jpg', it was left as is. Did you mean '../../assets/tg/242/2.jpg'?
INFO    -  Doc file 'blog/posts/tg-244.md' contains an absolute link '/assets/tg/244/1.jpg', it was left as is. Did you mean '../../assets/tg/244/1.jpg'?
INFO    -  Doc file 'blog/posts/tg-244.md' contains an absolute link '/assets/tg/244/2.jpg', it was left as is. Did you mean '../../assets/tg/244/2.jpg'?
INFO    -  Doc file 'blog/posts/tg-246.md' contains an absolute link '/assets/tg/246/1.jpg', it was left as is. Did you mean '../../assets/tg/246/1.jpg'?
INFO    -  Doc file 'blog/posts/tg-246.md' contains an absolute link '/assets/tg/246/2.jpg', it was left as is. Did you mean '../../assets/tg/246/2.jpg'?
INFO    -  Doc file 'blog/posts/tg-248.md' contains an absolute link '/assets/tg/248/1.jpg', it was left as is. Did you mean '../../assets/tg/248/1.jpg'?
INFO    -  Doc file 'blog/posts/tg-249.md' contains an absolute link '/assets/tg/249/1.jpg', it was left as is. Did you mean '../../assets/tg/249/1.jpg'?
INFO    -  Doc file 'blog/posts/tg-250.md' contains an absolute link '/assets/tg/250/1.jpg', it was left as is. Did you mean '../../assets/tg/250/1.jpg'?
INFO    -  Doc file 'blog/posts/tg-251.md' contains an absolute link '/assets/tg/251/1.jpg', it was left as is. Did you mean '../../assets/tg/251/1.jpg'?
INFO    -  Doc file 'blog/posts/tg-253.md' contains an absolute link '/assets/tg/253/1.jpg', it was left as is. Did you mean '../../assets/tg/253/1.jpg'?
INFO    -  Doc file 'blog/posts/tg-254.md' contains an absolute link '/assets/tg/254/1.jpg', it was left as is. Did you mean '../../assets/tg/254/1.jpg'?
INFO    -  Doc file 'blog/posts/tg-255.md' contains an absolute link '/assets/tg/255/1.jpg', it was left as is. Did you mean '../../assets/tg/255/1.jpg'?
INFO    -  Doc file 'blog/posts/tg-256.md' contains an absolute link '/assets/tg/256/1.jpg', it was left as is. Did you mean '../../assets/tg/256/1.jpg'?
INFO    -  Doc file 'blog/posts/tg-259.md' contains an absolute link '/assets/tg/259/1.jpg', it was left as is. Did you mean '../../assets/tg/259/1.jpg'?
INFO    -  Doc file 'blog/posts/tg-260.md' contains an absolute link '/assets/tg/260/1.jpg', it was left as is. Did you mean '../../assets/tg/260/1.jpg'?
INFO    -  Doc file 'blog/posts/tg-261.md' contains an absolute link '/assets/tg/261/1.jpg', it was left as is. Did you mean '../../assets/tg/261/1.jpg'?
INFO    -  Doc file 'blog/posts/tg-261.md' contains an absolute link '/assets/tg/261/2.jpg', it was left as is. Did you mean '../../assets/tg/261/2.jpg'?
INFO    -  Doc file 'blog/posts/tg-261.md' contains an absolute link '/assets/tg/261/3.jpg', it was left as is. Did you mean '../../assets/tg/261/3.jpg'?
INFO    -  Doc file 'blog/posts/tg-261.md' contains an absolute link '/assets/tg/261/4.jpg', it was left as is. Did you mean '../../assets/tg/261/4.jpg'?
INFO    -  Doc file 'blog/posts/tg-267.md' contains an absolute link '/assets/tg/267/1.jpg', it was left as is. Did you mean '../../assets/tg/267/1.jpg'?
INFO    -  Doc file 'blog/posts/tg-269.md' contains an absolute link '/assets/tg/269/1.jpg', it was left as is. Did you mean '../../assets/tg/269/1.jpg'?
INFO    -  Doc file 'blog/posts/tg-270.md' contains an absolute link '/assets/tg/270/1.jpg', it was left as is. Did you mean '../../assets/tg/270/1.jpg'?
INFO    -  Doc file 'blog/posts/tg-271.md' contains an absolute link '/assets/tg/271/1.jpg', it was left as is. Did you mean '../../assets/tg/271/1.jpg'?
INFO    -  Doc file 'blog/posts/tg-276.md' contains an absolute link '/assets/tg/276/1.jpg', it was left as is. Did you mean '../../assets/tg/276/1.jpg'?
INFO    -  Doc file 'blog/posts/tg-277.md' contains an absolute link '/assets/tg/277/1.jpg', it was left as is. Did you mean '../../assets/tg/277/1.jpg'?
INFO    -  Doc file 'blog/posts/tg-278.md' contains an absolute link '/assets/tg/278/1.jpg', it was left as is. Did you mean '../../assets/tg/278/1.jpg'?
INFO    -  Doc file 'blog/posts/tg-281.md' contains an absolute link '/assets/tg/281/1.jpg', it was left as is. Did you mean '../../assets/tg/281/1.jpg'?
INFO    -  Doc file 'blog/posts/tg-282.md' contains an absolute link '/assets/tg/282/1.jpg', it was left as is. Did you mean '../../assets/tg/282/1.jpg'?
INFO    -  Doc file 'blog/posts/tg-292.md' contains an absolute link '/assets/tg/292/1.jpg', it was left as is. Did you mean '../../assets/tg/292/1.jpg'?
INFO    -  Doc file 'blog/posts/tg-294.md' contains an absolute link '/assets/tg/294/1.jpg', it was left as is. Did you mean '../../assets/tg/294/1.jpg'?
INFO    -  Doc file 'blog/posts/tg-294.md' contains an absolute link '/assets/tg/294/2.jpg', it was left as is. Did you mean '../../assets/tg/294/2.jpg'?
INFO    -  Doc file 'blog/posts/tg-296.md' contains an absolute link '/assets/tg/296/1.jpg', it was left as is. Did you mean '../../assets/tg/296/1.jpg'?
INFO    -  Doc file 'blog/posts/tg-296.md' contains an absolute link '/assets/tg/296/2.jpg', it was left as is. Did you mean '../../assets/tg/296/2.jpg'?
INFO    -  Doc file 'blog/posts/tg-296.md' contains an absolute link '/assets/tg/296/3.jpg', it was left as is. Did you mean '../../assets/tg/296/3.jpg'?
INFO    -  Doc file 'blog/posts/tg-299.md' contains an absolute link '/assets/tg/299/1.jpg', it was left as is. Did you mean '../../assets/tg/299/1.jpg'?
INFO    -  Doc file 'blog/posts/tg-3.md' contains an absolute link '/assets/tg/3/1.jpg', it was left as is. Did you mean '../../assets/tg/3/1.jpg'?
INFO    -  Doc file 'blog/posts/tg-307.md' contains an absolute link '/assets/tg/307/1.jpg', it was left as is. Did you mean '../../assets/tg/307/1.jpg'?
INFO    -  Doc file 'blog/posts/tg-312.md' contains an absolute link '/assets/tg/312/1.jpg', it was left as is. Did you mean '../../assets/tg/312/1.jpg'?
INFO    -  Doc file 'blog/posts/tg-314.md' contains an absolute link '/assets/tg/314/1.jpg', it was left as is. Did you mean '../../assets/tg/314/1.jpg'?
INFO    -  Doc file 'blog/posts/tg-318.md' contains an absolute link '/assets/tg/318/1.jpg', it was left as is. Did you mean '../../assets/tg/318/1.jpg'?
INFO    -  Doc file 'blog/posts/tg-318.md' contains an absolute link '/assets/tg/318/2.jpg', it was left as is. Did you mean '../../assets/tg/318/2.jpg'?
INFO    -  Doc file 'blog/posts/tg-318.md' contains an absolute link '/assets/tg/318/3.jpg', it was left as is. Did you mean '../../assets/tg/318/3.jpg'?
INFO    -  Doc file 'blog/posts/tg-32.md' contains an absolute link '/assets/tg/32/1.jpg', it was left as is. Did you mean '../../assets/tg/32/1.jpg'?
INFO    -  Doc file 'blog/posts/tg-32.md' contains an absolute link '/assets/tg/32/2.jpg', it was left as is. Did you mean '../../assets/tg/32/2.jpg'?
INFO    -  Doc file 'blog/posts/tg-32.md' contains an absolute link '/assets/tg/32/3.jpg', it was left as is. Did you mean '../../assets/tg/32/3.jpg'?
INFO    -  Doc file 'blog/posts/tg-32.md' contains an absolute link '/assets/tg/32/4.jpg', it was left as is. Did you mean '../../assets/tg/32/4.jpg'?
INFO    -  Doc file 'blog/posts/tg-321.md' contains an absolute link '/assets/tg/321/1.jpg', it was left as is. Did you mean '../../assets/tg/321/1.jpg'?
INFO    -  Doc file 'blog/posts/tg-325.md' contains an absolute link '/assets/tg/325/1.jpg', it was left as is. Did you mean '../../assets/tg/325/1.jpg'?
INFO    -  Doc file 'blog/posts/tg-326.md' contains an absolute link '/assets/tg/326/1.jpg', it was left as is. Did you mean '../../assets/tg/326/1.jpg'?
INFO    -  Doc file 'blog/posts/tg-326.md' contains an absolute link '/assets/tg/326/2.jpg', it was left as is. Did you mean '../../assets/tg/326/2.jpg'?
INFO    -  Doc file 'blog/posts/tg-326.md' contains an absolute link '/assets/tg/326/3.jpg', it was left as is. Did you mean '../../assets/tg/326/3.jpg'?
INFO    -  Doc file 'blog/posts/tg-326.md' contains an absolute link '/assets/tg/326/4.jpg', it was left as is. Did you mean '../../assets/tg/326/4.jpg'?
INFO    -  Doc file 'blog/posts/tg-331.md' contains an absolute link '/assets/tg/331/1.jpg', it was left as is. Did you mean '../../assets/tg/331/1.jpg'?
INFO    -  Doc file 'blog/posts/tg-332.md' contains an absolute link '/assets/tg/332/1.jpg', it was left as is. Did you mean '../../assets/tg/332/1.jpg'?
INFO    -  Doc file 'blog/posts/tg-333.md' contains an absolute link '/assets/tg/333/1.jpg', it was left as is. Did you mean '../../assets/tg/333/1.jpg'?
INFO    -  Doc file 'blog/posts/tg-4.md' contains an absolute link '/assets/tg/4/1.jpg', it was left as is. Did you mean '../../assets/tg/4/1.jpg'?
INFO    -  Doc file 'blog/posts/tg-45.md' contains an absolute link '/assets/tg/45/1.jpg', it was left as is. Did you mean '../../assets/tg/45/1.jpg'?
INFO    -  Doc file 'blog/posts/tg-46.md' contains an absolute link '/assets/tg/46/1.jpg', it was left as is. Did you mean '../../assets/tg/46/1.jpg'?
INFO    -  Doc file 'blog/posts/tg-47.md' contains an absolute link '/assets/tg/47/1.jpg', it was left as is. Did you mean '../../assets/tg/47/1.jpg'?
INFO    -  Doc file 'blog/posts/tg-48.md' contains an absolute link '/assets/tg/48/1.jpg', it was left as is. Did you mean '../../assets/tg/48/1.jpg'?
INFO    -  Doc file 'blog/posts/tg-49.md' contains an absolute link '/assets/tg/49/1.jpg', it was left as is. Did you mean '../../assets/tg/49/1.jpg'?
INFO    -  Doc file 'blog/posts/tg-5.md' contains an absolute link '/assets/tg/5/1.jpg', it was left as is. Did you mean '../../assets/tg/5/1.jpg'?
INFO    -  Doc file 'blog/posts/tg-51.md' contains an absolute link '/assets/tg/51/1.jpg', it was left as is. Did you mean '../../assets/tg/51/1.jpg'?
INFO    -  Doc file 'blog/posts/tg-52.md' contains an absolute link '/assets/tg/52/1.jpg', it was left as is. Did you mean '../../assets/tg/52/1.jpg'?
INFO    -  Doc file 'blog/posts/tg-55.md' contains an absolute link '/assets/tg/55/1.jpg', it was left as is. Did you mean '../../assets/tg/55/1.jpg'?
INFO    -  Doc file 'blog/posts/tg-56.md' contains an absolute link '/assets/tg/56/1.jpg', it was left as is. Did you mean '../../assets/tg/56/1.jpg'?
INFO    -  Doc file 'blog/posts/tg-58.md' contains an absolute link '/assets/tg/58/1.jpg', it was left as is. Did you mean '../../assets/tg/58/1.jpg'?
INFO    -  Doc file 'blog/posts/tg-59.md' contains an absolute link '/assets/tg/59/1.jpg', it was left as is. Did you mean '../../assets/tg/59/1.jpg'?
INFO    -  Doc file 'blog/posts/tg-60.md' contains an absolute link '/assets/tg/60/1.jpg', it was left as is. Did you mean '../../assets/tg/60/1.jpg'?
INFO    -  Doc file 'blog/posts/tg-62.md' contains an absolute link '/assets/tg/62/1.jpg', it was left as is. Did you mean '../../assets/tg/62/1.jpg'?
INFO    -  Doc file 'blog/posts/tg-63.md' contains an absolute link '/assets/tg/63/1.jpg', it was left as is. Did you mean '../../assets/tg/63/1.jpg'?
INFO    -  Doc file 'blog/posts/tg-63.md' contains an absolute link '/assets/tg/63/2.jpg', it was left as is. Did you mean '../../assets/tg/63/2.jpg'?
INFO    -  Doc file 'blog/posts/tg-65.md' contains an absolute link '/assets/tg/65/1.jpg', it was left as is. Did you mean '../../assets/tg/65/1.jpg'?
INFO    -  Doc file 'blog/posts/tg-67.md' contains an absolute link '/assets/tg/67/1.jpg', it was left as is. Did you mean '../../assets/tg/67/1.jpg'?
INFO    -  Doc file 'blog/posts/tg-67.md' contains an absolute link '/assets/tg/67/2.jpg', it was left as is. Did you mean '../../assets/tg/67/2.jpg'?
INFO    -  Doc file 'blog/posts/tg-69.md' contains an absolute link '/assets/tg/69/1.jpg', it was left as is. Did you mean '../../assets/tg/69/1.jpg'?
INFO    -  Doc file 'blog/posts/tg-7.md' contains an absolute link '/assets/tg/7/1.jpg', it was left as is. Did you mean '../../assets/tg/7/1.jpg'?
INFO    -  Doc file 'blog/posts/tg-70.md' contains an absolute link '/assets/tg/70/1.jpg', it was left as is. Did you mean '../../assets/tg/70/1.jpg'?
INFO    -  Doc file 'blog/posts/tg-71.md' contains an absolute link '/assets/tg/71/1.jpg', it was left as is. Did you mean '../../assets/tg/71/1.jpg'?
INFO    -  Doc file 'blog/posts/tg-72.md' contains an absolute link '/assets/tg/72/1.jpg', it was left as is. Did you mean '../../assets/tg/72/1.jpg'?
INFO    -  Doc file 'blog/posts/tg-73.md' contains an absolute link '/assets/tg/73/1.jpg', it was left as is. Did you mean '../../assets/tg/73/1.jpg'?
INFO    -  Doc file 'blog/posts/tg-73.md' contains an absolute link '/assets/tg/73/2.jpg', it was left as is. Did you mean '../../assets/tg/73/2.jpg'?
INFO    -  Doc file 'blog/posts/tg-75.md' contains an absolute link '/assets/tg/75/1.jpg', it was left as is. Did you mean '../../assets/tg/75/1.jpg'?
INFO    -  Doc file 'blog/posts/tg-75.md' contains an absolute link '/assets/tg/75/2.jpg', it was left as is. Did you mean '../../assets/tg/75/2.jpg'?
INFO    -  Doc file 'blog/posts/tg-77.md' contains an absolute link '/assets/tg/77/1.jpg', it was left as is. Did you mean '../../assets/tg/77/1.jpg'?
INFO    -  Doc file 'blog/posts/tg-77.md' contains an absolute link '/assets/tg/77/2.jpg', it was left as is. Did you mean '../../assets/tg/77/2.jpg'?
INFO    -  Doc file 'blog/posts/tg-8.md' contains an absolute link '/assets/tg/8/1.jpg', it was left as is. Did you mean '../../assets/tg/8/1.jpg'?
INFO    -  Doc file 'blog/posts/tg-8.md' contains an absolute link '/assets/tg/8/2.jpg', it was left as is. Did you mean '../../assets/tg/8/2.jpg'?
INFO    -  Doc file 'blog/posts/tg-80.md' contains an absolute link '/assets/tg/80/1.jpg', it was left as is. Did you mean '../../assets/tg/80/1.jpg'?
INFO    -  Doc file 'blog/posts/tg-81.md' contains an absolute link '/assets/tg/81/1.jpg', it was left as is. Did you mean '../../assets/tg/81/1.jpg'?
INFO    -  Doc file 'blog/posts/tg-82.md' contains an absolute link '/assets/tg/82/1.jpg', it was left as is. Did you mean '../../assets/tg/82/1.jpg'?
INFO    -  Doc file 'blog/posts/tg-82.md' contains an absolute link '/assets/tg/82/2.jpg', it was left as is. Did you mean '../../assets/tg/82/2.jpg'?
INFO    -  Doc file 'blog/posts/tg-85.md' contains an absolute link '/assets/tg/85/1.jpg', it was left as is. Did you mean '../../assets/tg/85/1.jpg'?
INFO    -  Doc file 'blog/posts/tg-86.md' contains an absolute link '/assets/tg/86/1.jpg', it was left as is. Did you mean '../../assets/tg/86/1.jpg'?
INFO    -  Doc file 'blog/posts/tg-86.md' contains an absolute link '/assets/tg/86/2.jpg', it was left as is. Did you mean '../../assets/tg/86/2.jpg'?
INFO    -  Doc file 'blog/posts/tg-88.md' contains an absolute link '/assets/tg/88/1.jpg', it was left as is. Did you mean '../../assets/tg/88/1.jpg'?
INFO    -  Doc file 'blog/posts/tg-89.md' contains an absolute link '/assets/tg/89/1.jpg', it was left as is. Did you mean '../../assets/tg/89/1.jpg'?
INFO    -  Doc file 'blog/posts/tg-90.md' contains an absolute link '/assets/tg/90/1.jpg', it was left as is. Did you mean '../../assets/tg/90/1.jpg'?
INFO    -  Doc file 'blog/posts/tg-91.md' contains an absolute link '/assets/tg/91/1.jpg', it was left as is. Did you mean '../../assets/tg/91/1.jpg'?
INFO    -  Doc file 'blog/posts/tg-93.md' contains an absolute link '/assets/tg/93/1.jpg', it was left as is. Did you mean '../../assets/tg/93/1.jpg'?
INFO    -  Doc file 'blog/posts/tg-95.md' contains an absolute link '/assets/tg/95/1.jpg', it was left as is. Did you mean '../../assets/tg/95/1.jpg'?
INFO    -  Doc file 'blog/posts/tg-95.md' contains an absolute link '/assets/tg/95/2.jpg', it was left as is. Did you mean '../../assets/tg/95/2.jpg'?
INFO    -  Doc file 'blog/posts/tg-95.md' contains an absolute link '/assets/tg/95/3.jpg', it was left as is. Did you mean '../../assets/tg/95/3.jpg'?
INFO    -  Doc file 'blog/posts/tg-95.md' contains an absolute link '/assets/tg/95/4.jpg', it was left as is. Did you mean '../../assets/tg/95/4.jpg'?
Building prefix dict from the default dictionary ...
Loading model from cache C:\Users\ZL\AppData\Local\Temp\jieba.cache
Loading model cost 0.401 seconds.
Prefix dict has been built successfully.
INFO    -  Documentation built in 3.45 seconds
待部署文件：555
X99 镜像更新完成（555 个文件）
warning: in the working copy of 'scripts/.sync.log', CRLF will be replaced by LF the next time Git touches it
warning: in the working copy of 'scripts/.tg_state.json', CRLF will be replaced by LF the next time Git touches it
warning: in the working copy of 'scripts/tg-reactions-seed.json', CRLF will be replaced by LF the next time Git touches it
warning: in the working copy of 'scripts/tg-review.md', CRLF will be replaced by LF the next time Git touches it
已推送到 GitHub
=== 2026-10-07 02:41:33 完成 ===
=== 2026-10-07 02:43:23 同步开始 ===
已知帖子 273 条，开始抓取（全量）
  page 1   315..334  new=15
  page 2   293..314  new=17
  page 3   273..292  new=20
  page 4   252..271  new=17
  page 5   223..251  new=17
  page 6   203..222  new=17
  page 7   178..202  new=18
  page 8   157..177  new=19
  page 9   132..156  new=19
  page 10  112..131  new=20
  page 11  91..111  new=16
  page 12  70..90  new=16
  page 13  50..69  new=18
  page 14  29..49  new=17
  page 15  8..28  new=20
  page 16  1..7  new=7
抓到 273 条 -> 合并后 215 条（40 条为同段聚合）
新增 0 / 更新 34 / 跳过 181 | 媒体 19 张 1.3 MB | 视频 125.0 MB
reaction 播种 130 条帖子 -> scripts/tg-reactions-seed.json
待确认分类 188 条 -> scripts/tg-review.md
reaction 播种完成：0 项（服务器现有 130 个帖子）

 │  ⚠  Warning from the Material for MkDocs team
 │
 │  MkDocs 2.0, the underlying framework of Material for MkDocs,
 │  will introduce backward-incompatible changes, including:
 │
 │  × All plugins will stop working – the plugin system has been removed
 │  × All theme overrides will break – the theming system has been rewritten
 │  × No migration path exists – existing projects cannot be upgraded
 │  × Closed contribution model – community members can't report bugs
 │  × Currently unlicensed – unsuitable for production use
 │
 │  Our full analysis:
 │
 │  https://squidfunk.github.io/mkdocs-material/blog/2026/02/18/mkdocs-2.0/

INFO    -  Cleaning site directory
INFO    -  Building documentation to directory: C:\Users\ZL\Documents\ZL114514.github.io\docs
INFO    -  Doc file 'blog/posts/tg-100.md' contains an absolute link '/assets/tg/100/1.jpg', it was left as is. Did you mean '../../assets/tg/100/1.jpg'?
INFO    -  Doc file 'blog/posts/tg-101.md' contains an absolute link '/assets/tg/101/1.jpg', it was left as is. Did you mean '../../assets/tg/101/1.jpg'?
INFO    -  Doc file 'blog/posts/tg-102.md' contains an absolute link '/assets/tg/102/1.jpg', it was left as is. Did you mean '../../assets/tg/102/1.jpg'?
INFO    -  Doc file 'blog/posts/tg-103.md' contains an absolute link '/assets/tg/103/1.jpg', it was left as is. Did you mean '../../assets/tg/103/1.jpg'?
INFO    -  Doc file 'blog/posts/tg-103.md' contains an absolute link '/assets/tg/103/2.jpg', it was left as is. Did you mean '../../assets/tg/103/2.jpg'?
INFO    -  Doc file 'blog/posts/tg-109.md' contains an absolute link '/assets/tg/109/1.jpg', it was left as is. Did you mean '../../assets/tg/109/1.jpg'?
INFO    -  Doc file 'blog/posts/tg-111.md' contains an absolute link '/assets/tg/111/1.jpg', it was left as is. Did you mean '../../assets/tg/111/1.jpg'?
INFO    -  Doc file 'blog/posts/tg-120.md' contains an absolute link '/assets/tg/120/1.jpg', it was left as is. Did you mean '../../assets/tg/120/1.jpg'?
INFO    -  Doc file 'blog/posts/tg-122.md' contains an absolute link '/assets/tg/122/1.jpg', it was left as is. Did you mean '../../assets/tg/122/1.jpg'?
INFO    -  Doc file 'blog/posts/tg-129.md' contains an absolute link '/assets/tg/129/1.jpg', it was left as is. Did you mean '../../assets/tg/129/1.jpg'?
INFO    -  Doc file 'blog/posts/tg-13.md' contains an absolute link '/assets/tg/13/1.jpg', it was left as is. Did you mean '../../assets/tg/13/1.jpg'?
INFO    -  Doc file 'blog/posts/tg-13.md' contains an absolute link '/assets/tg/13/2.jpg', it was left as is. Did you mean '../../assets/tg/13/2.jpg'?
INFO    -  Doc file 'blog/posts/tg-131.md' contains an absolute link '/assets/tg/131/1.jpg', it was left as is. Did you mean '../../assets/tg/131/1.jpg'?
INFO    -  Doc file 'blog/posts/tg-132.md' contains an absolute link '/assets/tg/132/1.jpg', it was left as is. Did you mean '../../assets/tg/132/1.jpg'?
INFO    -  Doc file 'blog/posts/tg-133.md' contains an absolute link '/assets/tg/133/1.jpg', it was left as is. Did you mean '../../assets/tg/133/1.jpg'?
INFO    -  Doc file 'blog/posts/tg-134.md' contains an absolute link '/assets/tg/134/1.jpg', it was left as is. Did you mean '../../assets/tg/134/1.jpg'?
INFO    -  Doc file 'blog/posts/tg-141.md' contains an absolute link '/assets/tg/141/1.jpg', it was left as is. Did you mean '../../assets/tg/141/1.jpg'?
INFO    -  Doc file 'blog/posts/tg-141.md' contains an absolute link '/assets/tg/141/2.jpg', it was left as is. Did you mean '../../assets/tg/141/2.jpg'?
INFO    -  Doc file 'blog/posts/tg-143.md' contains an absolute link '/assets/tg/143/1.jpg', it was left as is. Did you mean '../../assets/tg/143/1.jpg'?
INFO    -  Doc file 'blog/posts/tg-154.md' contains an absolute link '/assets/tg/154/1.jpg', it was left as is. Did you mean '../../assets/tg/154/1.jpg'?
INFO    -  Doc file 'blog/posts/tg-155.md' contains an absolute link '/assets/tg/155/1.jpg', it was left as is. Did you mean '../../assets/tg/155/1.jpg'?
INFO    -  Doc file 'blog/posts/tg-156.md' contains an absolute link '/assets/tg/156/1.jpg', it was left as is. Did you mean '../../assets/tg/156/1.jpg'?
INFO    -  Doc file 'blog/posts/tg-157.md' contains an absolute link '/assets/tg/157/1.jpg', it was left as is. Did you mean '../../assets/tg/157/1.jpg'?
INFO    -  Doc file 'blog/posts/tg-157.md' contains an absolute link '/assets/tg/157/2.jpg', it was left as is. Did you mean '../../assets/tg/157/2.jpg'?
INFO    -  Doc file 'blog/posts/tg-162.md' contains an absolute link '/assets/tg/162/1.jpg', it was left as is. Did you mean '../../assets/tg/162/1.jpg'?
INFO    -  Doc file 'blog/posts/tg-162.md' contains an absolute link '/assets/tg/162/2.jpg', it was left as is. Did you mean '../../assets/tg/162/2.jpg'?
INFO    -  Doc file 'blog/posts/tg-164.md' contains an absolute link '/assets/tg/164/1.jpg', it was left as is. Did you mean '../../assets/tg/164/1.jpg'?
INFO    -  Doc file 'blog/posts/tg-165.md' contains an absolute link '/assets/tg/165/1.jpg', it was left as is. Did you mean '../../assets/tg/165/1.jpg'?
INFO    -  Doc file 'blog/posts/tg-167.md' contains an absolute link '/assets/tg/167/1.jpg', it was left as is. Did you mean '../../assets/tg/167/1.jpg'?
INFO    -  Doc file 'blog/posts/tg-168.md' contains an absolute link '/assets/tg/168/1.jpg', it was left as is. Did you mean '../../assets/tg/168/1.jpg'?
INFO    -  Doc file 'blog/posts/tg-17.md' contains an absolute link '/assets/tg/17/1.jpg', it was left as is. Did you mean '../../assets/tg/17/1.jpg'?
INFO    -  Doc file 'blog/posts/tg-18.md' contains an absolute link '/assets/tg/18/1.jpg', it was left as is. Did you mean '../../assets/tg/18/1.jpg'?
INFO    -  Doc file 'blog/posts/tg-180.md' contains an absolute link '/assets/tg/180/1.jpg', it was left as is. Did you mean '../../assets/tg/180/1.jpg'?
INFO    -  Doc file 'blog/posts/tg-180.md' contains an absolute link '/assets/tg/180/2.jpg', it was left as is. Did you mean '../../assets/tg/180/2.jpg'?
INFO    -  Doc file 'blog/posts/tg-184.md' contains an absolute link '/assets/tg/184/1.jpg', it was left as is. Did you mean '../../assets/tg/184/1.jpg'?
INFO    -  Doc file 'blog/posts/tg-186.md' contains an absolute link '/assets/tg/186/1.jpg', it was left as is. Did you mean '../../assets/tg/186/1.jpg'?
INFO    -  Doc file 'blog/posts/tg-187.md' contains an absolute link '/assets/tg/187/1.jpg', it was left as is. Did you mean '../../assets/tg/187/1.jpg'?
INFO    -  Doc file 'blog/posts/tg-187.md' contains an absolute link '/assets/tg/187/2.jpg', it was left as is. Did you mean '../../assets/tg/187/2.jpg'?
INFO    -  Doc file 'blog/posts/tg-19.md' contains an absolute link '/assets/tg/19/1.jpg', it was left as is. Did you mean '../../assets/tg/19/1.jpg'?
INFO    -  Doc file 'blog/posts/tg-190.md' contains an absolute link '/assets/tg/190/1.jpg', it was left as is. Did you mean '../../assets/tg/190/1.jpg'?
INFO    -  Doc file 'blog/posts/tg-191.md' contains an absolute link '/assets/tg/191/1.jpg', it was left as is. Did you mean '../../assets/tg/191/1.jpg'?
INFO    -  Doc file 'blog/posts/tg-202.md' contains an absolute link '/assets/tg/202/1.jpg', it was left as is. Did you mean '../../assets/tg/202/1.jpg'?
INFO    -  Doc file 'blog/posts/tg-206.md' contains an absolute link '/assets/tg/206/1.jpg', it was left as is. Did you mean '../../assets/tg/206/1.jpg'?
INFO    -  Doc file 'blog/posts/tg-208.md' contains an absolute link '/assets/tg/208/1.jpg', it was left as is. Did you mean '../../assets/tg/208/1.jpg'?
INFO    -  Doc file 'blog/posts/tg-21.md' contains an absolute link '/assets/tg/21/1.jpg', it was left as is. Did you mean '../../assets/tg/21/1.jpg'?
INFO    -  Doc file 'blog/posts/tg-210.md' contains an absolute link '/assets/tg/210/1.jpg', it was left as is. Did you mean '../../assets/tg/210/1.jpg'?
INFO    -  Doc file 'blog/posts/tg-210.md' contains an absolute link '/assets/tg/210/2.jpg', it was left as is. Did you mean '../../assets/tg/210/2.jpg'?
INFO    -  Doc file 'blog/posts/tg-210.md' contains an absolute link '/assets/tg/210/3.jpg', it was left as is. Did you mean '../../assets/tg/210/3.jpg'?
INFO    -  Doc file 'blog/posts/tg-213.md' contains an absolute link '/assets/tg/213/1.jpg', it was left as is. Did you mean '../../assets/tg/213/1.jpg'?
INFO    -  Doc file 'blog/posts/tg-215.md' contains an absolute link '/assets/tg/215/1.jpg', it was left as is. Did you mean '../../assets/tg/215/1.jpg'?
INFO    -  Doc file 'blog/posts/tg-216.md' contains an absolute link '/assets/tg/216/1.jpg', it was left as is. Did you mean '../../assets/tg/216/1.jpg'?
INFO    -  Doc file 'blog/posts/tg-216.md' contains an absolute link '/assets/tg/216/2.jpg', it was left as is. Did you mean '../../assets/tg/216/2.jpg'?
INFO    -  Doc file 'blog/posts/tg-218.md' contains an absolute link '/assets/tg/218/1.jpg', it was left as is. Did you mean '../../assets/tg/218/1.jpg'?
INFO    -  Doc file 'blog/posts/tg-219.md' contains an absolute link '/assets/tg/219/1.jpg', it was left as is. Did you mean '../../assets/tg/219/1.jpg'?
INFO    -  Doc file 'blog/posts/tg-220.md' contains an absolute link '/assets/tg/220/1.jpg', it was left as is. Did you mean '../../assets/tg/220/1.jpg'?
INFO    -  Doc file 'blog/posts/tg-221.md' contains an absolute link '/assets/tg/221/1.jpg', it was left as is. Did you mean '../../assets/tg/221/1.jpg'?
INFO    -  Doc file 'blog/posts/tg-223.md' contains an absolute link '/assets/tg/223/1.jpg', it was left as is. Did you mean '../../assets/tg/223/1.jpg'?
INFO    -  Doc file 'blog/posts/tg-223.md' contains an absolute link '/assets/tg/223/2.jpg', it was left as is. Did you mean '../../assets/tg/223/2.jpg'?
INFO    -  Doc file 'blog/posts/tg-223.md' contains an absolute link '/assets/tg/223/3.jpg', it was left as is. Did you mean '../../assets/tg/223/3.jpg'?
INFO    -  Doc file 'blog/posts/tg-223.md' contains an absolute link '/assets/tg/223/4.jpg', it was left as is. Did you mean '../../assets/tg/223/4.jpg'?
INFO    -  Doc file 'blog/posts/tg-223.md' contains an absolute link '/assets/tg/223/5.jpg', it was left as is. Did you mean '../../assets/tg/223/5.jpg'?
INFO    -  Doc file 'blog/posts/tg-223.md' contains an absolute link '/assets/tg/223/6.jpg', it was left as is. Did you mean '../../assets/tg/223/6.jpg'?
INFO    -  Doc file 'blog/posts/tg-223.md' contains an absolute link '/assets/tg/223/7.jpg', it was left as is. Did you mean '../../assets/tg/223/7.jpg'?
INFO    -  Doc file 'blog/posts/tg-223.md' contains an absolute link '/assets/tg/223/8.jpg', it was left as is. Did you mean '../../assets/tg/223/8.jpg'?
INFO    -  Doc file 'blog/posts/tg-232.md' contains an absolute link '/assets/tg/232/1.jpg', it was left as is. Did you mean '../../assets/tg/232/1.jpg'?
INFO    -  Doc file 'blog/posts/tg-237.md' contains an absolute link '/assets/tg/237/1.jpg', it was left as is. Did you mean '../../assets/tg/237/1.jpg'?
INFO    -  Doc file 'blog/posts/tg-240.md' contains an absolute link '/assets/tg/240/1.jpg', it was left as is. Did you mean '../../assets/tg/240/1.jpg'?
INFO    -  Doc file 'blog/posts/tg-242.md' contains an absolute link '/assets/tg/242/1.jpg', it was left as is. Did you mean '../../assets/tg/242/1.jpg'?
INFO    -  Doc file 'blog/posts/tg-242.md' contains an absolute link '/assets/tg/242/2.jpg', it was left as is. Did you mean '../../assets/tg/242/2.jpg'?
INFO    -  Doc file 'blog/posts/tg-244.md' contains an absolute link '/assets/tg/244/1.jpg', it was left as is. Did you mean '../../assets/tg/244/1.jpg'?
INFO    -  Doc file 'blog/posts/tg-244.md' contains an absolute link '/assets/tg/244/2.jpg', it was left as is. Did you mean '../../assets/tg/244/2.jpg'?
INFO    -  Doc file 'blog/posts/tg-246.md' contains an absolute link '/assets/tg/246/1.jpg', it was left as is. Did you mean '../../assets/tg/246/1.jpg'?
INFO    -  Doc file 'blog/posts/tg-246.md' contains an absolute link '/assets/tg/246/2.jpg', it was left as is. Did you mean '../../assets/tg/246/2.jpg'?
INFO    -  Doc file 'blog/posts/tg-248.md' contains an absolute link '/assets/tg/248/1.jpg', it was left as is. Did you mean '../../assets/tg/248/1.jpg'?
INFO    -  Doc file 'blog/posts/tg-249.md' contains an absolute link '/assets/tg/249/1.jpg', it was left as is. Did you mean '../../assets/tg/249/1.jpg'?
INFO    -  Doc file 'blog/posts/tg-250.md' contains an absolute link '/assets/tg/250/1.jpg', it was left as is. Did you mean '../../assets/tg/250/1.jpg'?
INFO    -  Doc file 'blog/posts/tg-251.md' contains an absolute link '/assets/tg/251/1.jpg', it was left as is. Did you mean '../../assets/tg/251/1.jpg'?
INFO    -  Doc file 'blog/posts/tg-253.md' contains an absolute link '/assets/tg/253/1.jpg', it was left as is. Did you mean '../../assets/tg/253/1.jpg'?
INFO    -  Doc file 'blog/posts/tg-254.md' contains an absolute link '/assets/tg/254/1.jpg', it was left as is. Did you mean '../../assets/tg/254/1.jpg'?
INFO    -  Doc file 'blog/posts/tg-255.md' contains an absolute link '/assets/tg/255/1.jpg', it was left as is. Did you mean '../../assets/tg/255/1.jpg'?
INFO    -  Doc file 'blog/posts/tg-256.md' contains an absolute link '/assets/tg/256/1.jpg', it was left as is. Did you mean '../../assets/tg/256/1.jpg'?
INFO    -  Doc file 'blog/posts/tg-259.md' contains an absolute link '/assets/tg/259/1.jpg', it was left as is. Did you mean '../../assets/tg/259/1.jpg'?
INFO    -  Doc file 'blog/posts/tg-260.md' contains an absolute link '/assets/tg/260/1.jpg', it was left as is. Did you mean '../../assets/tg/260/1.jpg'?
INFO    -  Doc file 'blog/posts/tg-261.md' contains an absolute link '/assets/tg/261/1.jpg', it was left as is. Did you mean '../../assets/tg/261/1.jpg'?
INFO    -  Doc file 'blog/posts/tg-261.md' contains an absolute link '/assets/tg/261/2.jpg', it was left as is. Did you mean '../../assets/tg/261/2.jpg'?
INFO    -  Doc file 'blog/posts/tg-261.md' contains an absolute link '/assets/tg/261/3.jpg', it was left as is. Did you mean '../../assets/tg/261/3.jpg'?
INFO    -  Doc file 'blog/posts/tg-261.md' contains an absolute link '/assets/tg/261/4.jpg', it was left as is. Did you mean '../../assets/tg/261/4.jpg'?
INFO    -  Doc file 'blog/posts/tg-267.md' contains an absolute link '/assets/tg/267/1.jpg', it was left as is. Did you mean '../../assets/tg/267/1.jpg'?
INFO    -  Doc file 'blog/posts/tg-269.md' contains an absolute link '/assets/tg/269/1.jpg', it was left as is. Did you mean '../../assets/tg/269/1.jpg'?
INFO    -  Doc file 'blog/posts/tg-270.md' contains an absolute link '/assets/tg/270/1.jpg', it was left as is. Did you mean '../../assets/tg/270/1.jpg'?
INFO    -  Doc file 'blog/posts/tg-271.md' contains an absolute link '/assets/tg/271/1.jpg', it was left as is. Did you mean '../../assets/tg/271/1.jpg'?
INFO    -  Doc file 'blog/posts/tg-276.md' contains an absolute link '/assets/tg/276/1.jpg', it was left as is. Did you mean '../../assets/tg/276/1.jpg'?
INFO    -  Doc file 'blog/posts/tg-277.md' contains an absolute link '/assets/tg/277/1.jpg', it was left as is. Did you mean '../../assets/tg/277/1.jpg'?
INFO    -  Doc file 'blog/posts/tg-278.md' contains an absolute link '/assets/tg/278/1.jpg', it was left as is. Did you mean '../../assets/tg/278/1.jpg'?
INFO    -  Doc file 'blog/posts/tg-281.md' contains an absolute link '/assets/tg/281/1.jpg', it was left as is. Did you mean '../../assets/tg/281/1.jpg'?
INFO    -  Doc file 'blog/posts/tg-282.md' contains an absolute link '/assets/tg/282/1.jpg', it was left as is. Did you mean '../../assets/tg/282/1.jpg'?
INFO    -  Doc file 'blog/posts/tg-292.md' contains an absolute link '/assets/tg/292/1.jpg', it was left as is. Did you mean '../../assets/tg/292/1.jpg'?
INFO    -  Doc file 'blog/posts/tg-294.md' contains an absolute link '/assets/tg/294/1.jpg', it was left as is. Did you mean '../../assets/tg/294/1.jpg'?
INFO    -  Doc file 'blog/posts/tg-294.md' contains an absolute link '/assets/tg/294/2.jpg', it was left as is. Did you mean '../../assets/tg/294/2.jpg'?
INFO    -  Doc file 'blog/posts/tg-296.md' contains an absolute link '/assets/tg/296/1.jpg', it was left as is. Did you mean '../../assets/tg/296/1.jpg'?
INFO    -  Doc file 'blog/posts/tg-296.md' contains an absolute link '/assets/tg/296/2.jpg', it was left as is. Did you mean '../../assets/tg/296/2.jpg'?
INFO    -  Doc file 'blog/posts/tg-296.md' contains an absolute link '/assets/tg/296/3.jpg', it was left as is. Did you mean '../../assets/tg/296/3.jpg'?
INFO    -  Doc file 'blog/posts/tg-299.md' contains an absolute link '/assets/tg/299/1.jpg', it was left as is. Did you mean '../../assets/tg/299/1.jpg'?
INFO    -  Doc file 'blog/posts/tg-3.md' contains an absolute link '/assets/tg/3/1.jpg', it was left as is. Did you mean '../../assets/tg/3/1.jpg'?
INFO    -  Doc file 'blog/posts/tg-307.md' contains an absolute link '/assets/tg/307/1.jpg', it was left as is. Did you mean '../../assets/tg/307/1.jpg'?
INFO    -  Doc file 'blog/posts/tg-312.md' contains an absolute link '/assets/tg/312/1.jpg', it was left as is. Did you mean '../../assets/tg/312/1.jpg'?
INFO    -  Doc file 'blog/posts/tg-314.md' contains an absolute link '/assets/tg/314/1.jpg', it was left as is. Did you mean '../../assets/tg/314/1.jpg'?
INFO    -  Doc file 'blog/posts/tg-318.md' contains an absolute link '/assets/tg/318/1.jpg', it was left as is. Did you mean '../../assets/tg/318/1.jpg'?
INFO    -  Doc file 'blog/posts/tg-318.md' contains an absolute link '/assets/tg/318/2.jpg', it was left as is. Did you mean '../../assets/tg/318/2.jpg'?
INFO    -  Doc file 'blog/posts/tg-318.md' contains an absolute link '/assets/tg/318/3.jpg', it was left as is. Did you mean '../../assets/tg/318/3.jpg'?
INFO    -  Doc file 'blog/posts/tg-32.md' contains an absolute link '/assets/tg/32/1.jpg', it was left as is. Did you mean '../../assets/tg/32/1.jpg'?
INFO    -  Doc file 'blog/posts/tg-32.md' contains an absolute link '/assets/tg/32/2.jpg', it was left as is. Did you mean '../../assets/tg/32/2.jpg'?
INFO    -  Doc file 'blog/posts/tg-32.md' contains an absolute link '/assets/tg/32/3.jpg', it was left as is. Did you mean '../../assets/tg/32/3.jpg'?
INFO    -  Doc file 'blog/posts/tg-32.md' contains an absolute link '/assets/tg/32/4.jpg', it was left as is. Did you mean '../../assets/tg/32/4.jpg'?
INFO    -  Doc file 'blog/posts/tg-321.md' contains an absolute link '/assets/tg/321/1.jpg', it was left as is. Did you mean '../../assets/tg/321/1.jpg'?
INFO    -  Doc file 'blog/posts/tg-325.md' contains an absolute link '/assets/tg/325/1.jpg', it was left as is. Did you mean '../../assets/tg/325/1.jpg'?
INFO    -  Doc file 'blog/posts/tg-326.md' contains an absolute link '/assets/tg/326/1.jpg', it was left as is. Did you mean '../../assets/tg/326/1.jpg'?
INFO    -  Doc file 'blog/posts/tg-326.md' contains an absolute link '/assets/tg/326/2.jpg', it was left as is. Did you mean '../../assets/tg/326/2.jpg'?
INFO    -  Doc file 'blog/posts/tg-326.md' contains an absolute link '/assets/tg/326/3.jpg', it was left as is. Did you mean '../../assets/tg/326/3.jpg'?
INFO    -  Doc file 'blog/posts/tg-326.md' contains an absolute link '/assets/tg/326/4.jpg', it was left as is. Did you mean '../../assets/tg/326/4.jpg'?
INFO    -  Doc file 'blog/posts/tg-331.md' contains an absolute link '/assets/tg/331/1.jpg', it was left as is. Did you mean '../../assets/tg/331/1.jpg'?
INFO    -  Doc file 'blog/posts/tg-332.md' contains an absolute link '/assets/tg/332/1.jpg', it was left as is. Did you mean '../../assets/tg/332/1.jpg'?
INFO    -  Doc file 'blog/posts/tg-333.md' contains an absolute link '/assets/tg/333/1.jpg', it was left as is. Did you mean '../../assets/tg/333/1.jpg'?
INFO    -  Doc file 'blog/posts/tg-4.md' contains an absolute link '/assets/tg/4/1.jpg', it was left as is. Did you mean '../../assets/tg/4/1.jpg'?
INFO    -  Doc file 'blog/posts/tg-45.md' contains an absolute link '/assets/tg/45/1.jpg', it was left as is. Did you mean '../../assets/tg/45/1.jpg'?
INFO    -  Doc file 'blog/posts/tg-46.md' contains an absolute link '/assets/tg/46/1.jpg', it was left as is. Did you mean '../../assets/tg/46/1.jpg'?
INFO    -  Doc file 'blog/posts/tg-47.md' contains an absolute link '/assets/tg/47/1.jpg', it was left as is. Did you mean '../../assets/tg/47/1.jpg'?
INFO    -  Doc file 'blog/posts/tg-48.md' contains an absolute link '/assets/tg/48/1.jpg', it was left as is. Did you mean '../../assets/tg/48/1.jpg'?
INFO    -  Doc file 'blog/posts/tg-49.md' contains an absolute link '/assets/tg/49/1.jpg', it was left as is. Did you mean '../../assets/tg/49/1.jpg'?
INFO    -  Doc file 'blog/posts/tg-5.md' contains an absolute link '/assets/tg/5/1.jpg', it was left as is. Did you mean '../../assets/tg/5/1.jpg'?
INFO    -  Doc file 'blog/posts/tg-51.md' contains an absolute link '/assets/tg/51/1.jpg', it was left as is. Did you mean '../../assets/tg/51/1.jpg'?
INFO    -  Doc file 'blog/posts/tg-52.md' contains an absolute link '/assets/tg/52/1.jpg', it was left as is. Did you mean '../../assets/tg/52/1.jpg'?
INFO    -  Doc file 'blog/posts/tg-55.md' contains an absolute link '/assets/tg/55/1.jpg', it was left as is. Did you mean '../../assets/tg/55/1.jpg'?
INFO    -  Doc file 'blog/posts/tg-56.md' contains an absolute link '/assets/tg/56/1.jpg', it was left as is. Did you mean '../../assets/tg/56/1.jpg'?
INFO    -  Doc file 'blog/posts/tg-58.md' contains an absolute link '/assets/tg/58/1.jpg', it was left as is. Did you mean '../../assets/tg/58/1.jpg'?
INFO    -  Doc file 'blog/posts/tg-59.md' contains an absolute link '/assets/tg/59/1.jpg', it was left as is. Did you mean '../../assets/tg/59/1.jpg'?
INFO    -  Doc file 'blog/posts/tg-60.md' contains an absolute link '/assets/tg/60/1.jpg', it was left as is. Did you mean '../../assets/tg/60/1.jpg'?
INFO    -  Doc file 'blog/posts/tg-62.md' contains an absolute link '/assets/tg/62/1.jpg', it was left as is. Did you mean '../../assets/tg/62/1.jpg'?
INFO    -  Doc file 'blog/posts/tg-63.md' contains an absolute link '/assets/tg/63/1.jpg', it was left as is. Did you mean '../../assets/tg/63/1.jpg'?
INFO    -  Doc file 'blog/posts/tg-63.md' contains an absolute link '/assets/tg/63/2.jpg', it was left as is. Did you mean '../../assets/tg/63/2.jpg'?
INFO    -  Doc file 'blog/posts/tg-65.md' contains an absolute link '/assets/tg/65/1.jpg', it was left as is. Did you mean '../../assets/tg/65/1.jpg'?
INFO    -  Doc file 'blog/posts/tg-67.md' contains an absolute link '/assets/tg/67/1.jpg', it was left as is. Did you mean '../../assets/tg/67/1.jpg'?
INFO    -  Doc file 'blog/posts/tg-67.md' contains an absolute link '/assets/tg/67/2.jpg', it was left as is. Did you mean '../../assets/tg/67/2.jpg'?
INFO    -  Doc file 'blog/posts/tg-69.md' contains an absolute link '/assets/tg/69/1.jpg', it was left as is. Did you mean '../../assets/tg/69/1.jpg'?
INFO    -  Doc file 'blog/posts/tg-7.md' contains an absolute link '/assets/tg/7/1.jpg', it was left as is. Did you mean '../../assets/tg/7/1.jpg'?
INFO    -  Doc file 'blog/posts/tg-70.md' contains an absolute link '/assets/tg/70/1.jpg', it was left as is. Did you mean '../../assets/tg/70/1.jpg'?
INFO    -  Doc file 'blog/posts/tg-71.md' contains an absolute link '/assets/tg/71/1.jpg', it was left as is. Did you mean '../../assets/tg/71/1.jpg'?
INFO    -  Doc file 'blog/posts/tg-72.md' contains an absolute link '/assets/tg/72/1.jpg', it was left as is. Did you mean '../../assets/tg/72/1.jpg'?
INFO    -  Doc file 'blog/posts/tg-73.md' contains an absolute link '/assets/tg/73/1.jpg', it was left as is. Did you mean '../../assets/tg/73/1.jpg'?
INFO    -  Doc file 'blog/posts/tg-73.md' contains an absolute link '/assets/tg/73/2.jpg', it was left as is. Did you mean '../../assets/tg/73/2.jpg'?
INFO    -  Doc file 'blog/posts/tg-75.md' contains an absolute link '/assets/tg/75/1.jpg', it was left as is. Did you mean '../../assets/tg/75/1.jpg'?
INFO    -  Doc file 'blog/posts/tg-75.md' contains an absolute link '/assets/tg/75/2.jpg', it was left as is. Did you mean '../../assets/tg/75/2.jpg'?
INFO    -  Doc file 'blog/posts/tg-77.md' contains an absolute link '/assets/tg/77/1.jpg', it was left as is. Did you mean '../../assets/tg/77/1.jpg'?
INFO    -  Doc file 'blog/posts/tg-77.md' contains an absolute link '/assets/tg/77/2.jpg', it was left as is. Did you mean '../../assets/tg/77/2.jpg'?
INFO    -  Doc file 'blog/posts/tg-8.md' contains an absolute link '/assets/tg/8/1.jpg', it was left as is. Did you mean '../../assets/tg/8/1.jpg'?
INFO    -  Doc file 'blog/posts/tg-8.md' contains an absolute link '/assets/tg/8/2.jpg', it was left as is. Did you mean '../../assets/tg/8/2.jpg'?
INFO    -  Doc file 'blog/posts/tg-80.md' contains an absolute link '/assets/tg/80/1.jpg', it was left as is. Did you mean '../../assets/tg/80/1.jpg'?
INFO    -  Doc file 'blog/posts/tg-81.md' contains an absolute link '/assets/tg/81/1.jpg', it was left as is. Did you mean '../../assets/tg/81/1.jpg'?
INFO    -  Doc file 'blog/posts/tg-82.md' contains an absolute link '/assets/tg/82/1.jpg', it was left as is. Did you mean '../../assets/tg/82/1.jpg'?
INFO    -  Doc file 'blog/posts/tg-82.md' contains an absolute link '/assets/tg/82/2.jpg', it was left as is. Did you mean '../../assets/tg/82/2.jpg'?
INFO    -  Doc file 'blog/posts/tg-85.md' contains an absolute link '/assets/tg/85/1.jpg', it was left as is. Did you mean '../../assets/tg/85/1.jpg'?
INFO    -  Doc file 'blog/posts/tg-86.md' contains an absolute link '/assets/tg/86/1.jpg', it was left as is. Did you mean '../../assets/tg/86/1.jpg'?
INFO    -  Doc file 'blog/posts/tg-86.md' contains an absolute link '/assets/tg/86/2.jpg', it was left as is. Did you mean '../../assets/tg/86/2.jpg'?
INFO    -  Doc file 'blog/posts/tg-88.md' contains an absolute link '/assets/tg/88/1.jpg', it was left as is. Did you mean '../../assets/tg/88/1.jpg'?
INFO    -  Doc file 'blog/posts/tg-89.md' contains an absolute link '/assets/tg/89/1.jpg', it was left as is. Did you mean '../../assets/tg/89/1.jpg'?
INFO    -  Doc file 'blog/posts/tg-90.md' contains an absolute link '/assets/tg/90/1.jpg', it was left as is. Did you mean '../../assets/tg/90/1.jpg'?
INFO    -  Doc file 'blog/posts/tg-91.md' contains an absolute link '/assets/tg/91/1.jpg', it was left as is. Did you mean '../../assets/tg/91/1.jpg'?
INFO    -  Doc file 'blog/posts/tg-93.md' contains an absolute link '/assets/tg/93/1.jpg', it was left as is. Did you mean '../../assets/tg/93/1.jpg'?
INFO    -  Doc file 'blog/posts/tg-95.md' contains an absolute link '/assets/tg/95/1.jpg', it was left as is. Did you mean '../../assets/tg/95/1.jpg'?
INFO    -  Doc file 'blog/posts/tg-95.md' contains an absolute link '/assets/tg/95/2.jpg', it was left as is. Did you mean '../../assets/tg/95/2.jpg'?
INFO    -  Doc file 'blog/posts/tg-95.md' contains an absolute link '/assets/tg/95/3.jpg', it was left as is. Did you mean '../../assets/tg/95/3.jpg'?
INFO    -  Doc file 'blog/posts/tg-95.md' contains an absolute link '/assets/tg/95/4.jpg', it was left as is. Did you mean '../../assets/tg/95/4.jpg'?
Building prefix dict from the default dictionary ...
Loading model from cache C:\Users\ZL\AppData\Local\Temp\jieba.cache
Loading model cost 0.378 seconds.
Prefix dict has been built successfully.
INFO    -  Documentation built in 3.03 seconds
待部署文件：555
X99 镜像更新完成（555 个文件）
warning: in the working copy of 'scripts/.sync.log', CRLF will be replaced by LF the next time Git touches it
warning: in the working copy of 'scripts/.tg_state.json', CRLF will be replaced by LF the next time Git touches it
warning: in the working copy of 'scripts/tg-review.md', CRLF will be replaced by LF the next time Git touches it
已推送到 GitHub
=== 2026-10-07 02:47:39 完成 ===
=== 2026-10-07 02:47:44 同步开始 ===
已知帖子 273 条，开始抓取（全量）
  page 1   315..334  new=15
  page 2   293..314  new=17
  page 3   273..292  new=20
  page 4   252..271  new=17
  page 5   223..251  new=17
  page 6   203..222  new=17
  page 7   178..202  new=18
  page 8   157..177  new=19
  page 9   132..156  new=19
  page 10  112..131  new=20
  page 11  91..111  new=16
  page 12  70..90  new=16
  page 13  50..69  new=18
  page 14  29..49  new=17
  page 15  8..28  new=20
  page 16  1..7  new=7
抓到 273 条 -> 合并后 215 条（40 条为同段聚合）
新增 0 / 更新 41 / 跳过 174 | 媒体 12 张 0.4 MB | 视频 125.0 MB
reaction 播种 130 条帖子 -> scripts/tg-reactions-seed.json
待确认分类 188 条 -> scripts/tg-review.md
reaction 播种完成：0 项（服务器现有 130 个帖子）

 │  ⚠  Warning from the Material for MkDocs team
 │
 │  MkDocs 2.0, the underlying framework of Material for MkDocs,
 │  will introduce backward-incompatible changes, including:
 │
 │  × All plugins will stop working – the plugin system has been removed
 │  × All theme overrides will break – the theming system has been rewritten
 │  × No migration path exists – existing projects cannot be upgraded
 │  × Closed contribution model – community members can't report bugs
 │  × Currently unlicensed – unsuitable for production use
 │
 │  Our full analysis:
 │
 │  https://squidfunk.github.io/mkdocs-material/blog/2026/02/18/mkdocs-2.0/

INFO    -  Cleaning site directory
INFO    -  Building documentation to directory: C:\Users\ZL\Documents\ZL114514.github.io\docs
INFO    -  Doc file 'blog/posts/tg-100.md' contains an absolute link '/assets/tg/100/1.jpg', it was left as is. Did you mean '../../assets/tg/100/1.jpg'?
INFO    -  Doc file 'blog/posts/tg-101.md' contains an absolute link '/assets/tg/101/1.jpg', it was left as is. Did you mean '../../assets/tg/101/1.jpg'?
INFO    -  Doc file 'blog/posts/tg-102.md' contains an absolute link '/assets/tg/102/1.jpg', it was left as is. Did you mean '../../assets/tg/102/1.jpg'?
INFO    -  Doc file 'blog/posts/tg-103.md' contains an absolute link '/assets/tg/103/1.jpg', it was left as is. Did you mean '../../assets/tg/103/1.jpg'?
INFO    -  Doc file 'blog/posts/tg-103.md' contains an absolute link '/assets/tg/103/2.jpg', it was left as is. Did you mean '../../assets/tg/103/2.jpg'?
INFO    -  Doc file 'blog/posts/tg-109.md' contains an absolute link '/assets/tg/109/1.jpg', it was left as is. Did you mean '../../assets/tg/109/1.jpg'?
INFO    -  Doc file 'blog/posts/tg-111.md' contains an absolute link '/assets/tg/111/1.jpg', it was left as is. Did you mean '../../assets/tg/111/1.jpg'?
INFO    -  Doc file 'blog/posts/tg-120.md' contains an absolute link '/assets/tg/120/1.jpg', it was left as is. Did you mean '../../assets/tg/120/1.jpg'?
INFO    -  Doc file 'blog/posts/tg-122.md' contains an absolute link '/assets/tg/122/1.jpg', it was left as is. Did you mean '../../assets/tg/122/1.jpg'?
INFO    -  Doc file 'blog/posts/tg-129.md' contains an absolute link '/assets/tg/129/1.jpg', it was left as is. Did you mean '../../assets/tg/129/1.jpg'?
INFO    -  Doc file 'blog/posts/tg-13.md' contains an absolute link '/assets/tg/13/1.jpg', it was left as is. Did you mean '../../assets/tg/13/1.jpg'?
INFO    -  Doc file 'blog/posts/tg-13.md' contains an absolute link '/assets/tg/13/2.jpg', it was left as is. Did you mean '../../assets/tg/13/2.jpg'?
INFO    -  Doc file 'blog/posts/tg-131.md' contains an absolute link '/assets/tg/131/1.jpg', it was left as is. Did you mean '../../assets/tg/131/1.jpg'?
INFO    -  Doc file 'blog/posts/tg-132.md' contains an absolute link '/assets/tg/132/1.jpg', it was left as is. Did you mean '../../assets/tg/132/1.jpg'?
INFO    -  Doc file 'blog/posts/tg-133.md' contains an absolute link '/assets/tg/133/1.jpg', it was left as is. Did you mean '../../assets/tg/133/1.jpg'?
INFO    -  Doc file 'blog/posts/tg-134.md' contains an absolute link '/assets/tg/134/1.jpg', it was left as is. Did you mean '../../assets/tg/134/1.jpg'?
INFO    -  Doc file 'blog/posts/tg-141.md' contains an absolute link '/assets/tg/141/1.jpg', it was left as is. Did you mean '../../assets/tg/141/1.jpg'?
INFO    -  Doc file 'blog/posts/tg-141.md' contains an absolute link '/assets/tg/141/2.jpg', it was left as is. Did you mean '../../assets/tg/141/2.jpg'?
INFO    -  Doc file 'blog/posts/tg-143.md' contains an absolute link '/assets/tg/143/1.jpg', it was left as is. Did you mean '../../assets/tg/143/1.jpg'?
INFO    -  Doc file 'blog/posts/tg-154.md' contains an absolute link '/assets/tg/154/1.jpg', it was left as is. Did you mean '../../assets/tg/154/1.jpg'?
INFO    -  Doc file 'blog/posts/tg-155.md' contains an absolute link '/assets/tg/155/1.jpg', it was left as is. Did you mean '../../assets/tg/155/1.jpg'?
INFO    -  Doc file 'blog/posts/tg-156.md' contains an absolute link '/assets/tg/156/1.jpg', it was left as is. Did you mean '../../assets/tg/156/1.jpg'?
INFO    -  Doc file 'blog/posts/tg-157.md' contains an absolute link '/assets/tg/157/1.jpg', it was left as is. Did you mean '../../assets/tg/157/1.jpg'?
INFO    -  Doc file 'blog/posts/tg-157.md' contains an absolute link '/assets/tg/157/2.jpg', it was left as is. Did you mean '../../assets/tg/157/2.jpg'?
INFO    -  Doc file 'blog/posts/tg-162.md' contains an absolute link '/assets/tg/162/1.jpg', it was left as is. Did you mean '../../assets/tg/162/1.jpg'?
INFO    -  Doc file 'blog/posts/tg-162.md' contains an absolute link '/assets/tg/162/2.jpg', it was left as is. Did you mean '../../assets/tg/162/2.jpg'?
INFO    -  Doc file 'blog/posts/tg-164.md' contains an absolute link '/assets/tg/164/1.jpg', it was left as is. Did you mean '../../assets/tg/164/1.jpg'?
INFO    -  Doc file 'blog/posts/tg-165.md' contains an absolute link '/assets/tg/165/1.jpg', it was left as is. Did you mean '../../assets/tg/165/1.jpg'?
INFO    -  Doc file 'blog/posts/tg-167.md' contains an absolute link '/assets/tg/167/1.jpg', it was left as is. Did you mean '../../assets/tg/167/1.jpg'?
INFO    -  Doc file 'blog/posts/tg-168.md' contains an absolute link '/assets/tg/168/1.jpg', it was left as is. Did you mean '../../assets/tg/168/1.jpg'?
INFO    -  Doc file 'blog/posts/tg-17.md' contains an absolute link '/assets/tg/17/1.jpg', it was left as is. Did you mean '../../assets/tg/17/1.jpg'?
INFO    -  Doc file 'blog/posts/tg-18.md' contains an absolute link '/assets/tg/18/1.jpg', it was left as is. Did you mean '../../assets/tg/18/1.jpg'?
INFO    -  Doc file 'blog/posts/tg-180.md' contains an absolute link '/assets/tg/180/1.jpg', it was left as is. Did you mean '../../assets/tg/180/1.jpg'?
INFO    -  Doc file 'blog/posts/tg-180.md' contains an absolute link '/assets/tg/180/2.jpg', it was left as is. Did you mean '../../assets/tg/180/2.jpg'?
INFO    -  Doc file 'blog/posts/tg-184.md' contains an absolute link '/assets/tg/184/1.jpg', it was left as is. Did you mean '../../assets/tg/184/1.jpg'?
INFO    -  Doc file 'blog/posts/tg-186.md' contains an absolute link '/assets/tg/186/1.jpg', it was left as is. Did you mean '../../assets/tg/186/1.jpg'?
INFO    -  Doc file 'blog/posts/tg-187.md' contains an absolute link '/assets/tg/187/1.jpg', it was left as is. Did you mean '../../assets/tg/187/1.jpg'?
INFO    -  Doc file 'blog/posts/tg-187.md' contains an absolute link '/assets/tg/187/2.jpg', it was left as is. Did you mean '../../assets/tg/187/2.jpg'?
INFO    -  Doc file 'blog/posts/tg-19.md' contains an absolute link '/assets/tg/19/1.jpg', it was left as is. Did you mean '../../assets/tg/19/1.jpg'?
INFO    -  Doc file 'blog/posts/tg-190.md' contains an absolute link '/assets/tg/190/1.jpg', it was left as is. Did you mean '../../assets/tg/190/1.jpg'?
INFO    -  Doc file 'blog/posts/tg-191.md' contains an absolute link '/assets/tg/191/1.jpg', it was left as is. Did you mean '../../assets/tg/191/1.jpg'?
INFO    -  Doc file 'blog/posts/tg-202.md' contains an absolute link '/assets/tg/202/1.jpg', it was left as is. Did you mean '../../assets/tg/202/1.jpg'?
INFO    -  Doc file 'blog/posts/tg-206.md' contains an absolute link '/assets/tg/206/1.jpg', it was left as is. Did you mean '../../assets/tg/206/1.jpg'?
INFO    -  Doc file 'blog/posts/tg-208.md' contains an absolute link '/assets/tg/208/1.jpg', it was left as is. Did you mean '../../assets/tg/208/1.jpg'?
INFO    -  Doc file 'blog/posts/tg-21.md' contains an absolute link '/assets/tg/21/1.jpg', it was left as is. Did you mean '../../assets/tg/21/1.jpg'?
INFO    -  Doc file 'blog/posts/tg-210.md' contains an absolute link '/assets/tg/210/1.jpg', it was left as is. Did you mean '../../assets/tg/210/1.jpg'?
INFO    -  Doc file 'blog/posts/tg-210.md' contains an absolute link '/assets/tg/210/2.jpg', it was left as is. Did you mean '../../assets/tg/210/2.jpg'?
INFO    -  Doc file 'blog/posts/tg-210.md' contains an absolute link '/assets/tg/210/3.jpg', it was left as is. Did you mean '../../assets/tg/210/3.jpg'?
INFO    -  Doc file 'blog/posts/tg-213.md' contains an absolute link '/assets/tg/213/1.jpg', it was left as is. Did you mean '../../assets/tg/213/1.jpg'?
INFO    -  Doc file 'blog/posts/tg-215.md' contains an absolute link '/assets/tg/215/1.jpg', it was left as is. Did you mean '../../assets/tg/215/1.jpg'?
INFO    -  Doc file 'blog/posts/tg-216.md' contains an absolute link '/assets/tg/216/1.jpg', it was left as is. Did you mean '../../assets/tg/216/1.jpg'?
INFO    -  Doc file 'blog/posts/tg-216.md' contains an absolute link '/assets/tg/216/2.jpg', it was left as is. Did you mean '../../assets/tg/216/2.jpg'?
INFO    -  Doc file 'blog/posts/tg-218.md' contains an absolute link '/assets/tg/218/1.jpg', it was left as is. Did you mean '../../assets/tg/218/1.jpg'?
INFO    -  Doc file 'blog/posts/tg-219.md' contains an absolute link '/assets/tg/219/1.jpg', it was left as is. Did you mean '../../assets/tg/219/1.jpg'?
INFO    -  Doc file 'blog/posts/tg-220.md' contains an absolute link '/assets/tg/220/1.jpg', it was left as is. Did you mean '../../assets/tg/220/1.jpg'?
INFO    -  Doc file 'blog/posts/tg-221.md' contains an absolute link '/assets/tg/221/1.jpg', it was left as is. Did you mean '../../assets/tg/221/1.jpg'?
INFO    -  Doc file 'blog/posts/tg-223.md' contains an absolute link '/assets/tg/223/1.jpg', it was left as is. Did you mean '../../assets/tg/223/1.jpg'?
INFO    -  Doc file 'blog/posts/tg-223.md' contains an absolute link '/assets/tg/223/2.jpg', it was left as is. Did you mean '../../assets/tg/223/2.jpg'?
INFO    -  Doc file 'blog/posts/tg-223.md' contains an absolute link '/assets/tg/223/3.jpg', it was left as is. Did you mean '../../assets/tg/223/3.jpg'?
INFO    -  Doc file 'blog/posts/tg-223.md' contains an absolute link '/assets/tg/223/4.jpg', it was left as is. Did you mean '../../assets/tg/223/4.jpg'?
INFO    -  Doc file 'blog/posts/tg-223.md' contains an absolute link '/assets/tg/223/5.jpg', it was left as is. Did you mean '../../assets/tg/223/5.jpg'?
INFO    -  Doc file 'blog/posts/tg-223.md' contains an absolute link '/assets/tg/223/6.jpg', it was left as is. Did you mean '../../assets/tg/223/6.jpg'?
INFO    -  Doc file 'blog/posts/tg-223.md' contains an absolute link '/assets/tg/223/7.jpg', it was left as is. Did you mean '../../assets/tg/223/7.jpg'?
INFO    -  Doc file 'blog/posts/tg-223.md' contains an absolute link '/assets/tg/223/8.jpg', it was left as is. Did you mean '../../assets/tg/223/8.jpg'?
INFO    -  Doc file 'blog/posts/tg-232.md' contains an absolute link '/assets/tg/232/1.jpg', it was left as is. Did you mean '../../assets/tg/232/1.jpg'?
INFO    -  Doc file 'blog/posts/tg-237.md' contains an absolute link '/assets/tg/237/1.jpg', it was left as is. Did you mean '../../assets/tg/237/1.jpg'?
INFO    -  Doc file 'blog/posts/tg-240.md' contains an absolute link '/assets/tg/240/1.jpg', it was left as is. Did you mean '../../assets/tg/240/1.jpg'?
INFO    -  Doc file 'blog/posts/tg-242.md' contains an absolute link '/assets/tg/242/1.jpg', it was left as is. Did you mean '../../assets/tg/242/1.jpg'?
INFO    -  Doc file 'blog/posts/tg-242.md' contains an absolute link '/assets/tg/242/2.jpg', it was left as is. Did you mean '../../assets/tg/242/2.jpg'?
INFO    -  Doc file 'blog/posts/tg-244.md' contains an absolute link '/assets/tg/244/1.jpg', it was left as is. Did you mean '../../assets/tg/244/1.jpg'?
INFO    -  Doc file 'blog/posts/tg-244.md' contains an absolute link '/assets/tg/244/2.jpg', it was left as is. Did you mean '../../assets/tg/244/2.jpg'?
INFO    -  Doc file 'blog/posts/tg-246.md' contains an absolute link '/assets/tg/246/1.jpg', it was left as is. Did you mean '../../assets/tg/246/1.jpg'?
INFO    -  Doc file 'blog/posts/tg-246.md' contains an absolute link '/assets/tg/246/2.jpg', it was left as is. Did you mean '../../assets/tg/246/2.jpg'?
INFO    -  Doc file 'blog/posts/tg-248.md' contains an absolute link '/assets/tg/248/1.jpg', it was left as is. Did you mean '../../assets/tg/248/1.jpg'?
INFO    -  Doc file 'blog/posts/tg-249.md' contains an absolute link '/assets/tg/249/1.jpg', it was left as is. Did you mean '../../assets/tg/249/1.jpg'?
INFO    -  Doc file 'blog/posts/tg-250.md' contains an absolute link '/assets/tg/250/1.jpg', it was left as is. Did you mean '../../assets/tg/250/1.jpg'?
INFO    -  Doc file 'blog/posts/tg-251.md' contains an absolute link '/assets/tg/251/1.jpg', it was left as is. Did you mean '../../assets/tg/251/1.jpg'?
INFO    -  Doc file 'blog/posts/tg-253.md' contains an absolute link '/assets/tg/253/1.jpg', it was left as is. Did you mean '../../assets/tg/253/1.jpg'?
INFO    -  Doc file 'blog/posts/tg-254.md' contains an absolute link '/assets/tg/254/1.jpg', it was left as is. Did you mean '../../assets/tg/254/1.jpg'?
INFO    -  Doc file 'blog/posts/tg-255.md' contains an absolute link '/assets/tg/255/1.jpg', it was left as is. Did you mean '../../assets/tg/255/1.jpg'?
INFO    -  Doc file 'blog/posts/tg-256.md' contains an absolute link '/assets/tg/256/1.jpg', it was left as is. Did you mean '../../assets/tg/256/1.jpg'?
INFO    -  Doc file 'blog/posts/tg-259.md' contains an absolute link '/assets/tg/259/1.jpg', it was left as is. Did you mean '../../assets/tg/259/1.jpg'?
INFO    -  Doc file 'blog/posts/tg-260.md' contains an absolute link '/assets/tg/260/1.jpg', it was left as is. Did you mean '../../assets/tg/260/1.jpg'?
INFO    -  Doc file 'blog/posts/tg-261.md' contains an absolute link '/assets/tg/261/1.jpg', it was left as is. Did you mean '../../assets/tg/261/1.jpg'?
INFO    -  Doc file 'blog/posts/tg-261.md' contains an absolute link '/assets/tg/261/2.jpg', it was left as is. Did you mean '../../assets/tg/261/2.jpg'?
INFO    -  Doc file 'blog/posts/tg-261.md' contains an absolute link '/assets/tg/261/3.jpg', it was left as is. Did you mean '../../assets/tg/261/3.jpg'?
INFO    -  Doc file 'blog/posts/tg-261.md' contains an absolute link '/assets/tg/261/4.jpg', it was left as is. Did you mean '../../assets/tg/261/4.jpg'?
INFO    -  Doc file 'blog/posts/tg-267.md' contains an absolute link '/assets/tg/267/1.jpg', it was left as is. Did you mean '../../assets/tg/267/1.jpg'?
INFO    -  Doc file 'blog/posts/tg-269.md' contains an absolute link '/assets/tg/269/1.jpg', it was left as is. Did you mean '../../assets/tg/269/1.jpg'?
INFO    -  Doc file 'blog/posts/tg-270.md' contains an absolute link '/assets/tg/270/1.jpg', it was left as is. Did you mean '../../assets/tg/270/1.jpg'?
INFO    -  Doc file 'blog/posts/tg-271.md' contains an absolute link '/assets/tg/271/1.jpg', it was left as is. Did you mean '../../assets/tg/271/1.jpg'?
INFO    -  Doc file 'blog/posts/tg-276.md' contains an absolute link '/assets/tg/276/1.jpg', it was left as is. Did you mean '../../assets/tg/276/1.jpg'?
INFO    -  Doc file 'blog/posts/tg-277.md' contains an absolute link '/assets/tg/277/1.jpg', it was left as is. Did you mean '../../assets/tg/277/1.jpg'?
INFO    -  Doc file 'blog/posts/tg-278.md' contains an absolute link '/assets/tg/278/1.jpg', it was left as is. Did you mean '../../assets/tg/278/1.jpg'?
INFO    -  Doc file 'blog/posts/tg-281.md' contains an absolute link '/assets/tg/281/1.jpg', it was left as is. Did you mean '../../assets/tg/281/1.jpg'?
INFO    -  Doc file 'blog/posts/tg-282.md' contains an absolute link '/assets/tg/282/1.jpg', it was left as is. Did you mean '../../assets/tg/282/1.jpg'?
INFO    -  Doc file 'blog/posts/tg-292.md' contains an absolute link '/assets/tg/292/1.jpg', it was left as is. Did you mean '../../assets/tg/292/1.jpg'?
INFO    -  Doc file 'blog/posts/tg-294.md' contains an absolute link '/assets/tg/294/1.jpg', it was left as is. Did you mean '../../assets/tg/294/1.jpg'?
INFO    -  Doc file 'blog/posts/tg-294.md' contains an absolute link '/assets/tg/294/2.jpg', it was left as is. Did you mean '../../assets/tg/294/2.jpg'?
INFO    -  Doc file 'blog/posts/tg-296.md' contains an absolute link '/assets/tg/296/1.jpg', it was left as is. Did you mean '../../assets/tg/296/1.jpg'?
INFO    -  Doc file 'blog/posts/tg-296.md' contains an absolute link '/assets/tg/296/2.jpg', it was left as is. Did you mean '../../assets/tg/296/2.jpg'?
INFO    -  Doc file 'blog/posts/tg-296.md' contains an absolute link '/assets/tg/296/3.jpg', it was left as is. Did you mean '../../assets/tg/296/3.jpg'?
INFO    -  Doc file 'blog/posts/tg-299.md' contains an absolute link '/assets/tg/299/1.jpg', it was left as is. Did you mean '../../assets/tg/299/1.jpg'?
INFO    -  Doc file 'blog/posts/tg-3.md' contains an absolute link '/assets/tg/3/1.jpg', it was left as is. Did you mean '../../assets/tg/3/1.jpg'?
INFO    -  Doc file 'blog/posts/tg-307.md' contains an absolute link '/assets/tg/307/1.jpg', it was left as is. Did you mean '../../assets/tg/307/1.jpg'?
INFO    -  Doc file 'blog/posts/tg-312.md' contains an absolute link '/assets/tg/312/1.jpg', it was left as is. Did you mean '../../assets/tg/312/1.jpg'?
INFO    -  Doc file 'blog/posts/tg-314.md' contains an absolute link '/assets/tg/314/1.jpg', it was left as is. Did you mean '../../assets/tg/314/1.jpg'?
INFO    -  Doc file 'blog/posts/tg-318.md' contains an absolute link '/assets/tg/318/1.jpg', it was left as is. Did you mean '../../assets/tg/318/1.jpg'?
INFO    -  Doc file 'blog/posts/tg-318.md' contains an absolute link '/assets/tg/318/2.jpg', it was left as is. Did you mean '../../assets/tg/318/2.jpg'?
INFO    -  Doc file 'blog/posts/tg-318.md' contains an absolute link '/assets/tg/318/3.jpg', it was left as is. Did you mean '../../assets/tg/318/3.jpg'?
INFO    -  Doc file 'blog/posts/tg-32.md' contains an absolute link '/assets/tg/32/1.jpg', it was left as is. Did you mean '../../assets/tg/32/1.jpg'?
INFO    -  Doc file 'blog/posts/tg-32.md' contains an absolute link '/assets/tg/32/2.jpg', it was left as is. Did you mean '../../assets/tg/32/2.jpg'?
INFO    -  Doc file 'blog/posts/tg-32.md' contains an absolute link '/assets/tg/32/3.jpg', it was left as is. Did you mean '../../assets/tg/32/3.jpg'?
INFO    -  Doc file 'blog/posts/tg-32.md' contains an absolute link '/assets/tg/32/4.jpg', it was left as is. Did you mean '../../assets/tg/32/4.jpg'?
INFO    -  Doc file 'blog/posts/tg-321.md' contains an absolute link '/assets/tg/321/1.jpg', it was left as is. Did you mean '../../assets/tg/321/1.jpg'?
INFO    -  Doc file 'blog/posts/tg-325.md' contains an absolute link '/assets/tg/325/1.jpg', it was left as is. Did you mean '../../assets/tg/325/1.jpg'?
INFO    -  Doc file 'blog/posts/tg-326.md' contains an absolute link '/assets/tg/326/1.jpg', it was left as is. Did you mean '../../assets/tg/326/1.jpg'?
INFO    -  Doc file 'blog/posts/tg-326.md' contains an absolute link '/assets/tg/326/2.jpg', it was left as is. Did you mean '../../assets/tg/326/2.jpg'?
INFO    -  Doc file 'blog/posts/tg-326.md' contains an absolute link '/assets/tg/326/3.jpg', it was left as is. Did you mean '../../assets/tg/326/3.jpg'?
INFO    -  Doc file 'blog/posts/tg-326.md' contains an absolute link '/assets/tg/326/4.jpg', it was left as is. Did you mean '../../assets/tg/326/4.jpg'?
INFO    -  Doc file 'blog/posts/tg-331.md' contains an absolute link '/assets/tg/331/1.jpg', it was left as is. Did you mean '../../assets/tg/331/1.jpg'?
INFO    -  Doc file 'blog/posts/tg-332.md' contains an absolute link '/assets/tg/332/1.jpg', it was left as is. Did you mean '../../assets/tg/332/1.jpg'?
INFO    -  Doc file 'blog/posts/tg-333.md' contains an absolute link '/assets/tg/333/1.jpg', it was left as is. Did you mean '../../assets/tg/333/1.jpg'?
INFO    -  Doc file 'blog/posts/tg-4.md' contains an absolute link '/assets/tg/4/1.jpg', it was left as is. Did you mean '../../assets/tg/4/1.jpg'?
INFO    -  Doc file 'blog/posts/tg-45.md' contains an absolute link '/assets/tg/45/1.jpg', it was left as is. Did you mean '../../assets/tg/45/1.jpg'?
INFO    -  Doc file 'blog/posts/tg-46.md' contains an absolute link '/assets/tg/46/1.jpg', it was left as is. Did you mean '../../assets/tg/46/1.jpg'?
INFO    -  Doc file 'blog/posts/tg-47.md' contains an absolute link '/assets/tg/47/1.jpg', it was left as is. Did you mean '../../assets/tg/47/1.jpg'?
INFO    -  Doc file 'blog/posts/tg-48.md' contains an absolute link '/assets/tg/48/1.jpg', it was left as is. Did you mean '../../assets/tg/48/1.jpg'?
INFO    -  Doc file 'blog/posts/tg-49.md' contains an absolute link '/assets/tg/49/1.jpg', it was left as is. Did you mean '../../assets/tg/49/1.jpg'?
INFO    -  Doc file 'blog/posts/tg-5.md' contains an absolute link '/assets/tg/5/1.jpg', it was left as is. Did you mean '../../assets/tg/5/1.jpg'?
INFO    -  Doc file 'blog/posts/tg-51.md' contains an absolute link '/assets/tg/51/1.jpg', it was left as is. Did you mean '../../assets/tg/51/1.jpg'?
INFO    -  Doc file 'blog/posts/tg-52.md' contains an absolute link '/assets/tg/52/1.jpg', it was left as is. Did you mean '../../assets/tg/52/1.jpg'?
INFO    -  Doc file 'blog/posts/tg-55.md' contains an absolute link '/assets/tg/55/1.jpg', it was left as is. Did you mean '../../assets/tg/55/1.jpg'?
INFO    -  Doc file 'blog/posts/tg-56.md' contains an absolute link '/assets/tg/56/1.jpg', it was left as is. Did you mean '../../assets/tg/56/1.jpg'?
INFO    -  Doc file 'blog/posts/tg-58.md' contains an absolute link '/assets/tg/58/1.jpg', it was left as is. Did you mean '../../assets/tg/58/1.jpg'?
INFO    -  Doc file 'blog/posts/tg-59.md' contains an absolute link '/assets/tg/59/1.jpg', it was left as is. Did you mean '../../assets/tg/59/1.jpg'?
INFO    -  Doc file 'blog/posts/tg-60.md' contains an absolute link '/assets/tg/60/1.jpg', it was left as is. Did you mean '../../assets/tg/60/1.jpg'?
INFO    -  Doc file 'blog/posts/tg-62.md' contains an absolute link '/assets/tg/62/1.jpg', it was left as is. Did you mean '../../assets/tg/62/1.jpg'?
INFO    -  Doc file 'blog/posts/tg-63.md' contains an absolute link '/assets/tg/63/1.jpg', it was left as is. Did you mean '../../assets/tg/63/1.jpg'?
INFO    -  Doc file 'blog/posts/tg-63.md' contains an absolute link '/assets/tg/63/2.jpg', it was left as is. Did you mean '../../assets/tg/63/2.jpg'?
INFO    -  Doc file 'blog/posts/tg-65.md' contains an absolute link '/assets/tg/65/1.jpg', it was left as is. Did you mean '../../assets/tg/65/1.jpg'?
INFO    -  Doc file 'blog/posts/tg-67.md' contains an absolute link '/assets/tg/67/1.jpg', it was left as is. Did you mean '../../assets/tg/67/1.jpg'?
INFO    -  Doc file 'blog/posts/tg-67.md' contains an absolute link '/assets/tg/67/2.jpg', it was left as is. Did you mean '../../assets/tg/67/2.jpg'?
INFO    -  Doc file 'blog/posts/tg-69.md' contains an absolute link '/assets/tg/69/1.jpg', it was left as is. Did you mean '../../assets/tg/69/1.jpg'?
INFO    -  Doc file 'blog/posts/tg-7.md' contains an absolute link '/assets/tg/7/1.jpg', it was left as is. Did you mean '../../assets/tg/7/1.jpg'?
INFO    -  Doc file 'blog/posts/tg-70.md' contains an absolute link '/assets/tg/70/1.jpg', it was left as is. Did you mean '../../assets/tg/70/1.jpg'?
INFO    -  Doc file 'blog/posts/tg-71.md' contains an absolute link '/assets/tg/71/1.jpg', it was left as is. Did you mean '../../assets/tg/71/1.jpg'?
INFO    -  Doc file 'blog/posts/tg-72.md' contains an absolute link '/assets/tg/72/1.jpg', it was left as is. Did you mean '../../assets/tg/72/1.jpg'?
INFO    -  Doc file 'blog/posts/tg-73.md' contains an absolute link '/assets/tg/73/1.jpg', it was left as is. Did you mean '../../assets/tg/73/1.jpg'?
INFO    -  Doc file 'blog/posts/tg-73.md' contains an absolute link '/assets/tg/73/2.jpg', it was left as is. Did you mean '../../assets/tg/73/2.jpg'?
INFO    -  Doc file 'blog/posts/tg-75.md' contains an absolute link '/assets/tg/75/1.jpg', it was left as is. Did you mean '../../assets/tg/75/1.jpg'?
INFO    -  Doc file 'blog/posts/tg-75.md' contains an absolute link '/assets/tg/75/2.jpg', it was left as is. Did you mean '../../assets/tg/75/2.jpg'?
INFO    -  Doc file 'blog/posts/tg-77.md' contains an absolute link '/assets/tg/77/1.jpg', it was left as is. Did you mean '../../assets/tg/77/1.jpg'?
INFO    -  Doc file 'blog/posts/tg-77.md' contains an absolute link '/assets/tg/77/2.jpg', it was left as is. Did you mean '../../assets/tg/77/2.jpg'?
INFO    -  Doc file 'blog/posts/tg-8.md' contains an absolute link '/assets/tg/8/1.jpg', it was left as is. Did you mean '../../assets/tg/8/1.jpg'?
INFO    -  Doc file 'blog/posts/tg-8.md' contains an absolute link '/assets/tg/8/2.jpg', it was left as is. Did you mean '../../assets/tg/8/2.jpg'?
INFO    -  Doc file 'blog/posts/tg-80.md' contains an absolute link '/assets/tg/80/1.jpg', it was left as is. Did you mean '../../assets/tg/80/1.jpg'?
INFO    -  Doc file 'blog/posts/tg-81.md' contains an absolute link '/assets/tg/81/1.jpg', it was left as is. Did you mean '../../assets/tg/81/1.jpg'?
INFO    -  Doc file 'blog/posts/tg-82.md' contains an absolute link '/assets/tg/82/1.jpg', it was left as is. Did you mean '../../assets/tg/82/1.jpg'?
INFO    -  Doc file 'blog/posts/tg-82.md' contains an absolute link '/assets/tg/82/2.jpg', it was left as is. Did you mean '../../assets/tg/82/2.jpg'?
INFO    -  Doc file 'blog/posts/tg-85.md' contains an absolute link '/assets/tg/85/1.jpg', it was left as is. Did you mean '../../assets/tg/85/1.jpg'?
INFO    -  Doc file 'blog/posts/tg-86.md' contains an absolute link '/assets/tg/86/1.jpg', it was left as is. Did you mean '../../assets/tg/86/1.jpg'?
INFO    -  Doc file 'blog/posts/tg-86.md' contains an absolute link '/assets/tg/86/2.jpg', it was left as is. Did you mean '../../assets/tg/86/2.jpg'?
INFO    -  Doc file 'blog/posts/tg-88.md' contains an absolute link '/assets/tg/88/1.jpg', it was left as is. Did you mean '../../assets/tg/88/1.jpg'?
INFO    -  Doc file 'blog/posts/tg-89.md' contains an absolute link '/assets/tg/89/1.jpg', it was left as is. Did you mean '../../assets/tg/89/1.jpg'?
INFO    -  Doc file 'blog/posts/tg-90.md' contains an absolute link '/assets/tg/90/1.jpg', it was left as is. Did you mean '../../assets/tg/90/1.jpg'?
INFO    -  Doc file 'blog/posts/tg-91.md' contains an absolute link '/assets/tg/91/1.jpg', it was left as is. Did you mean '../../assets/tg/91/1.jpg'?
INFO    -  Doc file 'blog/posts/tg-93.md' contains an absolute link '/assets/tg/93/1.jpg', it was left as is. Did you mean '../../assets/tg/93/1.jpg'?
INFO    -  Doc file 'blog/posts/tg-95.md' contains an absolute link '/assets/tg/95/1.jpg', it was left as is. Did you mean '../../assets/tg/95/1.jpg'?
INFO    -  Doc file 'blog/posts/tg-95.md' contains an absolute link '/assets/tg/95/2.jpg', it was left as is. Did you mean '../../assets/tg/95/2.jpg'?
INFO    -  Doc file 'blog/posts/tg-95.md' contains an absolute link '/assets/tg/95/3.jpg', it was left as is. Did you mean '../../assets/tg/95/3.jpg'?
INFO    -  Doc file 'blog/posts/tg-95.md' contains an absolute link '/assets/tg/95/4.jpg', it was left as is. Did you mean '../../assets/tg/95/4.jpg'?
Building prefix dict from the default dictionary ...
Loading model from cache C:\Users\ZL\AppData\Local\Temp\jieba.cache
Loading model cost 0.418 seconds.
Prefix dict has been built successfully.
INFO    -  Documentation built in 3.30 seconds
待部署文件：555
X99 镜像更新完成（555 个文件）
warning: in the working copy of 'scripts/.sync.log', CRLF will be replaced by LF the next time Git touches it
warning: in the working copy of 'scripts/.tg_state.json', CRLF will be replaced by LF the next time Git touches it
ssh: connect to host github.com port 22: Connection timed out
fatal: Could not read from remote repository.

Please make sure you have the correct access rights
and the repository exists.
  push 第 1 次失败，6 秒后重试
已推送到 GitHub
=== 2026-10-07 02:51:47 完成 ===
=== 2026-10-07 02:54:17 同步开始 ===
已知帖子 273 条，开始抓取（全量）
  page 1   315..334  new=15
  page 2   293..314  new=17
  page 3   273..292  new=20
  page 4   252..271  new=17
  page 5   223..251  new=17
  page 6   203..222  new=17
  page 7   178..202  new=18
  page 8   157..177  new=19
  page 9   132..156  new=19
  page 10  112..131  new=20
  page 11  91..111  new=16
  page 12  70..90  new=16
  page 13 第 1 次失败: <urlopen error [WinError 10060] 由于连接方在一段时间后没有正确答复或连接的主机没有反应，连接尝试失败。>
  page 13  50..69  new=18
  page 14  29..49  new=17
  page 15  8..28  new=20
  page 16  1..7  new=7
抓到 273 条 -> 合并后 215 条（40 条为同段聚合）
新增 0 / 更新 18 / 跳过 197 | 媒体 0 张 0.0 MB | 视频 125.0 MB
reaction 播种 130 条帖子 -> scripts/tg-reactions-seed.json
待确认分类 188 条 -> scripts/tg-review.md
reaction 播种完成：0 项（服务器现有 130 个帖子）

 │  ⚠  Warning from the Material for MkDocs team
 │
 │  MkDocs 2.0, the underlying framework of Material for MkDocs,
 │  will introduce backward-incompatible changes, including:
 │
 │  × All plugins will stop working – the plugin system has been removed
 │  × All theme overrides will break – the theming system has been rewritten
 │  × No migration path exists – existing projects cannot be upgraded
 │  × Closed contribution model – community members can't report bugs
 │  × Currently unlicensed – unsuitable for production use
 │
 │  Our full analysis:
 │
 │  https://squidfunk.github.io/mkdocs-material/blog/2026/02/18/mkdocs-2.0/

INFO    -  Cleaning site directory
INFO    -  Building documentation to directory: C:\Users\ZL\Documents\ZL114514.github.io\docs
INFO    -  Doc file 'blog/posts/tg-100.md' contains an absolute link '/assets/tg/100/1.jpg', it was left as is. Did you mean '../../assets/tg/100/1.jpg'?
INFO    -  Doc file 'blog/posts/tg-101.md' contains an absolute link '/assets/tg/101/1.jpg', it was left as is. Did you mean '../../assets/tg/101/1.jpg'?
INFO    -  Doc file 'blog/posts/tg-102.md' contains an absolute link '/assets/tg/102/1.jpg', it was left as is. Did you mean '../../assets/tg/102/1.jpg'?
INFO    -  Doc file 'blog/posts/tg-103.md' contains an absolute link '/assets/tg/103/1.jpg', it was left as is. Did you mean '../../assets/tg/103/1.jpg'?
INFO    -  Doc file 'blog/posts/tg-103.md' contains an absolute link '/assets/tg/103/2.jpg', it was left as is. Did you mean '../../assets/tg/103/2.jpg'?
INFO    -  Doc file 'blog/posts/tg-109.md' contains an absolute link '/assets/tg/109/1.jpg', it was left as is. Did you mean '../../assets/tg/109/1.jpg'?
INFO    -  Doc file 'blog/posts/tg-111.md' contains an absolute link '/assets/tg/111/1.jpg', it was left as is. Did you mean '../../assets/tg/111/1.jpg'?
INFO    -  Doc file 'blog/posts/tg-120.md' contains an absolute link '/assets/tg/120/1.jpg', it was left as is. Did you mean '../../assets/tg/120/1.jpg'?
INFO    -  Doc file 'blog/posts/tg-122.md' contains an absolute link '/assets/tg/122/1.jpg', it was left as is. Did you mean '../../assets/tg/122/1.jpg'?
INFO    -  Doc file 'blog/posts/tg-129.md' contains an absolute link '/assets/tg/129/1.jpg', it was left as is. Did you mean '../../assets/tg/129/1.jpg'?
INFO    -  Doc file 'blog/posts/tg-13.md' contains an absolute link '/assets/tg/13/1.jpg', it was left as is. Did you mean '../../assets/tg/13/1.jpg'?
INFO    -  Doc file 'blog/posts/tg-13.md' contains an absolute link '/assets/tg/13/2.jpg', it was left as is. Did you mean '../../assets/tg/13/2.jpg'?
INFO    -  Doc file 'blog/posts/tg-131.md' contains an absolute link '/assets/tg/131/1.jpg', it was left as is. Did you mean '../../assets/tg/131/1.jpg'?
INFO    -  Doc file 'blog/posts/tg-132.md' contains an absolute link '/assets/tg/132/1.jpg', it was left as is. Did you mean '../../assets/tg/132/1.jpg'?
INFO    -  Doc file 'blog/posts/tg-133.md' contains an absolute link '/assets/tg/133/1.jpg', it was left as is. Did you mean '../../assets/tg/133/1.jpg'?
INFO    -  Doc file 'blog/posts/tg-134.md' contains an absolute link '/assets/tg/134/1.jpg', it was left as is. Did you mean '../../assets/tg/134/1.jpg'?
INFO    -  Doc file 'blog/posts/tg-141.md' contains an absolute link '/assets/tg/141/1.jpg', it was left as is. Did you mean '../../assets/tg/141/1.jpg'?
INFO    -  Doc file 'blog/posts/tg-141.md' contains an absolute link '/assets/tg/141/2.jpg', it was left as is. Did you mean '../../assets/tg/141/2.jpg'?
INFO    -  Doc file 'blog/posts/tg-143.md' contains an absolute link '/assets/tg/143/1.jpg', it was left as is. Did you mean '../../assets/tg/143/1.jpg'?
INFO    -  Doc file 'blog/posts/tg-154.md' contains an absolute link '/assets/tg/154/1.jpg', it was left as is. Did you mean '../../assets/tg/154/1.jpg'?
INFO    -  Doc file 'blog/posts/tg-155.md' contains an absolute link '/assets/tg/155/1.jpg', it was left as is. Did you mean '../../assets/tg/155/1.jpg'?
INFO    -  Doc file 'blog/posts/tg-156.md' contains an absolute link '/assets/tg/156/1.jpg', it was left as is. Did you mean '../../assets/tg/156/1.jpg'?
INFO    -  Doc file 'blog/posts/tg-157.md' contains an absolute link '/assets/tg/157/1.jpg', it was left as is. Did you mean '../../assets/tg/157/1.jpg'?
INFO    -  Doc file 'blog/posts/tg-157.md' contains an absolute link '/assets/tg/157/2.jpg', it was left as is. Did you mean '../../assets/tg/157/2.jpg'?
INFO    -  Doc file 'blog/posts/tg-162.md' contains an absolute link '/assets/tg/162/1.jpg', it was left as is. Did you mean '../../assets/tg/162/1.jpg'?
INFO    -  Doc file 'blog/posts/tg-162.md' contains an absolute link '/assets/tg/162/2.jpg', it was left as is. Did you mean '../../assets/tg/162/2.jpg'?
INFO    -  Doc file 'blog/posts/tg-164.md' contains an absolute link '/assets/tg/164/1.jpg', it was left as is. Did you mean '../../assets/tg/164/1.jpg'?
INFO    -  Doc file 'blog/posts/tg-165.md' contains an absolute link '/assets/tg/165/1.jpg', it was left as is. Did you mean '../../assets/tg/165/1.jpg'?
INFO    -  Doc file 'blog/posts/tg-167.md' contains an absolute link '/assets/tg/167/1.jpg', it was left as is. Did you mean '../../assets/tg/167/1.jpg'?
INFO    -  Doc file 'blog/posts/tg-168.md' contains an absolute link '/assets/tg/168/1.jpg', it was left as is. Did you mean '../../assets/tg/168/1.jpg'?
INFO    -  Doc file 'blog/posts/tg-17.md' contains an absolute link '/assets/tg/17/1.jpg', it was left as is. Did you mean '../../assets/tg/17/1.jpg'?
INFO    -  Doc file 'blog/posts/tg-18.md' contains an absolute link '/assets/tg/18/1.jpg', it was left as is. Did you mean '../../assets/tg/18/1.jpg'?
INFO    -  Doc file 'blog/posts/tg-180.md' contains an absolute link '/assets/tg/180/1.jpg', it was left as is. Did you mean '../../assets/tg/180/1.jpg'?
INFO    -  Doc file 'blog/posts/tg-180.md' contains an absolute link '/assets/tg/180/2.jpg', it was left as is. Did you mean '../../assets/tg/180/2.jpg'?
INFO    -  Doc file 'blog/posts/tg-184.md' contains an absolute link '/assets/tg/184/1.jpg', it was left as is. Did you mean '../../assets/tg/184/1.jpg'?
INFO    -  Doc file 'blog/posts/tg-186.md' contains an absolute link '/assets/tg/186/1.jpg', it was left as is. Did you mean '../../assets/tg/186/1.jpg'?
INFO    -  Doc file 'blog/posts/tg-187.md' contains an absolute link '/assets/tg/187/1.jpg', it was left as is. Did you mean '../../assets/tg/187/1.jpg'?
INFO    -  Doc file 'blog/posts/tg-187.md' contains an absolute link '/assets/tg/187/2.jpg', it was left as is. Did you mean '../../assets/tg/187/2.jpg'?
INFO    -  Doc file 'blog/posts/tg-19.md' contains an absolute link '/assets/tg/19/1.jpg', it was left as is. Did you mean '../../assets/tg/19/1.jpg'?
INFO    -  Doc file 'blog/posts/tg-190.md' contains an absolute link '/assets/tg/190/1.jpg', it was left as is. Did you mean '../../assets/tg/190/1.jpg'?
INFO    -  Doc file 'blog/posts/tg-191.md' contains an absolute link '/assets/tg/191/1.jpg', it was left as is. Did you mean '../../assets/tg/191/1.jpg'?
INFO    -  Doc file 'blog/posts/tg-202.md' contains an absolute link '/assets/tg/202/1.jpg', it was left as is. Did you mean '../../assets/tg/202/1.jpg'?
INFO    -  Doc file 'blog/posts/tg-206.md' contains an absolute link '/assets/tg/206/1.jpg', it was left as is. Did you mean '../../assets/tg/206/1.jpg'?
INFO    -  Doc file 'blog/posts/tg-208.md' contains an absolute link '/assets/tg/208/1.jpg', it was left as is. Did you mean '../../assets/tg/208/1.jpg'?
INFO    -  Doc file 'blog/posts/tg-21.md' contains an absolute link '/assets/tg/21/1.jpg', it was left as is. Did you mean '../../assets/tg/21/1.jpg'?
INFO    -  Doc file 'blog/posts/tg-210.md' contains an absolute link '/assets/tg/210/1.jpg', it was left as is. Did you mean '../../assets/tg/210/1.jpg'?
INFO    -  Doc file 'blog/posts/tg-210.md' contains an absolute link '/assets/tg/210/2.jpg', it was left as is. Did you mean '../../assets/tg/210/2.jpg'?
INFO    -  Doc file 'blog/posts/tg-210.md' contains an absolute link '/assets/tg/210/3.jpg', it was left as is. Did you mean '../../assets/tg/210/3.jpg'?
INFO    -  Doc file 'blog/posts/tg-213.md' contains an absolute link '/assets/tg/213/1.jpg', it was left as is. Did you mean '../../assets/tg/213/1.jpg'?
INFO    -  Doc file 'blog/posts/tg-215.md' contains an absolute link '/assets/tg/215/1.jpg', it was left as is. Did you mean '../../assets/tg/215/1.jpg'?
INFO    -  Doc file 'blog/posts/tg-216.md' contains an absolute link '/assets/tg/216/1.jpg', it was left as is. Did you mean '../../assets/tg/216/1.jpg'?
INFO    -  Doc file 'blog/posts/tg-216.md' contains an absolute link '/assets/tg/216/2.jpg', it was left as is. Did you mean '../../assets/tg/216/2.jpg'?
INFO    -  Doc file 'blog/posts/tg-218.md' contains an absolute link '/assets/tg/218/1.jpg', it was left as is. Did you mean '../../assets/tg/218/1.jpg'?
INFO    -  Doc file 'blog/posts/tg-219.md' contains an absolute link '/assets/tg/219/1.jpg', it was left as is. Did you mean '../../assets/tg/219/1.jpg'?
INFO    -  Doc file 'blog/posts/tg-220.md' contains an absolute link '/assets/tg/220/1.jpg', it was left as is. Did you mean '../../assets/tg/220/1.jpg'?
INFO    -  Doc file 'blog/posts/tg-221.md' contains an absolute link '/assets/tg/221/1.jpg', it was left as is. Did you mean '../../assets/tg/221/1.jpg'?
INFO    -  Doc file 'blog/posts/tg-223.md' contains an absolute link '/assets/tg/223/1.jpg', it was left as is. Did you mean '../../assets/tg/223/1.jpg'?
INFO    -  Doc file 'blog/posts/tg-223.md' contains an absolute link '/assets/tg/223/2.jpg', it was left as is. Did you mean '../../assets/tg/223/2.jpg'?
INFO    -  Doc file 'blog/posts/tg-223.md' contains an absolute link '/assets/tg/223/3.jpg', it was left as is. Did you mean '../../assets/tg/223/3.jpg'?
INFO    -  Doc file 'blog/posts/tg-223.md' contains an absolute link '/assets/tg/223/4.jpg', it was left as is. Did you mean '../../assets/tg/223/4.jpg'?
INFO    -  Doc file 'blog/posts/tg-223.md' contains an absolute link '/assets/tg/223/5.jpg', it was left as is. Did you mean '../../assets/tg/223/5.jpg'?
INFO    -  Doc file 'blog/posts/tg-223.md' contains an absolute link '/assets/tg/223/6.jpg', it was left as is. Did you mean '../../assets/tg/223/6.jpg'?
INFO    -  Doc file 'blog/posts/tg-223.md' contains an absolute link '/assets/tg/223/7.jpg', it was left as is. Did you mean '../../assets/tg/223/7.jpg'?
INFO    -  Doc file 'blog/posts/tg-223.md' contains an absolute link '/assets/tg/223/8.jpg', it was left as is. Did you mean '../../assets/tg/223/8.jpg'?
INFO    -  Doc file 'blog/posts/tg-232.md' contains an absolute link '/assets/tg/232/1.jpg', it was left as is. Did you mean '../../assets/tg/232/1.jpg'?
INFO    -  Doc file 'blog/posts/tg-237.md' contains an absolute link '/assets/tg/237/1.jpg', it was left as is. Did you mean '../../assets/tg/237/1.jpg'?
INFO    -  Doc file 'blog/posts/tg-240.md' contains an absolute link '/assets/tg/240/1.jpg', it was left as is. Did you mean '../../assets/tg/240/1.jpg'?
INFO    -  Doc file 'blog/posts/tg-242.md' contains an absolute link '/assets/tg/242/1.jpg', it was left as is. Did you mean '../../assets/tg/242/1.jpg'?
INFO    -  Doc file 'blog/posts/tg-242.md' contains an absolute link '/assets/tg/242/2.jpg', it was left as is. Did you mean '../../assets/tg/242/2.jpg'?
INFO    -  Doc file 'blog/posts/tg-244.md' contains an absolute link '/assets/tg/244/1.jpg', it was left as is. Did you mean '../../assets/tg/244/1.jpg'?
INFO    -  Doc file 'blog/posts/tg-244.md' contains an absolute link '/assets/tg/244/2.jpg', it was left as is. Did you mean '../../assets/tg/244/2.jpg'?
INFO    -  Doc file 'blog/posts/tg-246.md' contains an absolute link '/assets/tg/246/1.jpg', it was left as is. Did you mean '../../assets/tg/246/1.jpg'?
INFO    -  Doc file 'blog/posts/tg-246.md' contains an absolute link '/assets/tg/246/2.jpg', it was left as is. Did you mean '../../assets/tg/246/2.jpg'?
INFO    -  Doc file 'blog/posts/tg-248.md' contains an absolute link '/assets/tg/248/1.jpg', it was left as is. Did you mean '../../assets/tg/248/1.jpg'?
INFO    -  Doc file 'blog/posts/tg-249.md' contains an absolute link '/assets/tg/249/1.jpg', it was left as is. Did you mean '../../assets/tg/249/1.jpg'?
INFO    -  Doc file 'blog/posts/tg-250.md' contains an absolute link '/assets/tg/250/1.jpg', it was left as is. Did you mean '../../assets/tg/250/1.jpg'?
INFO    -  Doc file 'blog/posts/tg-251.md' contains an absolute link '/assets/tg/251/1.jpg', it was left as is. Did you mean '../../assets/tg/251/1.jpg'?
INFO    -  Doc file 'blog/posts/tg-253.md' contains an absolute link '/assets/tg/253/1.jpg', it was left as is. Did you mean '../../assets/tg/253/1.jpg'?
INFO    -  Doc file 'blog/posts/tg-254.md' contains an absolute link '/assets/tg/254/1.jpg', it was left as is. Did you mean '../../assets/tg/254/1.jpg'?
INFO    -  Doc file 'blog/posts/tg-255.md' contains an absolute link '/assets/tg/255/1.jpg', it was left as is. Did you mean '../../assets/tg/255/1.jpg'?
INFO    -  Doc file 'blog/posts/tg-256.md' contains an absolute link '/assets/tg/256/1.jpg', it was left as is. Did you mean '../../assets/tg/256/1.jpg'?
INFO    -  Doc file 'blog/posts/tg-259.md' contains an absolute link '/assets/tg/259/1.jpg', it was left as is. Did you mean '../../assets/tg/259/1.jpg'?
INFO    -  Doc file 'blog/posts/tg-260.md' contains an absolute link '/assets/tg/260/1.jpg', it was left as is. Did you mean '../../assets/tg/260/1.jpg'?
INFO    -  Doc file 'blog/posts/tg-261.md' contains an absolute link '/assets/tg/261/1.jpg', it was left as is. Did you mean '../../assets/tg/261/1.jpg'?
INFO    -  Doc file 'blog/posts/tg-261.md' contains an absolute link '/assets/tg/261/2.jpg', it was left as is. Did you mean '../../assets/tg/261/2.jpg'?
INFO    -  Doc file 'blog/posts/tg-261.md' contains an absolute link '/assets/tg/261/3.jpg', it was left as is. Did you mean '../../assets/tg/261/3.jpg'?
INFO    -  Doc file 'blog/posts/tg-261.md' contains an absolute link '/assets/tg/261/4.jpg', it was left as is. Did you mean '../../assets/tg/261/4.jpg'?
INFO    -  Doc file 'blog/posts/tg-267.md' contains an absolute link '/assets/tg/267/1.jpg', it was left as is. Did you mean '../../assets/tg/267/1.jpg'?
INFO    -  Doc file 'blog/posts/tg-269.md' contains an absolute link '/assets/tg/269/1.jpg', it was left as is. Did you mean '../../assets/tg/269/1.jpg'?
INFO    -  Doc file 'blog/posts/tg-270.md' contains an absolute link '/assets/tg/270/1.jpg', it was left as is. Did you mean '../../assets/tg/270/1.jpg'?
INFO    -  Doc file 'blog/posts/tg-271.md' contains an absolute link '/assets/tg/271/1.jpg', it was left as is. Did you mean '../../assets/tg/271/1.jpg'?
INFO    -  Doc file 'blog/posts/tg-276.md' contains an absolute link '/assets/tg/276/1.jpg', it was left as is. Did you mean '../../assets/tg/276/1.jpg'?
INFO    -  Doc file 'blog/posts/tg-277.md' contains an absolute link '/assets/tg/277/1.jpg', it was left as is. Did you mean '../../assets/tg/277/1.jpg'?
INFO    -  Doc file 'blog/posts/tg-278.md' contains an absolute link '/assets/tg/278/1.jpg', it was left as is. Did you mean '../../assets/tg/278/1.jpg'?
INFO    -  Doc file 'blog/posts/tg-281.md' contains an absolute link '/assets/tg/281/1.jpg', it was left as is. Did you mean '../../assets/tg/281/1.jpg'?
INFO    -  Doc file 'blog/posts/tg-282.md' contains an absolute link '/assets/tg/282/1.jpg', it was left as is. Did you mean '../../assets/tg/282/1.jpg'?
INFO    -  Doc file 'blog/posts/tg-292.md' contains an absolute link '/assets/tg/292/1.jpg', it was left as is. Did you mean '../../assets/tg/292/1.jpg'?
INFO    -  Doc file 'blog/posts/tg-294.md' contains an absolute link '/assets/tg/294/1.jpg', it was left as is. Did you mean '../../assets/tg/294/1.jpg'?
INFO    -  Doc file 'blog/posts/tg-294.md' contains an absolute link '/assets/tg/294/2.jpg', it was left as is. Did you mean '../../assets/tg/294/2.jpg'?
INFO    -  Doc file 'blog/posts/tg-296.md' contains an absolute link '/assets/tg/296/1.jpg', it was left as is. Did you mean '../../assets/tg/296/1.jpg'?
INFO    -  Doc file 'blog/posts/tg-296.md' contains an absolute link '/assets/tg/296/2.jpg', it was left as is. Did you mean '../../assets/tg/296/2.jpg'?
INFO    -  Doc file 'blog/posts/tg-296.md' contains an absolute link '/assets/tg/296/3.jpg', it was left as is. Did you mean '../../assets/tg/296/3.jpg'?
INFO    -  Doc file 'blog/posts/tg-299.md' contains an absolute link '/assets/tg/299/1.jpg', it was left as is. Did you mean '../../assets/tg/299/1.jpg'?
INFO    -  Doc file 'blog/posts/tg-3.md' contains an absolute link '/assets/tg/3/1.jpg', it was left as is. Did you mean '../../assets/tg/3/1.jpg'?
INFO    -  Doc file 'blog/posts/tg-307.md' contains an absolute link '/assets/tg/307/1.jpg', it was left as is. Did you mean '../../assets/tg/307/1.jpg'?
INFO    -  Doc file 'blog/posts/tg-312.md' contains an absolute link '/assets/tg/312/1.jpg', it was left as is. Did you mean '../../assets/tg/312/1.jpg'?
INFO    -  Doc file 'blog/posts/tg-314.md' contains an absolute link '/assets/tg/314/1.jpg', it was left as is. Did you mean '../../assets/tg/314/1.jpg'?
INFO    -  Doc file 'blog/posts/tg-318.md' contains an absolute link '/assets/tg/318/1.jpg', it was left as is. Did you mean '../../assets/tg/318/1.jpg'?
INFO    -  Doc file 'blog/posts/tg-318.md' contains an absolute link '/assets/tg/318/2.jpg', it was left as is. Did you mean '../../assets/tg/318/2.jpg'?
INFO    -  Doc file 'blog/posts/tg-318.md' contains an absolute link '/assets/tg/318/3.jpg', it was left as is. Did you mean '../../assets/tg/318/3.jpg'?
INFO    -  Doc file 'blog/posts/tg-32.md' contains an absolute link '/assets/tg/32/1.jpg', it was left as is. Did you mean '../../assets/tg/32/1.jpg'?
INFO    -  Doc file 'blog/posts/tg-32.md' contains an absolute link '/assets/tg/32/2.jpg', it was left as is. Did you mean '../../assets/tg/32/2.jpg'?
INFO    -  Doc file 'blog/posts/tg-32.md' contains an absolute link '/assets/tg/32/3.jpg', it was left as is. Did you mean '../../assets/tg/32/3.jpg'?
INFO    -  Doc file 'blog/posts/tg-32.md' contains an absolute link '/assets/tg/32/4.jpg', it was left as is. Did you mean '../../assets/tg/32/4.jpg'?
INFO    -  Doc file 'blog/posts/tg-321.md' contains an absolute link '/assets/tg/321/1.jpg', it was left as is. Did you mean '../../assets/tg/321/1.jpg'?
INFO    -  Doc file 'blog/posts/tg-325.md' contains an absolute link '/assets/tg/325/1.jpg', it was left as is. Did you mean '../../assets/tg/325/1.jpg'?
INFO    -  Doc file 'blog/posts/tg-326.md' contains an absolute link '/assets/tg/326/1.jpg', it was left as is. Did you mean '../../assets/tg/326/1.jpg'?
INFO    -  Doc file 'blog/posts/tg-326.md' contains an absolute link '/assets/tg/326/2.jpg', it was left as is. Did you mean '../../assets/tg/326/2.jpg'?
INFO    -  Doc file 'blog/posts/tg-326.md' contains an absolute link '/assets/tg/326/3.jpg', it was left as is. Did you mean '../../assets/tg/326/3.jpg'?
INFO    -  Doc file 'blog/posts/tg-326.md' contains an absolute link '/assets/tg/326/4.jpg', it was left as is. Did you mean '../../assets/tg/326/4.jpg'?
INFO    -  Doc file 'blog/posts/tg-331.md' contains an absolute link '/assets/tg/331/1.jpg', it was left as is. Did you mean '../../assets/tg/331/1.jpg'?
INFO    -  Doc file 'blog/posts/tg-332.md' contains an absolute link '/assets/tg/332/1.jpg', it was left as is. Did you mean '../../assets/tg/332/1.jpg'?
INFO    -  Doc file 'blog/posts/tg-333.md' contains an absolute link '/assets/tg/333/1.jpg', it was left as is. Did you mean '../../assets/tg/333/1.jpg'?
INFO    -  Doc file 'blog/posts/tg-4.md' contains an absolute link '/assets/tg/4/1.jpg', it was left as is. Did you mean '../../assets/tg/4/1.jpg'?
INFO    -  Doc file 'blog/posts/tg-45.md' contains an absolute link '/assets/tg/45/1.jpg', it was left as is. Did you mean '../../assets/tg/45/1.jpg'?
INFO    -  Doc file 'blog/posts/tg-46.md' contains an absolute link '/assets/tg/46/1.jpg', it was left as is. Did you mean '../../assets/tg/46/1.jpg'?
INFO    -  Doc file 'blog/posts/tg-47.md' contains an absolute link '/assets/tg/47/1.jpg', it was left as is. Did you mean '../../assets/tg/47/1.jpg'?
INFO    -  Doc file 'blog/posts/tg-48.md' contains an absolute link '/assets/tg/48/1.jpg', it was left as is. Did you mean '../../assets/tg/48/1.jpg'?
INFO    -  Doc file 'blog/posts/tg-49.md' contains an absolute link '/assets/tg/49/1.jpg', it was left as is. Did you mean '../../assets/tg/49/1.jpg'?
INFO    -  Doc file 'blog/posts/tg-5.md' contains an absolute link '/assets/tg/5/1.jpg', it was left as is. Did you mean '../../assets/tg/5/1.jpg'?
INFO    -  Doc file 'blog/posts/tg-51.md' contains an absolute link '/assets/tg/51/1.jpg', it was left as is. Did you mean '../../assets/tg/51/1.jpg'?
INFO    -  Doc file 'blog/posts/tg-52.md' contains an absolute link '/assets/tg/52/1.jpg', it was left as is. Did you mean '../../assets/tg/52/1.jpg'?
INFO    -  Doc file 'blog/posts/tg-55.md' contains an absolute link '/assets/tg/55/1.jpg', it was left as is. Did you mean '../../assets/tg/55/1.jpg'?
INFO    -  Doc file 'blog/posts/tg-56.md' contains an absolute link '/assets/tg/56/1.jpg', it was left as is. Did you mean '../../assets/tg/56/1.jpg'?
INFO    -  Doc file 'blog/posts/tg-58.md' contains an absolute link '/assets/tg/58/1.jpg', it was left as is. Did you mean '../../assets/tg/58/1.jpg'?
INFO    -  Doc file 'blog/posts/tg-59.md' contains an absolute link '/assets/tg/59/1.jpg', it was left as is. Did you mean '../../assets/tg/59/1.jpg'?
INFO    -  Doc file 'blog/posts/tg-60.md' contains an absolute link '/assets/tg/60/1.jpg', it was left as is. Did you mean '../../assets/tg/60/1.jpg'?
INFO    -  Doc file 'blog/posts/tg-62.md' contains an absolute link '/assets/tg/62/1.jpg', it was left as is. Did you mean '../../assets/tg/62/1.jpg'?
INFO    -  Doc file 'blog/posts/tg-63.md' contains an absolute link '/assets/tg/63/1.jpg', it was left as is. Did you mean '../../assets/tg/63/1.jpg'?
INFO    -  Doc file 'blog/posts/tg-63.md' contains an absolute link '/assets/tg/63/2.jpg', it was left as is. Did you mean '../../assets/tg/63/2.jpg'?
INFO    -  Doc file 'blog/posts/tg-65.md' contains an absolute link '/assets/tg/65/1.jpg', it was left as is. Did you mean '../../assets/tg/65/1.jpg'?
INFO    -  Doc file 'blog/posts/tg-67.md' contains an absolute link '/assets/tg/67/1.jpg', it was left as is. Did you mean '../../assets/tg/67/1.jpg'?
INFO    -  Doc file 'blog/posts/tg-67.md' contains an absolute link '/assets/tg/67/2.jpg', it was left as is. Did you mean '../../assets/tg/67/2.jpg'?
INFO    -  Doc file 'blog/posts/tg-69.md' contains an absolute link '/assets/tg/69/1.jpg', it was left as is. Did you mean '../../assets/tg/69/1.jpg'?
INFO    -  Doc file 'blog/posts/tg-7.md' contains an absolute link '/assets/tg/7/1.jpg', it was left as is. Did you mean '../../assets/tg/7/1.jpg'?
INFO    -  Doc file 'blog/posts/tg-70.md' contains an absolute link '/assets/tg/70/1.jpg', it was left as is. Did you mean '../../assets/tg/70/1.jpg'?
INFO    -  Doc file 'blog/posts/tg-71.md' contains an absolute link '/assets/tg/71/1.jpg', it was left as is. Did you mean '../../assets/tg/71/1.jpg'?
INFO    -  Doc file 'blog/posts/tg-72.md' contains an absolute link '/assets/tg/72/1.jpg', it was left as is. Did you mean '../../assets/tg/72/1.jpg'?
INFO    -  Doc file 'blog/posts/tg-73.md' contains an absolute link '/assets/tg/73/1.jpg', it was left as is. Did you mean '../../assets/tg/73/1.jpg'?
INFO    -  Doc file 'blog/posts/tg-73.md' contains an absolute link '/assets/tg/73/2.jpg', it was left as is. Did you mean '../../assets/tg/73/2.jpg'?
INFO    -  Doc file 'blog/posts/tg-75.md' contains an absolute link '/assets/tg/75/1.jpg', it was left as is. Did you mean '../../assets/tg/75/1.jpg'?
INFO    -  Doc file 'blog/posts/tg-75.md' contains an absolute link '/assets/tg/75/2.jpg', it was left as is. Did you mean '../../assets/tg/75/2.jpg'?
INFO    -  Doc file 'blog/posts/tg-77.md' contains an absolute link '/assets/tg/77/1.jpg', it was left as is. Did you mean '../../assets/tg/77/1.jpg'?
INFO    -  Doc file 'blog/posts/tg-77.md' contains an absolute link '/assets/tg/77/2.jpg', it was left as is. Did you mean '../../assets/tg/77/2.jpg'?
INFO    -  Doc file 'blog/posts/tg-8.md' contains an absolute link '/assets/tg/8/1.jpg', it was left as is. Did you mean '../../assets/tg/8/1.jpg'?
INFO    -  Doc file 'blog/posts/tg-8.md' contains an absolute link '/assets/tg/8/2.jpg', it was left as is. Did you mean '../../assets/tg/8/2.jpg'?
INFO    -  Doc file 'blog/posts/tg-80.md' contains an absolute link '/assets/tg/80/1.jpg', it was left as is. Did you mean '../../assets/tg/80/1.jpg'?
INFO    -  Doc file 'blog/posts/tg-81.md' contains an absolute link '/assets/tg/81/1.jpg', it was left as is. Did you mean '../../assets/tg/81/1.jpg'?
INFO    -  Doc file 'blog/posts/tg-82.md' contains an absolute link '/assets/tg/82/1.jpg', it was left as is. Did you mean '../../assets/tg/82/1.jpg'?
INFO    -  Doc file 'blog/posts/tg-82.md' contains an absolute link '/assets/tg/82/2.jpg', it was left as is. Did you mean '../../assets/tg/82/2.jpg'?
INFO    -  Doc file 'blog/posts/tg-85.md' contains an absolute link '/assets/tg/85/1.jpg', it was left as is. Did you mean '../../assets/tg/85/1.jpg'?
INFO    -  Doc file 'blog/posts/tg-86.md' contains an absolute link '/assets/tg/86/1.jpg', it was left as is. Did you mean '../../assets/tg/86/1.jpg'?
INFO    -  Doc file 'blog/posts/tg-86.md' contains an absolute link '/assets/tg/86/2.jpg', it was left as is. Did you mean '../../assets/tg/86/2.jpg'?
INFO    -  Doc file 'blog/posts/tg-88.md' contains an absolute link '/assets/tg/88/1.jpg', it was left as is. Did you mean '../../assets/tg/88/1.jpg'?
INFO    -  Doc file 'blog/posts/tg-89.md' contains an absolute link '/assets/tg/89/1.jpg', it was left as is. Did you mean '../../assets/tg/89/1.jpg'?
INFO    -  Doc file 'blog/posts/tg-90.md' contains an absolute link '/assets/tg/90/1.jpg', it was left as is. Did you mean '../../assets/tg/90/1.jpg'?
INFO    -  Doc file 'blog/posts/tg-91.md' contains an absolute link '/assets/tg/91/1.jpg', it was left as is. Did you mean '../../assets/tg/91/1.jpg'?
INFO    -  Doc file 'blog/posts/tg-93.md' contains an absolute link '/assets/tg/93/1.jpg', it was left as is. Did you mean '../../assets/tg/93/1.jpg'?
INFO    -  Doc file 'blog/posts/tg-95.md' contains an absolute link '/assets/tg/95/1.jpg', it was left as is. Did you mean '../../assets/tg/95/1.jpg'?
INFO    -  Doc file 'blog/posts/tg-95.md' contains an absolute link '/assets/tg/95/2.jpg', it was left as is. Did you mean '../../assets/tg/95/2.jpg'?
INFO    -  Doc file 'blog/posts/tg-95.md' contains an absolute link '/assets/tg/95/3.jpg', it was left as is. Did you mean '../../assets/tg/95/3.jpg'?
INFO    -  Doc file 'blog/posts/tg-95.md' contains an absolute link '/assets/tg/95/4.jpg', it was left as is. Did you mean '../../assets/tg/95/4.jpg'?
Building prefix dict from the default dictionary ...
Loading model from cache C:\Users\ZL\AppData\Local\Temp\jieba.cache
Loading model cost 0.381 seconds.
Prefix dict has been built successfully.
INFO    -  Documentation built in 2.95 seconds
待部署文件：555
X99 镜像更新完成（555 个文件）
warning: in the working copy of 'scripts/.sync.log', CRLF will be replaced by LF the next time Git touches it
已推送到 GitHub
=== 2026-10-07 02:58:05 完成 ===
=== 2026-10-07 02:58:22 同步开始 ===
已知帖子 273 条，开始抓取（全量）
  page 1   315..334  new=15
  page 2   293..314  new=17
  page 3   273..292  new=20
  page 4   252..271  new=17
  page 5   223..251  new=17
  page 6   203..222  new=17
  page 7   178..202  new=18
  page 8   157..177  new=19
  page 9   132..156  new=19
  page 10  112..131  new=20
  page 11  91..111  new=16
  page 12  70..90  new=16
  page 13  50..69  new=18
  page 14  29..49  new=17
  page 15  8..28  new=20
  page 16  1..7  new=7
抓到 273 条 -> 合并后 215 条（40 条为同段聚合）
新增 0 / 更新 215 / 跳过 0 | 媒体 172 张 10.4 MB | 视频 125.0 MB
reaction 播种 130 条帖子 -> scripts/tg-reactions-seed.json
待确认分类 188 条 -> scripts/tg-review.md
reaction 播种完成：0 项（服务器现有 130 个帖子）

 │  ⚠  Warning from the Material for MkDocs team
 │
 │  MkDocs 2.0, the underlying framework of Material for MkDocs,
 │  will introduce backward-incompatible changes, including:
 │
 │  × All plugins will stop working – the plugin system has been removed
 │  × All theme overrides will break – the theming system has been rewritten
 │  × No migration path exists – existing projects cannot be upgraded
 │  × Closed contribution model – community members can't report bugs
 │  × Currently unlicensed – unsuitable for production use
 │
 │  Our full analysis:
 │
 │  https://squidfunk.github.io/mkdocs-material/blog/2026/02/18/mkdocs-2.0/

INFO    -  Cleaning site directory
INFO    -  Building documentation to directory: C:\Users\ZL\Documents\ZL114514.github.io\docs
INFO    -  Doc file 'blog/posts/tg-100.md' contains an absolute link '/assets/tg/100/1.jpg', it was left as is. Did you mean '../../assets/tg/100/1.jpg'?
INFO    -  Doc file 'blog/posts/tg-101.md' contains an absolute link '/assets/tg/101/1.jpg', it was left as is. Did you mean '../../assets/tg/101/1.jpg'?
INFO    -  Doc file 'blog/posts/tg-102.md' contains an absolute link '/assets/tg/102/1.jpg', it was left as is. Did you mean '../../assets/tg/102/1.jpg'?
INFO    -  Doc file 'blog/posts/tg-103.md' contains an absolute link '/assets/tg/103/1.jpg', it was left as is. Did you mean '../../assets/tg/103/1.jpg'?
INFO    -  Doc file 'blog/posts/tg-103.md' contains an absolute link '/assets/tg/103/2.jpg', it was left as is. Did you mean '../../assets/tg/103/2.jpg'?
INFO    -  Doc file 'blog/posts/tg-109.md' contains an absolute link '/assets/tg/109/1.jpg', it was left as is. Did you mean '../../assets/tg/109/1.jpg'?
INFO    -  Doc file 'blog/posts/tg-111.md' contains an absolute link '/assets/tg/111/1.jpg', it was left as is. Did you mean '../../assets/tg/111/1.jpg'?
INFO    -  Doc file 'blog/posts/tg-120.md' contains an absolute link '/assets/tg/120/1.jpg', it was left as is. Did you mean '../../assets/tg/120/1.jpg'?
INFO    -  Doc file 'blog/posts/tg-122.md' contains an absolute link '/assets/tg/122/1.jpg', it was left as is. Did you mean '../../assets/tg/122/1.jpg'?
INFO    -  Doc file 'blog/posts/tg-129.md' contains an absolute link '/assets/tg/129/1.jpg', it was left as is. Did you mean '../../assets/tg/129/1.jpg'?
INFO    -  Doc file 'blog/posts/tg-13.md' contains an absolute link '/assets/tg/13/1.jpg', it was left as is. Did you mean '../../assets/tg/13/1.jpg'?
INFO    -  Doc file 'blog/posts/tg-13.md' contains an absolute link '/assets/tg/13/2.jpg', it was left as is. Did you mean '../../assets/tg/13/2.jpg'?
INFO    -  Doc file 'blog/posts/tg-131.md' contains an absolute link '/assets/tg/131/1.jpg', it was left as is. Did you mean '../../assets/tg/131/1.jpg'?
INFO    -  Doc file 'blog/posts/tg-132.md' contains an absolute link '/assets/tg/132/1.jpg', it was left as is. Did you mean '../../assets/tg/132/1.jpg'?
INFO    -  Doc file 'blog/posts/tg-133.md' contains an absolute link '/assets/tg/133/1.jpg', it was left as is. Did you mean '../../assets/tg/133/1.jpg'?
INFO    -  Doc file 'blog/posts/tg-134.md' contains an absolute link '/assets/tg/134/1.jpg', it was left as is. Did you mean '../../assets/tg/134/1.jpg'?
INFO    -  Doc file 'blog/posts/tg-141.md' contains an absolute link '/assets/tg/141/1.jpg', it was left as is. Did you mean '../../assets/tg/141/1.jpg'?
INFO    -  Doc file 'blog/posts/tg-141.md' contains an absolute link '/assets/tg/141/2.jpg', it was left as is. Did you mean '../../assets/tg/141/2.jpg'?
INFO    -  Doc file 'blog/posts/tg-143.md' contains an absolute link '/assets/tg/143/1.jpg', it was left as is. Did you mean '../../assets/tg/143/1.jpg'?
INFO    -  Doc file 'blog/posts/tg-154.md' contains an absolute link '/assets/tg/154/1.jpg', it was left as is. Did you mean '../../assets/tg/154/1.jpg'?
INFO    -  Doc file 'blog/posts/tg-155.md' contains an absolute link '/assets/tg/155/1.jpg', it was left as is. Did you mean '../../assets/tg/155/1.jpg'?
INFO    -  Doc file 'blog/posts/tg-156.md' contains an absolute link '/assets/tg/156/1.jpg', it was left as is. Did you mean '../../assets/tg/156/1.jpg'?
INFO    -  Doc file 'blog/posts/tg-157.md' contains an absolute link '/assets/tg/157/1.jpg', it was left as is. Did you mean '../../assets/tg/157/1.jpg'?
INFO    -  Doc file 'blog/posts/tg-157.md' contains an absolute link '/assets/tg/157/2.jpg', it was left as is. Did you mean '../../assets/tg/157/2.jpg'?
INFO    -  Doc file 'blog/posts/tg-162.md' contains an absolute link '/assets/tg/162/1.jpg', it was left as is. Did you mean '../../assets/tg/162/1.jpg'?
INFO    -  Doc file 'blog/posts/tg-162.md' contains an absolute link '/assets/tg/162/2.jpg', it was left as is. Did you mean '../../assets/tg/162/2.jpg'?
INFO    -  Doc file 'blog/posts/tg-164.md' contains an absolute link '/assets/tg/164/1.jpg', it was left as is. Did you mean '../../assets/tg/164/1.jpg'?
INFO    -  Doc file 'blog/posts/tg-165.md' contains an absolute link '/assets/tg/165/1.jpg', it was left as is. Did you mean '../../assets/tg/165/1.jpg'?
INFO    -  Doc file 'blog/posts/tg-167.md' contains an absolute link '/assets/tg/167/1.jpg', it was left as is. Did you mean '../../assets/tg/167/1.jpg'?
INFO    -  Doc file 'blog/posts/tg-168.md' contains an absolute link '/assets/tg/168/1.jpg', it was left as is. Did you mean '../../assets/tg/168/1.jpg'?
INFO    -  Doc file 'blog/posts/tg-17.md' contains an absolute link '/assets/tg/17/1.jpg', it was left as is. Did you mean '../../assets/tg/17/1.jpg'?
INFO    -  Doc file 'blog/posts/tg-18.md' contains an absolute link '/assets/tg/18/1.jpg', it was left as is. Did you mean '../../assets/tg/18/1.jpg'?
INFO    -  Doc file 'blog/posts/tg-180.md' contains an absolute link '/assets/tg/180/1.jpg', it was left as is. Did you mean '../../assets/tg/180/1.jpg'?
INFO    -  Doc file 'blog/posts/tg-180.md' contains an absolute link '/assets/tg/180/2.jpg', it was left as is. Did you mean '../../assets/tg/180/2.jpg'?
INFO    -  Doc file 'blog/posts/tg-184.md' contains an absolute link '/assets/tg/184/1.jpg', it was left as is. Did you mean '../../assets/tg/184/1.jpg'?
INFO    -  Doc file 'blog/posts/tg-186.md' contains an absolute link '/assets/tg/186/1.jpg', it was left as is. Did you mean '../../assets/tg/186/1.jpg'?
INFO    -  Doc file 'blog/posts/tg-187.md' contains an absolute link '/assets/tg/187/1.jpg', it was left as is. Did you mean '../../assets/tg/187/1.jpg'?
INFO    -  Doc file 'blog/posts/tg-187.md' contains an absolute link '/assets/tg/187/2.jpg', it was left as is. Did you mean '../../assets/tg/187/2.jpg'?
INFO    -  Doc file 'blog/posts/tg-19.md' contains an absolute link '/assets/tg/19/1.jpg', it was left as is. Did you mean '../../assets/tg/19/1.jpg'?
INFO    -  Doc file 'blog/posts/tg-190.md' contains an absolute link '/assets/tg/190/1.jpg', it was left as is. Did you mean '../../assets/tg/190/1.jpg'?
INFO    -  Doc file 'blog/posts/tg-191.md' contains an absolute link '/assets/tg/191/1.jpg', it was left as is. Did you mean '../../assets/tg/191/1.jpg'?
INFO    -  Doc file 'blog/posts/tg-202.md' contains an absolute link '/assets/tg/202/1.jpg', it was left as is. Did you mean '../../assets/tg/202/1.jpg'?
INFO    -  Doc file 'blog/posts/tg-206.md' contains an absolute link '/assets/tg/206/1.jpg', it was left as is. Did you mean '../../assets/tg/206/1.jpg'?
INFO    -  Doc file 'blog/posts/tg-208.md' contains an absolute link '/assets/tg/208/1.jpg', it was left as is. Did you mean '../../assets/tg/208/1.jpg'?
INFO    -  Doc file 'blog/posts/tg-21.md' contains an absolute link '/assets/tg/21/1.jpg', it was left as is. Did you mean '../../assets/tg/21/1.jpg'?
INFO    -  Doc file 'blog/posts/tg-210.md' contains an absolute link '/assets/tg/210/1.jpg', it was left as is. Did you mean '../../assets/tg/210/1.jpg'?
INFO    -  Doc file 'blog/posts/tg-210.md' contains an absolute link '/assets/tg/210/2.jpg', it was left as is. Did you mean '../../assets/tg/210/2.jpg'?
INFO    -  Doc file 'blog/posts/tg-210.md' contains an absolute link '/assets/tg/210/3.jpg', it was left as is. Did you mean '../../assets/tg/210/3.jpg'?
INFO    -  Doc file 'blog/posts/tg-213.md' contains an absolute link '/assets/tg/213/1.jpg', it was left as is. Did you mean '../../assets/tg/213/1.jpg'?
INFO    -  Doc file 'blog/posts/tg-215.md' contains an absolute link '/assets/tg/215/1.jpg', it was left as is. Did you mean '../../assets/tg/215/1.jpg'?
INFO    -  Doc file 'blog/posts/tg-216.md' contains an absolute link '/assets/tg/216/1.jpg', it was left as is. Did you mean '../../assets/tg/216/1.jpg'?
INFO    -  Doc file 'blog/posts/tg-216.md' contains an absolute link '/assets/tg/216/2.jpg', it was left as is. Did you mean '../../assets/tg/216/2.jpg'?
INFO    -  Doc file 'blog/posts/tg-218.md' contains an absolute link '/assets/tg/218/1.jpg', it was left as is. Did you mean '../../assets/tg/218/1.jpg'?
INFO    -  Doc file 'blog/posts/tg-219.md' contains an absolute link '/assets/tg/219/1.jpg', it was left as is. Did you mean '../../assets/tg/219/1.jpg'?
INFO    -  Doc file 'blog/posts/tg-220.md' contains an absolute link '/assets/tg/220/1.jpg', it was left as is. Did you mean '../../assets/tg/220/1.jpg'?
INFO    -  Doc file 'blog/posts/tg-221.md' contains an absolute link '/assets/tg/221/1.jpg', it was left as is. Did you mean '../../assets/tg/221/1.jpg'?
INFO    -  Doc file 'blog/posts/tg-223.md' contains an absolute link '/assets/tg/223/1.jpg', it was left as is. Did you mean '../../assets/tg/223/1.jpg'?
INFO    -  Doc file 'blog/posts/tg-223.md' contains an absolute link '/assets/tg/223/2.jpg', it was left as is. Did you mean '../../assets/tg/223/2.jpg'?
INFO    -  Doc file 'blog/posts/tg-223.md' contains an absolute link '/assets/tg/223/3.jpg', it was left as is. Did you mean '../../assets/tg/223/3.jpg'?
INFO    -  Doc file 'blog/posts/tg-223.md' contains an absolute link '/assets/tg/223/4.jpg', it was left as is. Did you mean '../../assets/tg/223/4.jpg'?
INFO    -  Doc file 'blog/posts/tg-223.md' contains an absolute link '/assets/tg/223/5.jpg', it was left as is. Did you mean '../../assets/tg/223/5.jpg'?
INFO    -  Doc file 'blog/posts/tg-223.md' contains an absolute link '/assets/tg/223/6.jpg', it was left as is. Did you mean '../../assets/tg/223/6.jpg'?
INFO    -  Doc file 'blog/posts/tg-223.md' contains an absolute link '/assets/tg/223/7.jpg', it was left as is. Did you mean '../../assets/tg/223/7.jpg'?
INFO    -  Doc file 'blog/posts/tg-223.md' contains an absolute link '/assets/tg/223/8.jpg', it was left as is. Did you mean '../../assets/tg/223/8.jpg'?
INFO    -  Doc file 'blog/posts/tg-232.md' contains an absolute link '/assets/tg/232/1.jpg', it was left as is. Did you mean '../../assets/tg/232/1.jpg'?
INFO    -  Doc file 'blog/posts/tg-237.md' contains an absolute link '/assets/tg/237/1.jpg', it was left as is. Did you mean '../../assets/tg/237/1.jpg'?
INFO    -  Doc file 'blog/posts/tg-240.md' contains an absolute link '/assets/tg/240/1.jpg', it was left as is. Did you mean '../../assets/tg/240/1.jpg'?
INFO    -  Doc file 'blog/posts/tg-242.md' contains an absolute link '/assets/tg/242/1.jpg', it was left as is. Did you mean '../../assets/tg/242/1.jpg'?
INFO    -  Doc file 'blog/posts/tg-242.md' contains an absolute link '/assets/tg/242/2.jpg', it was left as is. Did you mean '../../assets/tg/242/2.jpg'?
INFO    -  Doc file 'blog/posts/tg-244.md' contains an absolute link '/assets/tg/244/1.jpg', it was left as is. Did you mean '../../assets/tg/244/1.jpg'?
INFO    -  Doc file 'blog/posts/tg-244.md' contains an absolute link '/assets/tg/244/2.jpg', it was left as is. Did you mean '../../assets/tg/244/2.jpg'?
INFO    -  Doc file 'blog/posts/tg-246.md' contains an absolute link '/assets/tg/246/1.jpg', it was left as is. Did you mean '../../assets/tg/246/1.jpg'?
INFO    -  Doc file 'blog/posts/tg-246.md' contains an absolute link '/assets/tg/246/2.jpg', it was left as is. Did you mean '../../assets/tg/246/2.jpg'?
INFO    -  Doc file 'blog/posts/tg-248.md' contains an absolute link '/assets/tg/248/1.jpg', it was left as is. Did you mean '../../assets/tg/248/1.jpg'?
INFO    -  Doc file 'blog/posts/tg-249.md' contains an absolute link '/assets/tg/249/1.jpg', it was left as is. Did you mean '../../assets/tg/249/1.jpg'?
INFO    -  Doc file 'blog/posts/tg-250.md' contains an absolute link '/assets/tg/250/1.jpg', it was left as is. Did you mean '../../assets/tg/250/1.jpg'?
INFO    -  Doc file 'blog/posts/tg-251.md' contains an absolute link '/assets/tg/251/1.jpg', it was left as is. Did you mean '../../assets/tg/251/1.jpg'?
INFO    -  Doc file 'blog/posts/tg-253.md' contains an absolute link '/assets/tg/253/1.jpg', it was left as is. Did you mean '../../assets/tg/253/1.jpg'?
INFO    -  Doc file 'blog/posts/tg-254.md' contains an absolute link '/assets/tg/254/1.jpg', it was left as is. Did you mean '../../assets/tg/254/1.jpg'?
INFO    -  Doc file 'blog/posts/tg-255.md' contains an absolute link '/assets/tg/255/1.jpg', it was left as is. Did you mean '../../assets/tg/255/1.jpg'?
INFO    -  Doc file 'blog/posts/tg-256.md' contains an absolute link '/assets/tg/256/1.jpg', it was left as is. Did you mean '../../assets/tg/256/1.jpg'?
INFO    -  Doc file 'blog/posts/tg-259.md' contains an absolute link '/assets/tg/259/1.jpg', it was left as is. Did you mean '../../assets/tg/259/1.jpg'?
INFO    -  Doc file 'blog/posts/tg-260.md' contains an absolute link '/assets/tg/260/1.jpg', it was left as is. Did you mean '../../assets/tg/260/1.jpg'?
INFO    -  Doc file 'blog/posts/tg-261.md' contains an absolute link '/assets/tg/261/1.jpg', it was left as is. Did you mean '../../assets/tg/261/1.jpg'?
INFO    -  Doc file 'blog/posts/tg-261.md' contains an absolute link '/assets/tg/261/2.jpg', it was left as is. Did you mean '../../assets/tg/261/2.jpg'?
INFO    -  Doc file 'blog/posts/tg-261.md' contains an absolute link '/assets/tg/261/3.jpg', it was left as is. Did you mean '../../assets/tg/261/3.jpg'?
INFO    -  Doc file 'blog/posts/tg-261.md' contains an absolute link '/assets/tg/261/4.jpg', it was left as is. Did you mean '../../assets/tg/261/4.jpg'?
INFO    -  Doc file 'blog/posts/tg-267.md' contains an absolute link '/assets/tg/267/1.jpg', it was left as is. Did you mean '../../assets/tg/267/1.jpg'?
INFO    -  Doc file 'blog/posts/tg-269.md' contains an absolute link '/assets/tg/269/1.jpg', it was left as is. Did you mean '../../assets/tg/269/1.jpg'?
INFO    -  Doc file 'blog/posts/tg-270.md' contains an absolute link '/assets/tg/270/1.jpg', it was left as is. Did you mean '../../assets/tg/270/1.jpg'?
INFO    -  Doc file 'blog/posts/tg-271.md' contains an absolute link '/assets/tg/271/1.jpg', it was left as is. Did you mean '../../assets/tg/271/1.jpg'?
INFO    -  Doc file 'blog/posts/tg-276.md' contains an absolute link '/assets/tg/276/1.jpg', it was left as is. Did you mean '../../assets/tg/276/1.jpg'?
INFO    -  Doc file 'blog/posts/tg-277.md' contains an absolute link '/assets/tg/277/1.jpg', it was left as is. Did you mean '../../assets/tg/277/1.jpg'?
INFO    -  Doc file 'blog/posts/tg-278.md' contains an absolute link '/assets/tg/278/1.jpg', it was left as is. Did you mean '../../assets/tg/278/1.jpg'?
INFO    -  Doc file 'blog/posts/tg-281.md' contains an absolute link '/assets/tg/281/1.jpg', it was left as is. Did you mean '../../assets/tg/281/1.jpg'?
INFO    -  Doc file 'blog/posts/tg-282.md' contains an absolute link '/assets/tg/282/1.jpg', it was left as is. Did you mean '../../assets/tg/282/1.jpg'?
INFO    -  Doc file 'blog/posts/tg-292.md' contains an absolute link '/assets/tg/292/1.jpg', it was left as is. Did you mean '../../assets/tg/292/1.jpg'?
INFO    -  Doc file 'blog/posts/tg-294.md' contains an absolute link '/assets/tg/294/1.jpg', it was left as is. Did you mean '../../assets/tg/294/1.jpg'?
INFO    -  Doc file 'blog/posts/tg-294.md' contains an absolute link '/assets/tg/294/2.jpg', it was left as is. Did you mean '../../assets/tg/294/2.jpg'?
INFO    -  Doc file 'blog/posts/tg-296.md' contains an absolute link '/assets/tg/296/1.jpg', it was left as is. Did you mean '../../assets/tg/296/1.jpg'?
INFO    -  Doc file 'blog/posts/tg-296.md' contains an absolute link '/assets/tg/296/2.jpg', it was left as is. Did you mean '../../assets/tg/296/2.jpg'?
INFO    -  Doc file 'blog/posts/tg-296.md' contains an absolute link '/assets/tg/296/3.jpg', it was left as is. Did you mean '../../assets/tg/296/3.jpg'?
INFO    -  Doc file 'blog/posts/tg-299.md' contains an absolute link '/assets/tg/299/1.jpg', it was left as is. Did you mean '../../assets/tg/299/1.jpg'?
INFO    -  Doc file 'blog/posts/tg-3.md' contains an absolute link '/assets/tg/3/1.jpg', it was left as is. Did you mean '../../assets/tg/3/1.jpg'?
INFO    -  Doc file 'blog/posts/tg-307.md' contains an absolute link '/assets/tg/307/1.jpg', it was left as is. Did you mean '../../assets/tg/307/1.jpg'?
INFO    -  Doc file 'blog/posts/tg-312.md' contains an absolute link '/assets/tg/312/1.jpg', it was left as is. Did you mean '../../assets/tg/312/1.jpg'?
INFO    -  Doc file 'blog/posts/tg-314.md' contains an absolute link '/assets/tg/314/1.jpg', it was left as is. Did you mean '../../assets/tg/314/1.jpg'?
INFO    -  Doc file 'blog/posts/tg-318.md' contains an absolute link '/assets/tg/318/1.jpg', it was left as is. Did you mean '../../assets/tg/318/1.jpg'?
INFO    -  Doc file 'blog/posts/tg-318.md' contains an absolute link '/assets/tg/318/2.jpg', it was left as is. Did you mean '../../assets/tg/318/2.jpg'?
INFO    -  Doc file 'blog/posts/tg-318.md' contains an absolute link '/assets/tg/318/3.jpg', it was left as is. Did you mean '../../assets/tg/318/3.jpg'?
INFO    -  Doc file 'blog/posts/tg-32.md' contains an absolute link '/assets/tg/32/1.jpg', it was left as is. Did you mean '../../assets/tg/32/1.jpg'?
INFO    -  Doc file 'blog/posts/tg-32.md' contains an absolute link '/assets/tg/32/2.jpg', it was left as is. Did you mean '../../assets/tg/32/2.jpg'?
INFO    -  Doc file 'blog/posts/tg-32.md' contains an absolute link '/assets/tg/32/3.jpg', it was left as is. Did you mean '../../assets/tg/32/3.jpg'?
INFO    -  Doc file 'blog/posts/tg-32.md' contains an absolute link '/assets/tg/32/4.jpg', it was left as is. Did you mean '../../assets/tg/32/4.jpg'?
INFO    -  Doc file 'blog/posts/tg-321.md' contains an absolute link '/assets/tg/321/1.jpg', it was left as is. Did you mean '../../assets/tg/321/1.jpg'?
INFO    -  Doc file 'blog/posts/tg-325.md' contains an absolute link '/assets/tg/325/1.jpg', it was left as is. Did you mean '../../assets/tg/325/1.jpg'?
INFO    -  Doc file 'blog/posts/tg-326.md' contains an absolute link '/assets/tg/326/1.jpg', it was left as is. Did you mean '../../assets/tg/326/1.jpg'?
INFO    -  Doc file 'blog/posts/tg-326.md' contains an absolute link '/assets/tg/326/2.jpg', it was left as is. Did you mean '../../assets/tg/326/2.jpg'?
INFO    -  Doc file 'blog/posts/tg-326.md' contains an absolute link '/assets/tg/326/3.jpg', it was left as is. Did you mean '../../assets/tg/326/3.jpg'?
INFO    -  Doc file 'blog/posts/tg-326.md' contains an absolute link '/assets/tg/326/4.jpg', it was left as is. Did you mean '../../assets/tg/326/4.jpg'?
INFO    -  Doc file 'blog/posts/tg-331.md' contains an absolute link '/assets/tg/331/1.jpg', it was left as is. Did you mean '../../assets/tg/331/1.jpg'?
INFO    -  Doc file 'blog/posts/tg-332.md' contains an absolute link '/assets/tg/332/1.jpg', it was left as is. Did you mean '../../assets/tg/332/1.jpg'?
INFO    -  Doc file 'blog/posts/tg-333.md' contains an absolute link '/assets/tg/333/1.jpg', it was left as is. Did you mean '../../assets/tg/333/1.jpg'?
INFO    -  Doc file 'blog/posts/tg-4.md' contains an absolute link '/assets/tg/4/1.jpg', it was left as is. Did you mean '../../assets/tg/4/1.jpg'?
INFO    -  Doc file 'blog/posts/tg-45.md' contains an absolute link '/assets/tg/45/1.jpg', it was left as is. Did you mean '../../assets/tg/45/1.jpg'?
INFO    -  Doc file 'blog/posts/tg-46.md' contains an absolute link '/assets/tg/46/1.jpg', it was left as is. Did you mean '../../assets/tg/46/1.jpg'?
INFO    -  Doc file 'blog/posts/tg-47.md' contains an absolute link '/assets/tg/47/1.jpg', it was left as is. Did you mean '../../assets/tg/47/1.jpg'?
INFO    -  Doc file 'blog/posts/tg-48.md' contains an absolute link '/assets/tg/48/1.jpg', it was left as is. Did you mean '../../assets/tg/48/1.jpg'?
INFO    -  Doc file 'blog/posts/tg-49.md' contains an absolute link '/assets/tg/49/1.jpg', it was left as is. Did you mean '../../assets/tg/49/1.jpg'?
INFO    -  Doc file 'blog/posts/tg-5.md' contains an absolute link '/assets/tg/5/1.jpg', it was left as is. Did you mean '../../assets/tg/5/1.jpg'?
INFO    -  Doc file 'blog/posts/tg-51.md' contains an absolute link '/assets/tg/51/1.jpg', it was left as is. Did you mean '../../assets/tg/51/1.jpg'?
INFO    -  Doc file 'blog/posts/tg-52.md' contains an absolute link '/assets/tg/52/1.jpg', it was left as is. Did you mean '../../assets/tg/52/1.jpg'?
INFO    -  Doc file 'blog/posts/tg-55.md' contains an absolute link '/assets/tg/55/1.jpg', it was left as is. Did you mean '../../assets/tg/55/1.jpg'?
INFO    -  Doc file 'blog/posts/tg-56.md' contains an absolute link '/assets/tg/56/1.jpg', it was left as is. Did you mean '../../assets/tg/56/1.jpg'?
INFO    -  Doc file 'blog/posts/tg-58.md' contains an absolute link '/assets/tg/58/1.jpg', it was left as is. Did you mean '../../assets/tg/58/1.jpg'?
INFO    -  Doc file 'blog/posts/tg-59.md' contains an absolute link '/assets/tg/59/1.jpg', it was left as is. Did you mean '../../assets/tg/59/1.jpg'?
INFO    -  Doc file 'blog/posts/tg-60.md' contains an absolute link '/assets/tg/60/1.jpg', it was left as is. Did you mean '../../assets/tg/60/1.jpg'?
INFO    -  Doc file 'blog/posts/tg-62.md' contains an absolute link '/assets/tg/62/1.jpg', it was left as is. Did you mean '../../assets/tg/62/1.jpg'?
INFO    -  Doc file 'blog/posts/tg-63.md' contains an absolute link '/assets/tg/63/1.jpg', it was left as is. Did you mean '../../assets/tg/63/1.jpg'?
INFO    -  Doc file 'blog/posts/tg-63.md' contains an absolute link '/assets/tg/63/2.jpg', it was left as is. Did you mean '../../assets/tg/63/2.jpg'?
INFO    -  Doc file 'blog/posts/tg-65.md' contains an absolute link '/assets/tg/65/1.jpg', it was left as is. Did you mean '../../assets/tg/65/1.jpg'?
INFO    -  Doc file 'blog/posts/tg-67.md' contains an absolute link '/assets/tg/67/1.jpg', it was left as is. Did you mean '../../assets/tg/67/1.jpg'?
INFO    -  Doc file 'blog/posts/tg-67.md' contains an absolute link '/assets/tg/67/2.jpg', it was left as is. Did you mean '../../assets/tg/67/2.jpg'?
INFO    -  Doc file 'blog/posts/tg-69.md' contains an absolute link '/assets/tg/69/1.jpg', it was left as is. Did you mean '../../assets/tg/69/1.jpg'?
INFO    -  Doc file 'blog/posts/tg-7.md' contains an absolute link '/assets/tg/7/1.jpg', it was left as is. Did you mean '../../assets/tg/7/1.jpg'?
INFO    -  Doc file 'blog/posts/tg-70.md' contains an absolute link '/assets/tg/70/1.jpg', it was left as is. Did you mean '../../assets/tg/70/1.jpg'?
INFO    -  Doc file 'blog/posts/tg-71.md' contains an absolute link '/assets/tg/71/1.jpg', it was left as is. Did you mean '../../assets/tg/71/1.jpg'?
INFO    -  Doc file 'blog/posts/tg-72.md' contains an absolute link '/assets/tg/72/1.jpg', it was left as is. Did you mean '../../assets/tg/72/1.jpg'?
INFO    -  Doc file 'blog/posts/tg-73.md' contains an absolute link '/assets/tg/73/1.jpg', it was left as is. Did you mean '../../assets/tg/73/1.jpg'?
INFO    -  Doc file 'blog/posts/tg-73.md' contains an absolute link '/assets/tg/73/2.jpg', it was left as is. Did you mean '../../assets/tg/73/2.jpg'?
INFO    -  Doc file 'blog/posts/tg-75.md' contains an absolute link '/assets/tg/75/1.jpg', it was left as is. Did you mean '../../assets/tg/75/1.jpg'?
INFO    -  Doc file 'blog/posts/tg-75.md' contains an absolute link '/assets/tg/75/2.jpg', it was left as is. Did you mean '../../assets/tg/75/2.jpg'?
INFO    -  Doc file 'blog/posts/tg-77.md' contains an absolute link '/assets/tg/77/1.jpg', it was left as is. Did you mean '../../assets/tg/77/1.jpg'?
INFO    -  Doc file 'blog/posts/tg-77.md' contains an absolute link '/assets/tg/77/2.jpg', it was left as is. Did you mean '../../assets/tg/77/2.jpg'?
INFO    -  Doc file 'blog/posts/tg-8.md' contains an absolute link '/assets/tg/8/1.jpg', it was left as is. Did you mean '../../assets/tg/8/1.jpg'?
INFO    -  Doc file 'blog/posts/tg-8.md' contains an absolute link '/assets/tg/8/2.jpg', it was left as is. Did you mean '../../assets/tg/8/2.jpg'?
INFO    -  Doc file 'blog/posts/tg-80.md' contains an absolute link '/assets/tg/80/1.jpg', it was left as is. Did you mean '../../assets/tg/80/1.jpg'?
INFO    -  Doc file 'blog/posts/tg-81.md' contains an absolute link '/assets/tg/81/1.jpg', it was left as is. Did you mean '../../assets/tg/81/1.jpg'?
INFO    -  Doc file 'blog/posts/tg-82.md' contains an absolute link '/assets/tg/82/1.jpg', it was left as is. Did you mean '../../assets/tg/82/1.jpg'?
INFO    -  Doc file 'blog/posts/tg-82.md' contains an absolute link '/assets/tg/82/2.jpg', it was left as is. Did you mean '../../assets/tg/82/2.jpg'?
INFO    -  Doc file 'blog/posts/tg-85.md' contains an absolute link '/assets/tg/85/1.jpg', it was left as is. Did you mean '../../assets/tg/85/1.jpg'?
INFO    -  Doc file 'blog/posts/tg-86.md' contains an absolute link '/assets/tg/86/1.jpg', it was left as is. Did you mean '../../assets/tg/86/1.jpg'?
INFO    -  Doc file 'blog/posts/tg-86.md' contains an absolute link '/assets/tg/86/2.jpg', it was left as is. Did you mean '../../assets/tg/86/2.jpg'?
INFO    -  Doc file 'blog/posts/tg-88.md' contains an absolute link '/assets/tg/88/1.jpg', it was left as is. Did you mean '../../assets/tg/88/1.jpg'?
INFO    -  Doc file 'blog/posts/tg-89.md' contains an absolute link '/assets/tg/89/1.jpg', it was left as is. Did you mean '../../assets/tg/89/1.jpg'?
INFO    -  Doc file 'blog/posts/tg-90.md' contains an absolute link '/assets/tg/90/1.jpg', it was left as is. Did you mean '../../assets/tg/90/1.jpg'?
INFO    -  Doc file 'blog/posts/tg-91.md' contains an absolute link '/assets/tg/91/1.jpg', it was left as is. Did you mean '../../assets/tg/91/1.jpg'?
INFO    -  Doc file 'blog/posts/tg-93.md' contains an absolute link '/assets/tg/93/1.jpg', it was left as is. Did you mean '../../assets/tg/93/1.jpg'?
INFO    -  Doc file 'blog/posts/tg-95.md' contains an absolute link '/assets/tg/95/1.jpg', it was left as is. Did you mean '../../assets/tg/95/1.jpg'?
INFO    -  Doc file 'blog/posts/tg-95.md' contains an absolute link '/assets/tg/95/2.jpg', it was left as is. Did you mean '../../assets/tg/95/2.jpg'?
INFO    -  Doc file 'blog/posts/tg-95.md' contains an absolute link '/assets/tg/95/3.jpg', it was left as is. Did you mean '../../assets/tg/95/3.jpg'?
INFO    -  Doc file 'blog/posts/tg-95.md' contains an absolute link '/assets/tg/95/4.jpg', it was left as is. Did you mean '../../assets/tg/95/4.jpg'?
Building prefix dict from the default dictionary ...
Loading model from cache C:\Users\ZL\AppData\Local\Temp\jieba.cache
Loading model cost 0.335 seconds.
Prefix dict has been built successfully.
INFO    -  Documentation built in 2.70 seconds
待部署文件：555
X99 镜像更新完成（555 个文件）
warning: in the working copy of 'scripts/.sync.log', CRLF will be replaced by LF the next time Git touches it
warning: in the working copy of 'scripts/.tg_state.json', CRLF will be replaced by LF the next time Git touches it
已推送到 GitHub
=== 2026-10-07 03:02:38 完成 ===
=== 2026-10-07 13:32:41 同步开始（全量）===
拉取后台状态：
  ! 拉取失败 /srv/zlblog/content.json（沿用本地那份）
  ! 拉取失败 /srv/zlblog/arc/records_post.json（沿用本地那份）
  ! 曲绘没拉到（服务端还没有识别结果？）
Traceback (most recent call last):
  File "C:\Users\ZL\Documents\ZL114514.github.io\scripts\sitegen.py", line 344, in <module>
    raise SystemExit(main())
                     ^^^^^^
  File "C:\Users\ZL\Documents\ZL114514.github.io\scripts\sitegen.py", line 303, in main
    rows = load_rows()
           ^^^^^^^^^^^
  File "C:\Users\ZL\Documents\ZL114514.github.io\scripts\sitegen.py", line 84, in load_rows
    with open(CACHE, encoding="utf-8") as f:
         ^^^^^^^^^^^^^^^^^^^^^^^^^^^^^
FileNotFoundError: [Errno 2] No such file or directory: 'C:\\Users\\ZL\\Documents\\ZL114514.github.io\\scripts\\tg_posts.json'
!! 后台状态没拉回来，沿用本地那份
! 没有 scripts/site_state.json（后台状态），一律按碎碎念处理
已知帖子 273 条，开始抓取（全量）
  page 1   315..334  new=15
  page 2   293..314  new=17
  page 3   273..292  new=20
  page 4   252..271  new=17
  page 5   223..251  new=17
  page 6   203..222  new=17
  page 7   178..202  new=18
  page 8   157..177  new=19
  page 9   132..156  new=19
  page 10  112..131  new=20
  page 11  91..111  new=16
  page 12  70..90  new=16
  page 13  50..69  new=18
  page 14 第 1 次失败: <urlopen error [WinError 10060] 由于连接方在一段时间后没有正确答复或连接的主机没有反应，连接尝试失败。>
  page 14  29..49  new=17
  page 15  8..28  new=20
  page 16  1..7  new=7
抓到 273 条 -> 合并后 215 条（40 条为同段聚合）
索引 -> scripts/tg_posts.json（215 条：mutter 215）
新增 215 / 更新 0 / 跳过 0 / 换位置 215 / 移除 0 | 媒体 172 张 10.4 MB | 视频 125.0 MB
reaction 播种 130 条帖子 -> scripts/tg-reactions-seed.json
待确认分类 188 条 -> scripts/tg-review.md
reaction 播种完成：0 项（服务器现有 130 个帖子）
notes 总览 + 22 个月份时间线；碎碎念 215 / 已分享 0 / 音游成绩 0 / 隐藏 0

 │  ⚠  Warning from the Material for MkDocs team
 │
 │  MkDocs 2.0, the underlying framework of Material for MkDocs,
 │  will introduce backward-incompatible changes, including:
 │
 │  × All plugins will stop working – the plugin system has been removed
 │  × All theme overrides will break – the theming system has been rewritten
 │  × No migration path exists – existing projects cannot be upgraded
 │  × Closed contribution model – community members can't report bugs
 │  × Currently unlicensed – unsuitable for production use
 │
 │  Our full analysis:
 │
 │  https://squidfunk.github.io/mkdocs-material/blog/2026/02/18/mkdocs-2.0/

INFO    -  Cleaning site directory
INFO    -  Building documentation to directory: C:\Users\ZL\Documents\ZL114514.github.io\docs
INFO    -  The following pages exist in the docs directory, but are not included in the "nav" configuration:
  - notes\2025-01\index.md
  - notes\2025-01\tg-1.md
  - notes\2025-01\tg-10.md
  - notes\2025-01\tg-11.md
  - notes\2025-01\tg-12.md
  - notes\2025-01\tg-13.md
  - notes\2025-01\tg-16.md
  - notes\2025-01\tg-17.md
  - notes\2025-01\tg-18.md
  - notes\2025-01\tg-19.md
  - notes\2025-01\tg-3.md
  - notes\2025-01\tg-4.md
  - notes\2025-01\tg-5.md
  - notes\2025-01\tg-6.md
  - notes\2025-01\tg-7.md
  - notes\2025-01\tg-8.md
  - notes\2025-02\index.md
  - notes\2025-02\tg-21.md
  - notes\2025-02\tg-22.md
  - notes\2025-02\tg-23.md
  - notes\2025-02\tg-27.md
  - notes\2025-02\tg-28.md
  - notes\2025-02\tg-30.md
  - notes\2025-02\tg-32.md
  - notes\2025-02\tg-36.md
  - notes\2025-02\tg-40.md
  - notes\2025-02\tg-42.md
  - notes\2025-03\index.md
  - notes\2025-03\tg-43.md
  - notes\2025-03\tg-45.md
  - notes\2025-03\tg-46.md
  - notes\2025-03\tg-47.md
  - notes\2025-03\tg-48.md
  - notes\2025-03\tg-49.md
  - notes\2025-03\tg-50.md
  - notes\2025-03\tg-51.md
  - notes\2025-04\index.md
  - notes\2025-04\tg-52.md
  - notes\2025-04\tg-55.md
  - notes\2025-04\tg-56.md
  - notes\2025-04\tg-57.md
  - notes\2025-04\tg-58.md
  - notes\2025-05\index.md
  - notes\2025-05\tg-59.md
  - notes\2025-05\tg-60.md
  - notes\2025-05\tg-61.md
  - notes\2025-05\tg-62.md
  - notes\2025-05\tg-63.md
  - notes\2025-05\tg-65.md
  - notes\2025-05\tg-67.md
  - notes\2025-05\tg-69.md
  - notes\2025-05\tg-70.md
  - notes\2025-05\tg-71.md
  - notes\2025-05\tg-72.md
  - notes\2025-05\tg-73.md
  - notes\2025-05\tg-75.md
  - notes\2025-05\tg-77.md
  - notes\2025-05\tg-79.md
  - notes\2025-05\tg-80.md
  - notes\2025-05\tg-81.md
  - notes\2025-05\tg-82.md
  - notes\2025-06\index.md
  - notes\2025-06\tg-100.md
  - notes\2025-06\tg-101.md
  - notes\2025-06\tg-102.md
  - notes\2025-06\tg-103.md
  - notes\2025-06\tg-85.md
  - notes\2025-06\tg-86.md
  - notes\2025-06\tg-88.md
  - notes\2025-06\tg-89.md
  - notes\2025-06\tg-90.md
  - notes\2025-06\tg-91.md
  - notes\2025-06\tg-92.md
  - notes\2025-06\tg-93.md
  - notes\2025-06\tg-94.md
  - notes\2025-06\tg-95.md
  - notes\2025-06\tg-99.md
  - notes\2025-07\index.md
  - notes\2025-07\tg-106.md
  - notes\2025-07\tg-109.md
  - notes\2025-07\tg-110.md
  - notes\2025-07\tg-111.md
  - notes\2025-07\tg-112.md
  - notes\2025-07\tg-114.md
  - notes\2025-07\tg-115.md
  - notes\2025-07\tg-120.md
  - notes\2025-07\tg-121.md
  - notes\2025-07\tg-122.md
  - notes\2025-07\tg-123.md
  - notes\2025-07\tg-125.md
  - notes\2025-07\tg-127.md
  - notes\2025-07\tg-129.md
  - notes\2025-07\tg-131.md
  - notes\2025-07\tg-132.md
  - notes\2025-07\tg-133.md
  - notes\2025-07\tg-134.md
  - notes\2025-07\tg-135.md
  - notes\2025-07\tg-136.md
  - notes\2025-08\index.md
  - notes\2025-08\tg-139.md
  - notes\2025-08\tg-140.md
  - notes\2025-08\tg-141.md
  - notes\2025-08\tg-143.md
  - notes\2025-08\tg-144.md
  - notes\2025-08\tg-145.md
  - notes\2025-08\tg-149.md
  - notes\2025-08\tg-150.md
  - notes\2025-08\tg-151.md
  - notes\2025-08\tg-152.md
  - notes\2025-08\tg-154.md
  - notes\2025-08\tg-155.md
  - notes\2025-08\tg-156.md
  - notes\2025-08\tg-157.md
  - notes\2025-08\tg-159.md
  - notes\2025-08\tg-160.md
  - notes\2025-08\tg-162.md
  - notes\2025-08\tg-164.md
  - notes\2025-08\tg-165.md
  - notes\2025-08\tg-166.md
  - notes\2025-08\tg-167.md
  - notes\2025-08\tg-168.md
  - notes\2025-08\tg-171.md
  - notes\2025-08\tg-175.md
  - notes\2025-08\tg-176.md
  - notes\2025-08\tg-180.md
  - notes\2025-08\tg-184.md
  - notes\2025-08\tg-185.md
  - notes\2025-09\index.md
  - notes\2025-09\tg-186.md
  - notes\2025-09\tg-187.md
  - notes\2025-09\tg-189.md
  - notes\2025-09\tg-190.md
  - notes\2025-10\index.md
  - notes\2025-10\tg-191.md
  - notes\2025-10\tg-192.md
  - notes\2025-10\tg-196.md
  - notes\2025-10\tg-197.md
  - notes\2025-10\tg-198.md
  - notes\2025-10\tg-200.md
  - notes\2025-10\tg-202.md
  - notes\2025-10\tg-203.md
  - notes\2025-10\tg-204.md
  - notes\2025-10\tg-206.md
  - notes\2025-10\tg-207.md
  - notes\2025-10\tg-208.md
  - notes\2025-10\tg-209.md
  - notes\2025-11\index.md
  - notes\2025-11\tg-210.md
  - notes\2025-11\tg-213.md
  - notes\2025-11\tg-214.md
  - notes\2025-11\tg-215.md
  - notes\2025-11\tg-216.md
  - notes\2025-11\tg-218.md
  - notes\2025-11\tg-219.md
  - notes\2025-11\tg-220.md
  - notes\2025-11\tg-221.md
  - notes\2025-11\tg-223.md
  - notes\2025-11\tg-232.md
  - notes\2025-12\index.md
  - notes\2025-12\tg-233.md
  - notes\2025-12\tg-235.md
  - notes\2025-12\tg-237.md
  - notes\2025-12\tg-238.md
  - notes\2025-12\tg-240.md
  - notes\2025-12\tg-242.md
  - notes\2025-12\tg-244.md
  - notes\2025-12\tg-246.md
  - notes\2026-01\index.md
  - notes\2026-01\tg-248.md
  - notes\2026-01\tg-249.md
  - notes\2026-01\tg-250.md
  - notes\2026-01\tg-251.md
  - notes\2026-01\tg-253.md
  - notes\2026-02\index.md
  - notes\2026-02\tg-254.md
  - notes\2026-02\tg-255.md
  - notes\2026-02\tg-256.md
  - notes\2026-02\tg-257.md
  - notes\2026-02\tg-258.md
  - notes\2026-02\tg-259.md
  - notes\2026-02\tg-260.md
  - notes\2026-03\index.md
  - notes\2026-03\tg-261.md
  - notes\2026-03\tg-265.md
  - notes\2026-03\tg-267.md
  - notes\2026-04\index.md
  - notes\2026-04\tg-268.md
  - notes\2026-04\tg-269.md
  - notes\2026-04\tg-270.md
  - notes\2026-04\tg-271.md
  - notes\2026-04\tg-273.md
  - notes\2026-04\tg-276.md
  - notes\2026-05\index.md
  - notes\2026-05\tg-277.md
  - notes\2026-05\tg-278.md
  - notes\2026-05\tg-279.md
  - notes\2026-05\tg-280.md
  - notes\2026-05\tg-281.md
  - notes\2026-05\tg-282.md
  - notes\2026-05\tg-285.md
  - notes\2026-05\tg-288.md
  - notes\2026-05\tg-290.md
  - notes\2026-05\tg-291.md
  - notes\2026-05\tg-292.md
  - notes\2026-06\index.md
  - notes\2026-06\tg-293.md
  - notes\2026-06\tg-294.md
  - notes\2026-06\tg-296.md
  - notes\2026-06\tg-299.md
  - notes\2026-06\tg-301.md
  - notes\2026-06\tg-303.md
  - notes\2026-06\tg-304.md
  - notes\2026-06\tg-305.md
  - notes\2026-06\tg-306.md
  - notes\2026-06\tg-307.md
  - notes\2026-06\tg-309.md
  - notes\2026-06\tg-310.md
  - notes\2026-06\tg-312.md
  - notes\2026-06\tg-313.md
  - notes\2026-06\tg-314.md
  - notes\2026-06\tg-315.md
  - notes\2026-06\tg-316.md
  - notes\2026-06\tg-318.md
  - notes\2026-06\tg-321.md
  - notes\2026-06\tg-322.md
  - notes\2026-07\index.md
  - notes\2026-07\tg-323.md
  - notes\2026-08\index.md
  - notes\2026-08\tg-324.md
  - notes\2026-08\tg-325.md
  - notes\2026-08\tg-326.md
  - notes\2026-08\tg-331.md
  - notes\2026-08\tg-332.md
  - notes\2026-09\index.md
  - notes\2026-09\tg-333.md
  - notes\2026-10\index.md
  - notes\2026-10\tg-334.md
INFO    -  Doc file 'notes/index.md' contains an absolute link '/blog/', it was left as is. Did you mean '../blog/index.md'?
INFO    -  Doc file 'notes/index.md' contains an absolute link '/record/', it was left as is. Did you mean '../record/index.md'?
INFO    -  Doc file 'notes/2025-01/tg-13.md' contains an absolute link '/assets/tg/13/1.jpg', it was left as is. Did you mean '../../assets/tg/13/1.jpg'?
INFO    -  Doc file 'notes/2025-01/tg-13.md' contains an absolute link '/assets/tg/13/2.jpg', it was left as is. Did you mean '../../assets/tg/13/2.jpg'?
INFO    -  Doc file 'notes/2025-01/tg-17.md' contains an absolute link '/assets/tg/17/1.jpg', it was left as is. Did you mean '../../assets/tg/17/1.jpg'?
INFO    -  Doc file 'notes/2025-01/tg-18.md' contains an absolute link '/assets/tg/18/1.jpg', it was left as is. Did you mean '../../assets/tg/18/1.jpg'?
INFO    -  Doc file 'notes/2025-01/tg-19.md' contains an absolute link '/assets/tg/19/1.jpg', it was left as is. Did you mean '../../assets/tg/19/1.jpg'?
INFO    -  Doc file 'notes/2025-01/tg-3.md' contains an absolute link '/assets/tg/3/1.jpg', it was left as is. Did you mean '../../assets/tg/3/1.jpg'?
INFO    -  Doc file 'notes/2025-01/tg-4.md' contains an absolute link '/assets/tg/4/1.jpg', it was left as is. Did you mean '../../assets/tg/4/1.jpg'?
INFO    -  Doc file 'notes/2025-01/tg-5.md' contains an absolute link '/assets/tg/5/1.jpg', it was left as is. Did you mean '../../assets/tg/5/1.jpg'?
INFO    -  Doc file 'notes/2025-01/tg-7.md' contains an absolute link '/assets/tg/7/1.jpg', it was left as is. Did you mean '../../assets/tg/7/1.jpg'?
INFO    -  Doc file 'notes/2025-01/tg-8.md' contains an absolute link '/assets/tg/8/1.jpg', it was left as is. Did you mean '../../assets/tg/8/1.jpg'?
INFO    -  Doc file 'notes/2025-01/tg-8.md' contains an absolute link '/assets/tg/8/2.jpg', it was left as is. Did you mean '../../assets/tg/8/2.jpg'?
INFO    -  Doc file 'notes/2025-02/tg-21.md' contains an absolute link '/assets/tg/21/1.jpg', it was left as is. Did you mean '../../assets/tg/21/1.jpg'?
INFO    -  Doc file 'notes/2025-02/tg-32.md' contains an absolute link '/assets/tg/32/1.jpg', it was left as is. Did you mean '../../assets/tg/32/1.jpg'?
INFO    -  Doc file 'notes/2025-02/tg-32.md' contains an absolute link '/assets/tg/32/2.jpg', it was left as is. Did you mean '../../assets/tg/32/2.jpg'?
INFO    -  Doc file 'notes/2025-02/tg-32.md' contains an absolute link '/assets/tg/32/3.jpg', it was left as is. Did you mean '../../assets/tg/32/3.jpg'?
INFO    -  Doc file 'notes/2025-02/tg-32.md' contains an absolute link '/assets/tg/32/4.jpg', it was left as is. Did you mean '../../assets/tg/32/4.jpg'?
INFO    -  Doc file 'notes/2025-03/tg-45.md' contains an absolute link '/assets/tg/45/1.jpg', it was left as is. Did you mean '../../assets/tg/45/1.jpg'?
INFO    -  Doc file 'notes/2025-03/tg-46.md' contains an absolute link '/assets/tg/46/1.jpg', it was left as is. Did you mean '../../assets/tg/46/1.jpg'?
INFO    -  Doc file 'notes/2025-03/tg-47.md' contains an absolute link '/assets/tg/47/1.jpg', it was left as is. Did you mean '../../assets/tg/47/1.jpg'?
INFO    -  Doc file 'notes/2025-03/tg-48.md' contains an absolute link '/assets/tg/48/1.jpg', it was left as is. Did you mean '../../assets/tg/48/1.jpg'?
INFO    -  Doc file 'notes/2025-03/tg-49.md' contains an absolute link '/assets/tg/49/1.jpg', it was left as is. Did you mean '../../assets/tg/49/1.jpg'?
INFO    -  Doc file 'notes/2025-03/tg-51.md' contains an absolute link '/assets/tg/51/1.jpg', it was left as is. Did you mean '../../assets/tg/51/1.jpg'?
INFO    -  Doc file 'notes/2025-04/tg-52.md' contains an absolute link '/assets/tg/52/1.jpg', it was left as is. Did you mean '../../assets/tg/52/1.jpg'?
INFO    -  Doc file 'notes/2025-04/tg-55.md' contains an absolute link '/assets/tg/55/1.jpg', it was left as is. Did you mean '../../assets/tg/55/1.jpg'?
INFO    -  Doc file 'notes/2025-04/tg-56.md' contains an absolute link '/assets/tg/56/1.jpg', it was left as is. Did you mean '../../assets/tg/56/1.jpg'?
INFO    -  Doc file 'notes/2025-04/tg-58.md' contains an absolute link '/assets/tg/58/1.jpg', it was left as is. Did you mean '../../assets/tg/58/1.jpg'?
INFO    -  Doc file 'notes/2025-05/tg-59.md' contains an absolute link '/assets/tg/59/1.jpg', it was left as is. Did you mean '../../assets/tg/59/1.jpg'?
INFO    -  Doc file 'notes/2025-05/tg-60.md' contains an absolute link '/assets/tg/60/1.jpg', it was left as is. Did you mean '../../assets/tg/60/1.jpg'?
INFO    -  Doc file 'notes/2025-05/tg-62.md' contains an absolute link '/assets/tg/62/1.jpg', it was left as is. Did you mean '../../assets/tg/62/1.jpg'?
INFO    -  Doc file 'notes/2025-05/tg-63.md' contains an absolute link '/assets/tg/63/1.jpg', it was left as is. Did you mean '../../assets/tg/63/1.jpg'?
INFO    -  Doc file 'notes/2025-05/tg-63.md' contains an absolute link '/assets/tg/63/2.jpg', it was left as is. Did you mean '../../assets/tg/63/2.jpg'?
INFO    -  Doc file 'notes/2025-05/tg-65.md' contains an absolute link '/assets/tg/65/1.jpg', it was left as is. Did you mean '../../assets/tg/65/1.jpg'?
INFO    -  Doc file 'notes/2025-05/tg-67.md' contains an absolute link '/assets/tg/67/1.jpg', it was left as is. Did you mean '../../assets/tg/67/1.jpg'?
INFO    -  Doc file 'notes/2025-05/tg-67.md' contains an absolute link '/assets/tg/67/2.jpg', it was left as is. Did you mean '../../assets/tg/67/2.jpg'?
INFO    -  Doc file 'notes/2025-05/tg-69.md' contains an absolute link '/assets/tg/69/1.jpg', it was left as is. Did you mean '../../assets/tg/69/1.jpg'?
INFO    -  Doc file 'notes/2025-05/tg-70.md' contains an absolute link '/assets/tg/70/1.jpg', it was left as is. Did you mean '../../assets/tg/70/1.jpg'?
INFO    -  Doc file 'notes/2025-05/tg-71.md' contains an absolute link '/assets/tg/71/1.jpg', it was left as is. Did you mean '../../assets/tg/71/1.jpg'?
INFO    -  Doc file 'notes/2025-05/tg-72.md' contains an absolute link '/assets/tg/72/1.jpg', it was left as is. Did you mean '../../assets/tg/72/1.jpg'?
INFO    -  Doc file 'notes/2025-05/tg-73.md' contains an absolute link '/assets/tg/73/1.jpg', it was left as is. Did you mean '../../assets/tg/73/1.jpg'?
INFO    -  Doc file 'notes/2025-05/tg-73.md' contains an absolute link '/assets/tg/73/2.jpg', it was left as is. Did you mean '../../assets/tg/73/2.jpg'?
INFO    -  Doc file 'notes/2025-05/tg-75.md' contains an absolute link '/assets/tg/75/1.jpg', it was left as is. Did you mean '../../assets/tg/75/1.jpg'?
INFO    -  Doc file 'notes/2025-05/tg-75.md' contains an absolute link '/assets/tg/75/2.jpg', it was left as is. Did you mean '../../assets/tg/75/2.jpg'?
INFO    -  Doc file 'notes/2025-05/tg-77.md' contains an absolute link '/assets/tg/77/1.jpg', it was left as is. Did you mean '../../assets/tg/77/1.jpg'?
INFO    -  Doc file 'notes/2025-05/tg-77.md' contains an absolute link '/assets/tg/77/2.jpg', it was left as is. Did you mean '../../assets/tg/77/2.jpg'?
INFO    -  Doc file 'notes/2025-05/tg-80.md' contains an absolute link '/assets/tg/80/1.jpg', it was left as is. Did you mean '../../assets/tg/80/1.jpg'?
INFO    -  Doc file 'notes/2025-05/tg-81.md' contains an absolute link '/assets/tg/81/1.jpg', it was left as is. Did you mean '../../assets/tg/81/1.jpg'?
INFO    -  Doc file 'notes/2025-05/tg-82.md' contains an absolute link '/assets/tg/82/1.jpg', it was left as is. Did you mean '../../assets/tg/82/1.jpg'?
INFO    -  Doc file 'notes/2025-05/tg-82.md' contains an absolute link '/assets/tg/82/2.jpg', it was left as is. Did you mean '../../assets/tg/82/2.jpg'?
INFO    -  Doc file 'notes/2025-06/tg-100.md' contains an absolute link '/assets/tg/100/1.jpg', it was left as is. Did you mean '../../assets/tg/100/1.jpg'?
INFO    -  Doc file 'notes/2025-06/tg-101.md' contains an absolute link '/assets/tg/101/1.jpg', it was left as is. Did you mean '../../assets/tg/101/1.jpg'?
INFO    -  Doc file 'notes/2025-06/tg-102.md' contains an absolute link '/assets/tg/102/1.jpg', it was left as is. Did you mean '../../assets/tg/102/1.jpg'?
INFO    -  Doc file 'notes/2025-06/tg-103.md' contains an absolute link '/assets/tg/103/1.jpg', it was left as is. Did you mean '../../assets/tg/103/1.jpg'?
INFO    -  Doc file 'notes/2025-06/tg-103.md' contains an absolute link '/assets/tg/103/2.jpg', it was left as is. Did you mean '../../assets/tg/103/2.jpg'?
INFO    -  Doc file 'notes/2025-06/tg-85.md' contains an absolute link '/assets/tg/85/1.jpg', it was left as is. Did you mean '../../assets/tg/85/1.jpg'?
INFO    -  Doc file 'notes/2025-06/tg-86.md' contains an absolute link '/assets/tg/86/1.jpg', it was left as is. Did you mean '../../assets/tg/86/1.jpg'?
INFO    -  Doc file 'notes/2025-06/tg-86.md' contains an absolute link '/assets/tg/86/2.jpg', it was left as is. Did you mean '../../assets/tg/86/2.jpg'?
INFO    -  Doc file 'notes/2025-06/tg-88.md' contains an absolute link '/assets/tg/88/1.jpg', it was left as is. Did you mean '../../assets/tg/88/1.jpg'?
INFO    -  Doc file 'notes/2025-06/tg-89.md' contains an absolute link '/assets/tg/89/1.jpg', it was left as is. Did you mean '../../assets/tg/89/1.jpg'?
INFO    -  Doc file 'notes/2025-06/tg-90.md' contains an absolute link '/assets/tg/90/1.jpg', it was left as is. Did you mean '../../assets/tg/90/1.jpg'?
INFO    -  Doc file 'notes/2025-06/tg-91.md' contains an absolute link '/assets/tg/91/1.jpg', it was left as is. Did you mean '../../assets/tg/91/1.jpg'?
INFO    -  Doc file 'notes/2025-06/tg-93.md' contains an absolute link '/assets/tg/93/1.jpg', it was left as is. Did you mean '../../assets/tg/93/1.jpg'?
INFO    -  Doc file 'notes/2025-06/tg-95.md' contains an absolute link '/assets/tg/95/1.jpg', it was left as is. Did you mean '../../assets/tg/95/1.jpg'?
INFO    -  Doc file 'notes/2025-06/tg-95.md' contains an absolute link '/assets/tg/95/2.jpg', it was left as is. Did you mean '../../assets/tg/95/2.jpg'?
INFO    -  Doc file 'notes/2025-06/tg-95.md' contains an absolute link '/assets/tg/95/3.jpg', it was left as is. Did you mean '../../assets/tg/95/3.jpg'?
INFO    -  Doc file 'notes/2025-06/tg-95.md' contains an absolute link '/assets/tg/95/4.jpg', it was left as is. Did you mean '../../assets/tg/95/4.jpg'?
INFO    -  Doc file 'notes/2025-07/tg-109.md' contains an absolute link '/assets/tg/109/1.jpg', it was left as is. Did you mean '../../assets/tg/109/1.jpg'?
INFO    -  Doc file 'notes/2025-07/tg-111.md' contains an absolute link '/assets/tg/111/1.jpg', it was left as is. Did you mean '../../assets/tg/111/1.jpg'?
INFO    -  Doc file 'notes/2025-07/tg-120.md' contains an absolute link '/assets/tg/120/1.jpg', it was left as is. Did you mean '../../assets/tg/120/1.jpg'?
INFO    -  Doc file 'notes/2025-07/tg-122.md' contains an absolute link '/assets/tg/122/1.jpg', it was left as is. Did you mean '../../assets/tg/122/1.jpg'?
INFO    -  Doc file 'notes/2025-07/tg-129.md' contains an absolute link '/assets/tg/129/1.jpg', it was left as is. Did you mean '../../assets/tg/129/1.jpg'?
INFO    -  Doc file 'notes/2025-07/tg-131.md' contains an absolute link '/assets/tg/131/1.jpg', it was left as is. Did you mean '../../assets/tg/131/1.jpg'?
INFO    -  Doc file 'notes/2025-07/tg-132.md' contains an absolute link '/assets/tg/132/1.jpg', it was left as is. Did you mean '../../assets/tg/132/1.jpg'?
INFO    -  Doc file 'notes/2025-07/tg-133.md' contains an absolute link '/assets/tg/133/1.jpg', it was left as is. Did you mean '../../assets/tg/133/1.jpg'?
INFO    -  Doc file 'notes/2025-07/tg-134.md' contains an absolute link '/assets/tg/134/1.jpg', it was left as is. Did you mean '../../assets/tg/134/1.jpg'?
INFO    -  Doc file 'notes/2025-08/tg-141.md' contains an absolute link '/assets/tg/141/1.jpg', it was left as is. Did you mean '../../assets/tg/141/1.jpg'?
INFO    -  Doc file 'notes/2025-08/tg-141.md' contains an absolute link '/assets/tg/141/2.jpg', it was left as is. Did you mean '../../assets/tg/141/2.jpg'?
INFO    -  Doc file 'notes/2025-08/tg-143.md' contains an absolute link '/assets/tg/143/1.jpg', it was left as is. Did you mean '../../assets/tg/143/1.jpg'?
INFO    -  Doc file 'notes/2025-08/tg-154.md' contains an absolute link '/assets/tg/154/1.jpg', it was left as is. Did you mean '../../assets/tg/154/1.jpg'?
INFO    -  Doc file 'notes/2025-08/tg-155.md' contains an absolute link '/assets/tg/155/1.jpg', it was left as is. Did you mean '../../assets/tg/155/1.jpg'?
INFO    -  Doc file 'notes/2025-08/tg-156.md' contains an absolute link '/assets/tg/156/1.jpg', it was left as is. Did you mean '../../assets/tg/156/1.jpg'?
INFO    -  Doc file 'notes/2025-08/tg-157.md' contains an absolute link '/assets/tg/157/1.jpg', it was left as is. Did you mean '../../assets/tg/157/1.jpg'?
INFO    -  Doc file 'notes/2025-08/tg-157.md' contains an absolute link '/assets/tg/157/2.jpg', it was left as is. Did you mean '../../assets/tg/157/2.jpg'?
INFO    -  Doc file 'notes/2025-08/tg-162.md' contains an absolute link '/assets/tg/162/1.jpg', it was left as is. Did you mean '../../assets/tg/162/1.jpg'?
INFO    -  Doc file 'notes/2025-08/tg-162.md' contains an absolute link '/assets/tg/162/2.jpg', it was left as is. Did you mean '../../assets/tg/162/2.jpg'?
INFO    -  Doc file 'notes/2025-08/tg-164.md' contains an absolute link '/assets/tg/164/1.jpg', it was left as is. Did you mean '../../assets/tg/164/1.jpg'?
INFO    -  Doc file 'notes/2025-08/tg-165.md' contains an absolute link '/assets/tg/165/1.jpg', it was left as is. Did you mean '../../assets/tg/165/1.jpg'?
INFO    -  Doc file 'notes/2025-08/tg-167.md' contains an absolute link '/assets/tg/167/1.jpg', it was left as is. Did you mean '../../assets/tg/167/1.jpg'?
INFO    -  Doc file 'notes/2025-08/tg-168.md' contains an absolute link '/assets/tg/168/1.jpg', it was left as is. Did you mean '../../assets/tg/168/1.jpg'?
INFO    -  Doc file 'notes/2025-08/tg-180.md' contains an absolute link '/assets/tg/180/1.jpg', it was left as is. Did you mean '../../assets/tg/180/1.jpg'?
INFO    -  Doc file 'notes/2025-08/tg-180.md' contains an absolute link '/assets/tg/180/2.jpg', it was left as is. Did you mean '../../assets/tg/180/2.jpg'?
INFO    -  Doc file 'notes/2025-08/tg-184.md' contains an absolute link '/assets/tg/184/1.jpg', it was left as is. Did you mean '../../assets/tg/184/1.jpg'?
INFO    -  Doc file 'notes/2025-09/tg-186.md' contains an absolute link '/assets/tg/186/1.jpg', it was left as is. Did you mean '../../assets/tg/186/1.jpg'?
INFO    -  Doc file 'notes/2025-09/tg-187.md' contains an absolute link '/assets/tg/187/1.jpg', it was left as is. Did you mean '../../assets/tg/187/1.jpg'?
INFO    -  Doc file 'notes/2025-09/tg-187.md' contains an absolute link '/assets/tg/187/2.jpg', it was left as is. Did you mean '../../assets/tg/187/2.jpg'?
INFO    -  Doc file 'notes/2025-09/tg-190.md' contains an absolute link '/assets/tg/190/1.jpg', it was left as is. Did you mean '../../assets/tg/190/1.jpg'?
INFO    -  Doc file 'notes/2025-10/tg-191.md' contains an absolute link '/assets/tg/191/1.jpg', it was left as is. Did you mean '../../assets/tg/191/1.jpg'?
INFO    -  Doc file 'notes/2025-10/tg-202.md' contains an absolute link '/assets/tg/202/1.jpg', it was left as is. Did you mean '../../assets/tg/202/1.jpg'?
INFO    -  Doc file 'notes/2025-10/tg-206.md' contains an absolute link '/assets/tg/206/1.jpg', it was left as is. Did you mean '../../assets/tg/206/1.jpg'?
INFO    -  Doc file 'notes/2025-10/tg-208.md' contains an absolute link '/assets/tg/208/1.jpg', it was left as is. Did you mean '../../assets/tg/208/1.jpg'?
INFO    -  Doc file 'notes/2025-11/tg-210.md' contains an absolute link '/assets/tg/210/1.jpg', it was left as is. Did you mean '../../assets/tg/210/1.jpg'?
INFO    -  Doc file 'notes/2025-11/tg-210.md' contains an absolute link '/assets/tg/210/2.jpg', it was left as is. Did you mean '../../assets/tg/210/2.jpg'?
INFO    -  Doc file 'notes/2025-11/tg-210.md' contains an absolute link '/assets/tg/210/3.jpg', it was left as is. Did you mean '../../assets/tg/210/3.jpg'?
INFO    -  Doc file 'notes/2025-11/tg-213.md' contains an absolute link '/assets/tg/213/1.jpg', it was left as is. Did you mean '../../assets/tg/213/1.jpg'?
INFO    -  Doc file 'notes/2025-11/tg-215.md' contains an absolute link '/assets/tg/215/1.jpg', it was left as is. Did you mean '../../assets/tg/215/1.jpg'?
INFO    -  Doc file 'notes/2025-11/tg-216.md' contains an absolute link '/assets/tg/216/1.jpg', it was left as is. Did you mean '../../assets/tg/216/1.jpg'?
INFO    -  Doc file 'notes/2025-11/tg-216.md' contains an absolute link '/assets/tg/216/2.jpg', it was left as is. Did you mean '../../assets/tg/216/2.jpg'?
INFO    -  Doc file 'notes/2025-11/tg-218.md' contains an absolute link '/assets/tg/218/1.jpg', it was left as is. Did you mean '../../assets/tg/218/1.jpg'?
INFO    -  Doc file 'notes/2025-11/tg-219.md' contains an absolute link '/assets/tg/219/1.jpg', it was left as is. Did you mean '../../assets/tg/219/1.jpg'?
INFO    -  Doc file 'notes/2025-11/tg-220.md' contains an absolute link '/assets/tg/220/1.jpg', it was left as is. Did you mean '../../assets/tg/220/1.jpg'?
INFO    -  Doc file 'notes/2025-11/tg-221.md' contains an absolute link '/assets/tg/221/1.jpg', it was left as is. Did you mean '../../assets/tg/221/1.jpg'?
INFO    -  Doc file 'notes/2025-11/tg-223.md' contains an absolute link '/assets/tg/223/1.jpg', it was left as is. Did you mean '../../assets/tg/223/1.jpg'?
INFO    -  Doc file 'notes/2025-11/tg-223.md' contains an absolute link '/assets/tg/223/2.jpg', it was left as is. Did you mean '../../assets/tg/223/2.jpg'?
INFO    -  Doc file 'notes/2025-11/tg-223.md' contains an absolute link '/assets/tg/223/3.jpg', it was left as is. Did you mean '../../assets/tg/223/3.jpg'?
INFO    -  Doc file 'notes/2025-11/tg-223.md' contains an absolute link '/assets/tg/223/4.jpg', it was left as is. Did you mean '../../assets/tg/223/4.jpg'?
INFO    -  Doc file 'notes/2025-11/tg-223.md' contains an absolute link '/assets/tg/223/5.jpg', it was left as is. Did you mean '../../assets/tg/223/5.jpg'?
INFO    -  Doc file 'notes/2025-11/tg-223.md' contains an absolute link '/assets/tg/223/6.jpg', it was left as is. Did you mean '../../assets/tg/223/6.jpg'?
INFO    -  Doc file 'notes/2025-11/tg-223.md' contains an absolute link '/assets/tg/223/7.jpg', it was left as is. Did you mean '../../assets/tg/223/7.jpg'?
INFO    -  Doc file 'notes/2025-11/tg-223.md' contains an absolute link '/assets/tg/223/8.jpg', it was left as is. Did you mean '../../assets/tg/223/8.jpg'?
INFO    -  Doc file 'notes/2025-11/tg-232.md' contains an absolute link '/assets/tg/232/1.jpg', it was left as is. Did you mean '../../assets/tg/232/1.jpg'?
INFO    -  Doc file 'notes/2025-12/tg-237.md' contains an absolute link '/assets/tg/237/1.jpg', it was left as is. Did you mean '../../assets/tg/237/1.jpg'?
INFO    -  Doc file 'notes/2025-12/tg-240.md' contains an absolute link '/assets/tg/240/1.jpg', it was left as is. Did you mean '../../assets/tg/240/1.jpg'?
INFO    -  Doc file 'notes/2025-12/tg-242.md' contains an absolute link '/assets/tg/242/1.jpg', it was left as is. Did you mean '../../assets/tg/242/1.jpg'?
INFO    -  Doc file 'notes/2025-12/tg-242.md' contains an absolute link '/assets/tg/242/2.jpg', it was left as is. Did you mean '../../assets/tg/242/2.jpg'?
INFO    -  Doc file 'notes/2025-12/tg-244.md' contains an absolute link '/assets/tg/244/1.jpg', it was left as is. Did you mean '../../assets/tg/244/1.jpg'?
INFO    -  Doc file 'notes/2025-12/tg-244.md' contains an absolute link '/assets/tg/244/2.jpg', it was left as is. Did you mean '../../assets/tg/244/2.jpg'?
INFO    -  Doc file 'notes/2025-12/tg-246.md' contains an absolute link '/assets/tg/246/1.jpg', it was left as is. Did you mean '../../assets/tg/246/1.jpg'?
INFO    -  Doc file 'notes/2025-12/tg-246.md' contains an absolute link '/assets/tg/246/2.jpg', it was left as is. Did you mean '../../assets/tg/246/2.jpg'?
INFO    -  Doc file 'notes/2026-01/tg-248.md' contains an absolute link '/assets/tg/248/1.jpg', it was left as is. Did you mean '../../assets/tg/248/1.jpg'?
INFO    -  Doc file 'notes/2026-01/tg-249.md' contains an absolute link '/assets/tg/249/1.jpg', it was left as is. Did you mean '../../assets/tg/249/1.jpg'?
INFO    -  Doc file 'notes/2026-01/tg-250.md' contains an absolute link '/assets/tg/250/1.jpg', it was left as is. Did you mean '../../assets/tg/250/1.jpg'?
INFO    -  Doc file 'notes/2026-01/tg-251.md' contains an absolute link '/assets/tg/251/1.jpg', it was left as is. Did you mean '../../assets/tg/251/1.jpg'?
INFO    -  Doc file 'notes/2026-01/tg-253.md' contains an absolute link '/assets/tg/253/1.jpg', it was left as is. Did you mean '../../assets/tg/253/1.jpg'?
INFO    -  Doc file 'notes/2026-02/tg-254.md' contains an absolute link '/assets/tg/254/1.jpg', it was left as is. Did you mean '../../assets/tg/254/1.jpg'?
INFO    -  Doc file 'notes/2026-02/tg-255.md' contains an absolute link '/assets/tg/255/1.jpg', it was left as is. Did you mean '../../assets/tg/255/1.jpg'?
INFO    -  Doc file 'notes/2026-02/tg-256.md' contains an absolute link '/assets/tg/256/1.jpg', it was left as is. Did you mean '../../assets/tg/256/1.jpg'?
INFO    -  Doc file 'notes/2026-02/tg-259.md' contains an absolute link '/assets/tg/259/1.jpg', it was left as is. Did you mean '../../assets/tg/259/1.jpg'?
INFO    -  Doc file 'notes/2026-02/tg-260.md' contains an absolute link '/assets/tg/260/1.jpg', it was left as is. Did you mean '../../assets/tg/260/1.jpg'?
INFO    -  Doc file 'notes/2026-03/tg-261.md' contains an absolute link '/assets/tg/261/1.jpg', it was left as is. Did you mean '../../assets/tg/261/1.jpg'?
INFO    -  Doc file 'notes/2026-03/tg-261.md' contains an absolute link '/assets/tg/261/2.jpg', it was left as is. Did you mean '../../assets/tg/261/2.jpg'?
INFO    -  Doc file 'notes/2026-03/tg-261.md' contains an absolute link '/assets/tg/261/3.jpg', it was left as is. Did you mean '../../assets/tg/261/3.jpg'?
INFO    -  Doc file 'notes/2026-03/tg-261.md' contains an absolute link '/assets/tg/261/4.jpg', it was left as is. Did you mean '../../assets/tg/261/4.jpg'?
INFO    -  Doc file 'notes/2026-03/tg-267.md' contains an absolute link '/assets/tg/267/1.jpg', it was left as is. Did you mean '../../assets/tg/267/1.jpg'?
INFO    -  Doc file 'notes/2026-04/tg-269.md' contains an absolute link '/assets/tg/269/1.jpg', it was left as is. Did you mean '../../assets/tg/269/1.jpg'?
INFO    -  Doc file 'notes/2026-04/tg-270.md' contains an absolute link '/assets/tg/270/1.jpg', it was left as is. Did you mean '../../assets/tg/270/1.jpg'?
INFO    -  Doc file 'notes/2026-04/tg-271.md' contains an absolute link '/assets/tg/271/1.jpg', it was left as is. Did you mean '../../assets/tg/271/1.jpg'?
INFO    -  Doc file 'notes/2026-04/tg-276.md' contains an absolute link '/assets/tg/276/1.jpg', it was left as is. Did you mean '../../assets/tg/276/1.jpg'?
INFO    -  Doc file 'notes/2026-05/tg-277.md' contains an absolute link '/assets/tg/277/1.jpg', it was left as is. Did you mean '../../assets/tg/277/1.jpg'?
INFO    -  Doc file 'notes/2026-05/tg-278.md' contains an absolute link '/assets/tg/278/1.jpg', it was left as is. Did you mean '../../assets/tg/278/1.jpg'?
INFO    -  Doc file 'notes/2026-05/tg-281.md' contains an absolute link '/assets/tg/281/1.jpg', it was left as is. Did you mean '../../assets/tg/281/1.jpg'?
INFO    -  Doc file 'notes/2026-05/tg-282.md' contains an absolute link '/assets/tg/282/1.jpg', it was left as is. Did you mean '../../assets/tg/282/1.jpg'?
INFO    -  Doc file 'notes/2026-05/tg-292.md' contains an absolute link '/assets/tg/292/1.jpg', it was left as is. Did you mean '../../assets/tg/292/1.jpg'?
INFO    -  Doc file 'notes/2026-06/tg-294.md' contains an absolute link '/assets/tg/294/1.jpg', it was left as is. Did you mean '../../assets/tg/294/1.jpg'?
INFO    -  Doc file 'notes/2026-06/tg-294.md' contains an absolute link '/assets/tg/294/2.jpg', it was left as is. Did you mean '../../assets/tg/294/2.jpg'?
INFO    -  Doc file 'notes/2026-06/tg-296.md' contains an absolute link '/assets/tg/296/1.jpg', it was left as is. Did you mean '../../assets/tg/296/1.jpg'?
INFO    -  Doc file 'notes/2026-06/tg-296.md' contains an absolute link '/assets/tg/296/2.jpg', it was left as is. Did you mean '../../assets/tg/296/2.jpg'?
INFO    -  Doc file 'notes/2026-06/tg-296.md' contains an absolute link '/assets/tg/296/3.jpg', it was left as is. Did you mean '../../assets/tg/296/3.jpg'?
INFO    -  Doc file 'notes/2026-06/tg-299.md' contains an absolute link '/assets/tg/299/1.jpg', it was left as is. Did you mean '../../assets/tg/299/1.jpg'?
INFO    -  Doc file 'notes/2026-06/tg-307.md' contains an absolute link '/assets/tg/307/1.jpg', it was left as is. Did you mean '../../assets/tg/307/1.jpg'?
INFO    -  Doc file 'notes/2026-06/tg-312.md' contains an absolute link '/assets/tg/312/1.jpg', it was left as is. Did you mean '../../assets/tg/312/1.jpg'?
INFO    -  Doc file 'notes/2026-06/tg-314.md' contains an absolute link '/assets/tg/314/1.jpg', it was left as is. Did you mean '../../assets/tg/314/1.jpg'?
INFO    -  Doc file 'notes/2026-06/tg-318.md' contains an absolute link '/assets/tg/318/1.jpg', it was left as is. Did you mean '../../assets/tg/318/1.jpg'?
INFO    -  Doc file 'notes/2026-06/tg-318.md' contains an absolute link '/assets/tg/318/2.jpg', it was left as is. Did you mean '../../assets/tg/318/2.jpg'?
INFO    -  Doc file 'notes/2026-06/tg-318.md' contains an absolute link '/assets/tg/318/3.jpg', it was left as is. Did you mean '../../assets/tg/318/3.jpg'?
INFO    -  Doc file 'notes/2026-06/tg-321.md' contains an absolute link '/assets/tg/321/1.jpg', it was left as is. Did you mean '../../assets/tg/321/1.jpg'?
INFO    -  Doc file 'notes/2026-08/tg-325.md' contains an absolute link '/assets/tg/325/1.jpg', it was left as is. Did you mean '../../assets/tg/325/1.jpg'?
INFO    -  Doc file 'notes/2026-08/tg-326.md' contains an absolute link '/assets/tg/326/1.jpg', it was left as is. Did you mean '../../assets/tg/326/1.jpg'?
INFO    -  Doc file 'notes/2026-08/tg-326.md' contains an absolute link '/assets/tg/326/2.jpg', it was left as is. Did you mean '../../assets/tg/326/2.jpg'?
INFO    -  Doc file 'notes/2026-08/tg-326.md' contains an absolute link '/assets/tg/326/3.jpg', it was left as is. Did you mean '../../assets/tg/326/3.jpg'?
INFO    -  Doc file 'notes/2026-08/tg-326.md' contains an absolute link '/assets/tg/326/4.jpg', it was left as is. Did you mean '../../assets/tg/326/4.jpg'?
INFO    -  Doc file 'notes/2026-08/tg-331.md' contains an absolute link '/assets/tg/331/1.jpg', it was left as is. Did you mean '../../assets/tg/331/1.jpg'?
INFO    -  Doc file 'notes/2026-08/tg-332.md' contains an absolute link '/assets/tg/332/1.jpg', it was left as is. Did you mean '../../assets/tg/332/1.jpg'?
INFO    -  Doc file 'notes/2026-09/tg-333.md' contains an absolute link '/assets/tg/333/1.jpg', it was left as is. Did you mean '../../assets/tg/333/1.jpg'?
Building prefix dict from the default dictionary ...
Loading model from cache C:\Users\ZL\AppData\Local\Temp\jieba.cache
Loading model cost 0.452 seconds.
Prefix dict has been built successfully.
INFO    -  Documentation built in 2.62 seconds
待部署文件：570
X99 镜像更新完成（570 个文件）
warning: in the working copy of 'scripts/.sync.log', CRLF will be replaced by LF the next time Git touches it
warning: in the working copy of 'scripts/.tg_state.json', CRLF will be replaced by LF the next time Git touches it
已推送到 GitHub
=== 2026-10-07 13:37:02 完成 ===
=== 2026-10-07 13:38:56 同步开始（轻量）===
拉取后台状态：
  ✓ /srv/zlblog/content.json
  ✓ /srv/zlblog/arc/records_post.json
  ✓ 曲绘 49 张
notes 总览 + 22 个月份时间线；碎碎念 202 / 已分享 0 / 音游成绩 13 / 隐藏 0
用缓存重排 215 条（不抓 TG）
Traceback (most recent call last):
  File "C:\Users\ZL\Documents\ZL114514.github.io\scripts\tg_sync.py", line 766, in <module>
    main()
  File "C:\Users\ZL\Documents\ZL114514.github.io\scripts\tg_sync.py", line 732, in main
    for k, v in (state.get("seen") or {}).items():
                 ^^^^^
UnboundLocalError: cannot access local variable 'state' where it is not associated with a value
!! 重排失败，中止
=== 2026-10-07 13:39:15 同步开始（轻量）===
拉取后台状态：
  ✓ /srv/zlblog/content.json
  ✓ /srv/zlblog/arc/records_post.json
  ✓ 曲绘 49 张
notes 总览 + 22 个月份时间线；碎碎念 202 / 已分享 0 / 音游成绩 13 / 隐藏 0
用缓存重排 215 条（不抓 TG）
索引 -> scripts/tg_posts.json（215 条：mutter 202 / score 13）
新增 0 / 更新 0 / 跳过 215 / 换位置 0 / 移除 0 | 媒体 0 张 0.0 MB | 视频 0.0 MB
reaction 播种 130 条帖子 -> scripts/tg-reactions-seed.json
待确认分类 188 条 -> scripts/tg-review.md
notes 总览 + 22 个月份时间线；碎碎念 202 / 已分享 0 / 音游成绩 13 / 隐藏 0

 │  ⚠  Warning from the Material for MkDocs team
 │
 │  MkDocs 2.0, the underlying framework of Material for MkDocs,
 │  will introduce backward-incompatible changes, including:
 │
 │  × All plugins will stop working – the plugin system has been removed
 │  × All theme overrides will break – the theming system has been rewritten
 │  × No migration path exists – existing projects cannot be upgraded
 │  × Closed contribution model – community members can't report bugs
 │  × Currently unlicensed – unsuitable for production use
 │
 │  Our full analysis:
 │
 │  https://squidfunk.github.io/mkdocs-material/blog/2026/02/18/mkdocs-2.0/

INFO    -  Cleaning site directory
INFO    -  Building documentation to directory: C:\Users\ZL\Documents\ZL114514.github.io\docs
INFO    -  The following pages exist in the docs directory, but are not included in the "nav" configuration:
  - notes\2025-01\index.md
  - notes\2025-01\tg-1.md
  - notes\2025-01\tg-10.md
  - notes\2025-01\tg-11.md
  - notes\2025-01\tg-12.md
  - notes\2025-01\tg-13.md
  - notes\2025-01\tg-16.md
  - notes\2025-01\tg-17.md
  - notes\2025-01\tg-18.md
  - notes\2025-01\tg-19.md
  - notes\2025-01\tg-3.md
  - notes\2025-01\tg-4.md
  - notes\2025-01\tg-5.md
  - notes\2025-01\tg-6.md
  - notes\2025-01\tg-7.md
  - notes\2025-01\tg-8.md
  - notes\2025-02\index.md
  - notes\2025-02\tg-21.md
  - notes\2025-02\tg-22.md
  - notes\2025-02\tg-23.md
  - notes\2025-02\tg-27.md
  - notes\2025-02\tg-28.md
  - notes\2025-02\tg-30.md
  - notes\2025-02\tg-32.md
  - notes\2025-02\tg-36.md
  - notes\2025-02\tg-40.md
  - notes\2025-02\tg-42.md
  - notes\2025-03\index.md
  - notes\2025-03\tg-43.md
  - notes\2025-03\tg-45.md
  - notes\2025-03\tg-46.md
  - notes\2025-03\tg-47.md
  - notes\2025-03\tg-48.md
  - notes\2025-03\tg-49.md
  - notes\2025-03\tg-50.md
  - notes\2025-03\tg-51.md
  - notes\2025-04\index.md
  - notes\2025-04\tg-52.md
  - notes\2025-04\tg-55.md
  - notes\2025-04\tg-56.md
  - notes\2025-04\tg-57.md
  - notes\2025-04\tg-58.md
  - notes\2025-05\index.md
  - notes\2025-05\tg-59.md
  - notes\2025-05\tg-60.md
  - notes\2025-05\tg-61.md
  - notes\2025-05\tg-62.md
  - notes\2025-05\tg-63.md
  - notes\2025-05\tg-65.md
  - notes\2025-05\tg-67.md
  - notes\2025-05\tg-69.md
  - notes\2025-05\tg-70.md
  - notes\2025-05\tg-71.md
  - notes\2025-05\tg-72.md
  - notes\2025-05\tg-73.md
  - notes\2025-05\tg-75.md
  - notes\2025-05\tg-77.md
  - notes\2025-05\tg-79.md
  - notes\2025-05\tg-80.md
  - notes\2025-05\tg-81.md
  - notes\2025-05\tg-82.md
  - notes\2025-06\index.md
  - notes\2025-06\tg-100.md
  - notes\2025-06\tg-101.md
  - notes\2025-06\tg-102.md
  - notes\2025-06\tg-103.md
  - notes\2025-06\tg-85.md
  - notes\2025-06\tg-86.md
  - notes\2025-06\tg-88.md
  - notes\2025-06\tg-89.md
  - notes\2025-06\tg-90.md
  - notes\2025-06\tg-91.md
  - notes\2025-06\tg-92.md
  - notes\2025-06\tg-93.md
  - notes\2025-06\tg-94.md
  - notes\2025-06\tg-95.md
  - notes\2025-06\tg-99.md
  - notes\2025-07\index.md
  - notes\2025-07\tg-106.md
  - notes\2025-07\tg-109.md
  - notes\2025-07\tg-110.md
  - notes\2025-07\tg-111.md
  - notes\2025-07\tg-112.md
  - notes\2025-07\tg-114.md
  - notes\2025-07\tg-115.md
  - notes\2025-07\tg-120.md
  - notes\2025-07\tg-121.md
  - notes\2025-07\tg-122.md
  - notes\2025-07\tg-123.md
  - notes\2025-07\tg-125.md
  - notes\2025-07\tg-127.md
  - notes\2025-07\tg-129.md
  - notes\2025-07\tg-131.md
  - notes\2025-07\tg-132.md
  - notes\2025-07\tg-133.md
  - notes\2025-07\tg-134.md
  - notes\2025-07\tg-135.md
  - notes\2025-07\tg-136.md
  - notes\2025-08\index.md
  - notes\2025-08\tg-139.md
  - notes\2025-08\tg-140.md
  - notes\2025-08\tg-141.md
  - notes\2025-08\tg-143.md
  - notes\2025-08\tg-144.md
  - notes\2025-08\tg-145.md
  - notes\2025-08\tg-149.md
  - notes\2025-08\tg-150.md
  - notes\2025-08\tg-151.md
  - notes\2025-08\tg-152.md
  - notes\2025-08\tg-154.md
  - notes\2025-08\tg-155.md
  - notes\2025-08\tg-156.md
  - notes\2025-08\tg-157.md
  - notes\2025-08\tg-159.md
  - notes\2025-08\tg-160.md
  - notes\2025-08\tg-162.md
  - notes\2025-08\tg-164.md
  - notes\2025-08\tg-165.md
  - notes\2025-08\tg-166.md
  - notes\2025-08\tg-167.md
  - notes\2025-08\tg-168.md
  - notes\2025-08\tg-171.md
  - notes\2025-08\tg-175.md
  - notes\2025-08\tg-176.md
  - notes\2025-08\tg-180.md
  - notes\2025-08\tg-184.md
  - notes\2025-08\tg-185.md
  - notes\2025-09\index.md
  - notes\2025-09\tg-186.md
  - notes\2025-09\tg-187.md
  - notes\2025-09\tg-189.md
  - notes\2025-09\tg-190.md
  - notes\2025-10\index.md
  - notes\2025-10\tg-191.md
  - notes\2025-10\tg-192.md
  - notes\2025-10\tg-196.md
  - notes\2025-10\tg-197.md
  - notes\2025-10\tg-198.md
  - notes\2025-10\tg-200.md
  - notes\2025-10\tg-202.md
  - notes\2025-10\tg-203.md
  - notes\2025-10\tg-204.md
  - notes\2025-10\tg-206.md
  - notes\2025-10\tg-207.md
  - notes\2025-10\tg-208.md
  - notes\2025-10\tg-209.md
  - notes\2025-11\index.md
  - notes\2025-11\tg-210.md
  - notes\2025-11\tg-213.md
  - notes\2025-11\tg-214.md
  - notes\2025-11\tg-215.md
  - notes\2025-11\tg-216.md
  - notes\2025-11\tg-218.md
  - notes\2025-11\tg-219.md
  - notes\2025-11\tg-220.md
  - notes\2025-11\tg-221.md
  - notes\2025-11\tg-223.md
  - notes\2025-11\tg-232.md
  - notes\2025-12\index.md
  - notes\2025-12\tg-233.md
  - notes\2025-12\tg-235.md
  - notes\2025-12\tg-237.md
  - notes\2025-12\tg-238.md
  - notes\2025-12\tg-240.md
  - notes\2025-12\tg-242.md
  - notes\2025-12\tg-244.md
  - notes\2025-12\tg-246.md
  - notes\2026-01\index.md
  - notes\2026-01\tg-248.md
  - notes\2026-01\tg-249.md
  - notes\2026-01\tg-250.md
  - notes\2026-01\tg-251.md
  - notes\2026-01\tg-253.md
  - notes\2026-02\index.md
  - notes\2026-02\tg-254.md
  - notes\2026-02\tg-255.md
  - notes\2026-02\tg-256.md
  - notes\2026-02\tg-257.md
  - notes\2026-02\tg-258.md
  - notes\2026-02\tg-259.md
  - notes\2026-02\tg-260.md
  - notes\2026-03\index.md
  - notes\2026-03\tg-261.md
  - notes\2026-03\tg-265.md
  - notes\2026-03\tg-267.md
  - notes\2026-04\index.md
  - notes\2026-04\tg-268.md
  - notes\2026-04\tg-269.md
  - notes\2026-04\tg-270.md
  - notes\2026-04\tg-271.md
  - notes\2026-04\tg-273.md
  - notes\2026-04\tg-276.md
  - notes\2026-05\index.md
  - notes\2026-05\tg-277.md
  - notes\2026-05\tg-278.md
  - notes\2026-05\tg-279.md
  - notes\2026-05\tg-280.md
  - notes\2026-05\tg-281.md
  - notes\2026-05\tg-282.md
  - notes\2026-05\tg-285.md
  - notes\2026-05\tg-288.md
  - notes\2026-05\tg-290.md
  - notes\2026-05\tg-291.md
  - notes\2026-05\tg-292.md
  - notes\2026-06\index.md
  - notes\2026-06\tg-293.md
  - notes\2026-06\tg-294.md
  - notes\2026-06\tg-296.md
  - notes\2026-06\tg-299.md
  - notes\2026-06\tg-301.md
  - notes\2026-06\tg-303.md
  - notes\2026-06\tg-304.md
  - notes\2026-06\tg-305.md
  - notes\2026-06\tg-306.md
  - notes\2026-06\tg-307.md
  - notes\2026-06\tg-309.md
  - notes\2026-06\tg-310.md
  - notes\2026-06\tg-312.md
  - notes\2026-06\tg-313.md
  - notes\2026-06\tg-314.md
  - notes\2026-06\tg-315.md
  - notes\2026-06\tg-316.md
  - notes\2026-06\tg-318.md
  - notes\2026-06\tg-321.md
  - notes\2026-06\tg-322.md
  - notes\2026-07\index.md
  - notes\2026-07\tg-323.md
  - notes\2026-08\index.md
  - notes\2026-08\tg-324.md
  - notes\2026-08\tg-325.md
  - notes\2026-08\tg-326.md
  - notes\2026-08\tg-331.md
  - notes\2026-08\tg-332.md
  - notes\2026-09\index.md
  - notes\2026-09\tg-333.md
  - notes\2026-10\index.md
  - notes\2026-10\tg-334.md
INFO    -  Doc file 'notes/index.md' contains an absolute link '/blog/', it was left as is. Did you mean '../blog/index.md'?
INFO    -  Doc file 'notes/index.md' contains an absolute link '/record/', it was left as is. Did you mean '../record/index.md'?
INFO    -  Doc file 'notes/2025-01/tg-13.md' contains an absolute link '/assets/tg/13/1.jpg', it was left as is. Did you mean '../../assets/tg/13/1.jpg'?
INFO    -  Doc file 'notes/2025-01/tg-13.md' contains an absolute link '/assets/tg/13/2.jpg', it was left as is. Did you mean '../../assets/tg/13/2.jpg'?
INFO    -  Doc file 'notes/2025-01/tg-17.md' contains an absolute link '/assets/tg/17/1.jpg', it was left as is. Did you mean '../../assets/tg/17/1.jpg'?
INFO    -  Doc file 'notes/2025-01/tg-18.md' contains an absolute link '/assets/tg/18/1.jpg', it was left as is. Did you mean '../../assets/tg/18/1.jpg'?
INFO    -  Doc file 'notes/2025-01/tg-19.md' contains an absolute link '/assets/tg/19/1.jpg', it was left as is. Did you mean '../../assets/tg/19/1.jpg'?
INFO    -  Doc file 'notes/2025-01/tg-3.md' contains an absolute link '/assets/tg/3/1.jpg', it was left as is. Did you mean '../../assets/tg/3/1.jpg'?
INFO    -  Doc file 'notes/2025-01/tg-4.md' contains an absolute link '/assets/tg/4/1.jpg', it was left as is. Did you mean '../../assets/tg/4/1.jpg'?
INFO    -  Doc file 'notes/2025-01/tg-5.md' contains an absolute link '/assets/tg/5/1.jpg', it was left as is. Did you mean '../../assets/tg/5/1.jpg'?
INFO    -  Doc file 'notes/2025-01/tg-7.md' contains an absolute link '/assets/tg/7/1.jpg', it was left as is. Did you mean '../../assets/tg/7/1.jpg'?
INFO    -  Doc file 'notes/2025-01/tg-8.md' contains an absolute link '/assets/tg/8/1.jpg', it was left as is. Did you mean '../../assets/tg/8/1.jpg'?
INFO    -  Doc file 'notes/2025-01/tg-8.md' contains an absolute link '/assets/tg/8/2.jpg', it was left as is. Did you mean '../../assets/tg/8/2.jpg'?
INFO    -  Doc file 'notes/2025-02/tg-21.md' contains an absolute link '/assets/tg/21/1.jpg', it was left as is. Did you mean '../../assets/tg/21/1.jpg'?
INFO    -  Doc file 'notes/2025-02/tg-32.md' contains an absolute link '/assets/tg/32/1.jpg', it was left as is. Did you mean '../../assets/tg/32/1.jpg'?
INFO    -  Doc file 'notes/2025-02/tg-32.md' contains an absolute link '/assets/tg/32/2.jpg', it was left as is. Did you mean '../../assets/tg/32/2.jpg'?
INFO    -  Doc file 'notes/2025-02/tg-32.md' contains an absolute link '/assets/tg/32/3.jpg', it was left as is. Did you mean '../../assets/tg/32/3.jpg'?
INFO    -  Doc file 'notes/2025-02/tg-32.md' contains an absolute link '/assets/tg/32/4.jpg', it was left as is. Did you mean '../../assets/tg/32/4.jpg'?
INFO    -  Doc file 'notes/2025-03/tg-45.md' contains an absolute link '/assets/tg/45/1.jpg', it was left as is. Did you mean '../../assets/tg/45/1.jpg'?
INFO    -  Doc file 'notes/2025-03/tg-46.md' contains an absolute link '/assets/tg/46/1.jpg', it was left as is. Did you mean '../../assets/tg/46/1.jpg'?
INFO    -  Doc file 'notes/2025-03/tg-47.md' contains an absolute link '/assets/tg/47/1.jpg', it was left as is. Did you mean '../../assets/tg/47/1.jpg'?
INFO    -  Doc file 'notes/2025-03/tg-48.md' contains an absolute link '/assets/tg/48/1.jpg', it was left as is. Did you mean '../../assets/tg/48/1.jpg'?
INFO    -  Doc file 'notes/2025-03/tg-49.md' contains an absolute link '/assets/tg/49/1.jpg', it was left as is. Did you mean '../../assets/tg/49/1.jpg'?
INFO    -  Doc file 'notes/2025-03/tg-51.md' contains an absolute link '/assets/tg/51/1.jpg', it was left as is. Did you mean '../../assets/tg/51/1.jpg'?
INFO    -  Doc file 'notes/2025-04/tg-52.md' contains an absolute link '/assets/tg/52/1.jpg', it was left as is. Did you mean '../../assets/tg/52/1.jpg'?
INFO    -  Doc file 'notes/2025-04/tg-55.md' contains an absolute link '/assets/tg/55/1.jpg', it was left as is. Did you mean '../../assets/tg/55/1.jpg'?
INFO    -  Doc file 'notes/2025-04/tg-56.md' contains an absolute link '/assets/tg/56/1.jpg', it was left as is. Did you mean '../../assets/tg/56/1.jpg'?
INFO    -  Doc file 'notes/2025-04/tg-58.md' contains an absolute link '/assets/tg/58/1.jpg', it was left as is. Did you mean '../../assets/tg/58/1.jpg'?
INFO    -  Doc file 'notes/2025-05/tg-59.md' contains an absolute link '/assets/tg/59/1.jpg', it was left as is. Did you mean '../../assets/tg/59/1.jpg'?
INFO    -  Doc file 'notes/2025-05/tg-60.md' contains an absolute link '/assets/tg/60/1.jpg', it was left as is. Did you mean '../../assets/tg/60/1.jpg'?
INFO    -  Doc file 'notes/2025-05/tg-62.md' contains an absolute link '/assets/tg/62/1.jpg', it was left as is. Did you mean '../../assets/tg/62/1.jpg'?
INFO    -  Doc file 'notes/2025-05/tg-63.md' contains an absolute link '/assets/tg/63/1.jpg', it was left as is. Did you mean '../../assets/tg/63/1.jpg'?
INFO    -  Doc file 'notes/2025-05/tg-63.md' contains an absolute link '/assets/tg/63/2.jpg', it was left as is. Did you mean '../../assets/tg/63/2.jpg'?
INFO    -  Doc file 'notes/2025-05/tg-65.md' contains an absolute link '/assets/tg/65/1.jpg', it was left as is. Did you mean '../../assets/tg/65/1.jpg'?
INFO    -  Doc file 'notes/2025-05/tg-67.md' contains an absolute link '/assets/tg/67/1.jpg', it was left as is. Did you mean '../../assets/tg/67/1.jpg'?
INFO    -  Doc file 'notes/2025-05/tg-67.md' contains an absolute link '/assets/tg/67/2.jpg', it was left as is. Did you mean '../../assets/tg/67/2.jpg'?
INFO    -  Doc file 'notes/2025-05/tg-69.md' contains an absolute link '/assets/tg/69/1.jpg', it was left as is. Did you mean '../../assets/tg/69/1.jpg'?
INFO    -  Doc file 'notes/2025-05/tg-70.md' contains an absolute link '/assets/tg/70/1.jpg', it was left as is. Did you mean '../../assets/tg/70/1.jpg'?
INFO    -  Doc file 'notes/2025-05/tg-71.md' contains an absolute link '/assets/tg/71/1.jpg', it was left as is. Did you mean '../../assets/tg/71/1.jpg'?
INFO    -  Doc file 'notes/2025-05/tg-72.md' contains an absolute link '/assets/tg/72/1.jpg', it was left as is. Did you mean '../../assets/tg/72/1.jpg'?
INFO    -  Doc file 'notes/2025-05/tg-73.md' contains an absolute link '/assets/tg/73/1.jpg', it was left as is. Did you mean '../../assets/tg/73/1.jpg'?
INFO    -  Doc file 'notes/2025-05/tg-73.md' contains an absolute link '/assets/tg/73/2.jpg', it was left as is. Did you mean '../../assets/tg/73/2.jpg'?
INFO    -  Doc file 'notes/2025-05/tg-75.md' contains an absolute link '/assets/tg/75/1.jpg', it was left as is. Did you mean '../../assets/tg/75/1.jpg'?
INFO    -  Doc file 'notes/2025-05/tg-75.md' contains an absolute link '/assets/tg/75/2.jpg', it was left as is. Did you mean '../../assets/tg/75/2.jpg'?
INFO    -  Doc file 'notes/2025-05/tg-77.md' contains an absolute link '/assets/tg/77/1.jpg', it was left as is. Did you mean '../../assets/tg/77/1.jpg'?
INFO    -  Doc file 'notes/2025-05/tg-77.md' contains an absolute link '/assets/tg/77/2.jpg', it was left as is. Did you mean '../../assets/tg/77/2.jpg'?
INFO    -  Doc file 'notes/2025-05/tg-80.md' contains an absolute link '/assets/tg/80/1.jpg', it was left as is. Did you mean '../../assets/tg/80/1.jpg'?
INFO    -  Doc file 'notes/2025-05/tg-81.md' contains an absolute link '/assets/tg/81/1.jpg', it was left as is. Did you mean '../../assets/tg/81/1.jpg'?
INFO    -  Doc file 'notes/2025-05/tg-82.md' contains an absolute link '/assets/tg/82/1.jpg', it was left as is. Did you mean '../../assets/tg/82/1.jpg'?
INFO    -  Doc file 'notes/2025-05/tg-82.md' contains an absolute link '/assets/tg/82/2.jpg', it was left as is. Did you mean '../../assets/tg/82/2.jpg'?
INFO    -  Doc file 'notes/2025-06/tg-100.md' contains an absolute link '/assets/tg/100/1.jpg', it was left as is. Did you mean '../../assets/tg/100/1.jpg'?
INFO    -  Doc file 'notes/2025-06/tg-101.md' contains an absolute link '/assets/tg/101/1.jpg', it was left as is. Did you mean '../../assets/tg/101/1.jpg'?
INFO    -  Doc file 'notes/2025-06/tg-102.md' contains an absolute link '/assets/tg/102/1.jpg', it was left as is. Did you mean '../../assets/tg/102/1.jpg'?
INFO    -  Doc file 'notes/2025-06/tg-103.md' contains an absolute link '/assets/tg/103/1.jpg', it was left as is. Did you mean '../../assets/tg/103/1.jpg'?
INFO    -  Doc file 'notes/2025-06/tg-103.md' contains an absolute link '/assets/tg/103/2.jpg', it was left as is. Did you mean '../../assets/tg/103/2.jpg'?
INFO    -  Doc file 'notes/2025-06/tg-85.md' contains an absolute link '/assets/tg/85/1.jpg', it was left as is. Did you mean '../../assets/tg/85/1.jpg'?
INFO    -  Doc file 'notes/2025-06/tg-86.md' contains an absolute link '/assets/tg/86/1.jpg', it was left as is. Did you mean '../../assets/tg/86/1.jpg'?
INFO    -  Doc file 'notes/2025-06/tg-86.md' contains an absolute link '/assets/tg/86/2.jpg', it was left as is. Did you mean '../../assets/tg/86/2.jpg'?
INFO    -  Doc file 'notes/2025-06/tg-88.md' contains an absolute link '/assets/tg/88/1.jpg', it was left as is. Did you mean '../../assets/tg/88/1.jpg'?
INFO    -  Doc file 'notes/2025-06/tg-89.md' contains an absolute link '/assets/tg/89/1.jpg', it was left as is. Did you mean '../../assets/tg/89/1.jpg'?
INFO    -  Doc file 'notes/2025-06/tg-90.md' contains an absolute link '/assets/tg/90/1.jpg', it was left as is. Did you mean '../../assets/tg/90/1.jpg'?
INFO    -  Doc file 'notes/2025-06/tg-91.md' contains an absolute link '/assets/tg/91/1.jpg', it was left as is. Did you mean '../../assets/tg/91/1.jpg'?
INFO    -  Doc file 'notes/2025-06/tg-93.md' contains an absolute link '/assets/tg/93/1.jpg', it was left as is. Did you mean '../../assets/tg/93/1.jpg'?
INFO    -  Doc file 'notes/2025-06/tg-95.md' contains an absolute link '/assets/tg/95/1.jpg', it was left as is. Did you mean '../../assets/tg/95/1.jpg'?
INFO    -  Doc file 'notes/2025-06/tg-95.md' contains an absolute link '/assets/tg/95/2.jpg', it was left as is. Did you mean '../../assets/tg/95/2.jpg'?
INFO    -  Doc file 'notes/2025-06/tg-95.md' contains an absolute link '/assets/tg/95/3.jpg', it was left as is. Did you mean '../../assets/tg/95/3.jpg'?
INFO    -  Doc file 'notes/2025-06/tg-95.md' contains an absolute link '/assets/tg/95/4.jpg', it was left as is. Did you mean '../../assets/tg/95/4.jpg'?
INFO    -  Doc file 'notes/2025-07/tg-109.md' contains an absolute link '/assets/tg/109/1.jpg', it was left as is. Did you mean '../../assets/tg/109/1.jpg'?
INFO    -  Doc file 'notes/2025-07/tg-111.md' contains an absolute link '/assets/tg/111/1.jpg', it was left as is. Did you mean '../../assets/tg/111/1.jpg'?
INFO    -  Doc file 'notes/2025-07/tg-120.md' contains an absolute link '/assets/tg/120/1.jpg', it was left as is. Did you mean '../../assets/tg/120/1.jpg'?
INFO    -  Doc file 'notes/2025-07/tg-122.md' contains an absolute link '/assets/tg/122/1.jpg', it was left as is. Did you mean '../../assets/tg/122/1.jpg'?
INFO    -  Doc file 'notes/2025-07/tg-129.md' contains an absolute link '/assets/tg/129/1.jpg', it was left as is. Did you mean '../../assets/tg/129/1.jpg'?
INFO    -  Doc file 'notes/2025-07/tg-131.md' contains an absolute link '/assets/tg/131/1.jpg', it was left as is. Did you mean '../../assets/tg/131/1.jpg'?
INFO    -  Doc file 'notes/2025-07/tg-132.md' contains an absolute link '/assets/tg/132/1.jpg', it was left as is. Did you mean '../../assets/tg/132/1.jpg'?
INFO    -  Doc file 'notes/2025-07/tg-133.md' contains an absolute link '/assets/tg/133/1.jpg', it was left as is. Did you mean '../../assets/tg/133/1.jpg'?
INFO    -  Doc file 'notes/2025-07/tg-134.md' contains an absolute link '/assets/tg/134/1.jpg', it was left as is. Did you mean '../../assets/tg/134/1.jpg'?
INFO    -  Doc file 'notes/2025-08/tg-141.md' contains an absolute link '/assets/tg/141/1.jpg', it was left as is. Did you mean '../../assets/tg/141/1.jpg'?
INFO    -  Doc file 'notes/2025-08/tg-141.md' contains an absolute link '/assets/tg/141/2.jpg', it was left as is. Did you mean '../../assets/tg/141/2.jpg'?
INFO    -  Doc file 'notes/2025-08/tg-143.md' contains an absolute link '/assets/tg/143/1.jpg', it was left as is. Did you mean '../../assets/tg/143/1.jpg'?
INFO    -  Doc file 'notes/2025-08/tg-154.md' contains an absolute link '/assets/tg/154/1.jpg', it was left as is. Did you mean '../../assets/tg/154/1.jpg'?
INFO    -  Doc file 'notes/2025-08/tg-155.md' contains an absolute link '/assets/tg/155/1.jpg', it was left as is. Did you mean '../../assets/tg/155/1.jpg'?
INFO    -  Doc file 'notes/2025-08/tg-156.md' contains an absolute link '/assets/tg/156/1.jpg', it was left as is. Did you mean '../../assets/tg/156/1.jpg'?
INFO    -  Doc file 'notes/2025-08/tg-157.md' contains an absolute link '/assets/tg/157/1.jpg', it was left as is. Did you mean '../../assets/tg/157/1.jpg'?
INFO    -  Doc file 'notes/2025-08/tg-157.md' contains an absolute link '/assets/tg/157/2.jpg', it was left as is. Did you mean '../../assets/tg/157/2.jpg'?
INFO    -  Doc file 'notes/2025-08/tg-162.md' contains an absolute link '/assets/tg/162/1.jpg', it was left as is. Did you mean '../../assets/tg/162/1.jpg'?
INFO    -  Doc file 'notes/2025-08/tg-162.md' contains an absolute link '/assets/tg/162/2.jpg', it was left as is. Did you mean '../../assets/tg/162/2.jpg'?
INFO    -  Doc file 'notes/2025-08/tg-164.md' contains an absolute link '/assets/tg/164/1.jpg', it was left as is. Did you mean '../../assets/tg/164/1.jpg'?
INFO    -  Doc file 'notes/2025-08/tg-165.md' contains an absolute link '/assets/tg/165/1.jpg', it was left as is. Did you mean '../../assets/tg/165/1.jpg'?
INFO    -  Doc file 'notes/2025-08/tg-167.md' contains an absolute link '/assets/tg/167/1.jpg', it was left as is. Did you mean '../../assets/tg/167/1.jpg'?
INFO    -  Doc file 'notes/2025-08/tg-168.md' contains an absolute link '/assets/tg/168/1.jpg', it was left as is. Did you mean '../../assets/tg/168/1.jpg'?
INFO    -  Doc file 'notes/2025-08/tg-180.md' contains an absolute link '/assets/tg/180/1.jpg', it was left as is. Did you mean '../../assets/tg/180/1.jpg'?
INFO    -  Doc file 'notes/2025-08/tg-180.md' contains an absolute link '/assets/tg/180/2.jpg', it was left as is. Did you mean '../../assets/tg/180/2.jpg'?
INFO    -  Doc file 'notes/2025-08/tg-184.md' contains an absolute link '/assets/tg/184/1.jpg', it was left as is. Did you mean '../../assets/tg/184/1.jpg'?
INFO    -  Doc file 'notes/2025-09/tg-186.md' contains an absolute link '/assets/tg/186/1.jpg', it was left as is. Did you mean '../../assets/tg/186/1.jpg'?
INFO    -  Doc file 'notes/2025-09/tg-187.md' contains an absolute link '/assets/tg/187/1.jpg', it was left as is. Did you mean '../../assets/tg/187/1.jpg'?
INFO    -  Doc file 'notes/2025-09/tg-187.md' contains an absolute link '/assets/tg/187/2.jpg', it was left as is. Did you mean '../../assets/tg/187/2.jpg'?
INFO    -  Doc file 'notes/2025-09/tg-190.md' contains an absolute link '/assets/tg/190/1.jpg', it was left as is. Did you mean '../../assets/tg/190/1.jpg'?
INFO    -  Doc file 'notes/2025-10/tg-191.md' contains an absolute link '/assets/tg/191/1.jpg', it was left as is. Did you mean '../../assets/tg/191/1.jpg'?
INFO    -  Doc file 'notes/2025-10/tg-202.md' contains an absolute link '/assets/tg/202/1.jpg', it was left as is. Did you mean '../../assets/tg/202/1.jpg'?
INFO    -  Doc file 'notes/2025-10/tg-206.md' contains an absolute link '/assets/tg/206/1.jpg', it was left as is. Did you mean '../../assets/tg/206/1.jpg'?
INFO    -  Doc file 'notes/2025-10/tg-208.md' contains an absolute link '/assets/tg/208/1.jpg', it was left as is. Did you mean '../../assets/tg/208/1.jpg'?
INFO    -  Doc file 'notes/2025-11/tg-210.md' contains an absolute link '/assets/tg/210/1.jpg', it was left as is. Did you mean '../../assets/tg/210/1.jpg'?
INFO    -  Doc file 'notes/2025-11/tg-210.md' contains an absolute link '/assets/tg/210/2.jpg', it was left as is. Did you mean '../../assets/tg/210/2.jpg'?
INFO    -  Doc file 'notes/2025-11/tg-210.md' contains an absolute link '/assets/tg/210/3.jpg', it was left as is. Did you mean '../../assets/tg/210/3.jpg'?
INFO    -  Doc file 'notes/2025-11/tg-213.md' contains an absolute link '/assets/tg/213/1.jpg', it was left as is. Did you mean '../../assets/tg/213/1.jpg'?
INFO    -  Doc file 'notes/2025-11/tg-215.md' contains an absolute link '/assets/tg/215/1.jpg', it was left as is. Did you mean '../../assets/tg/215/1.jpg'?
INFO    -  Doc file 'notes/2025-11/tg-216.md' contains an absolute link '/assets/tg/216/1.jpg', it was left as is. Did you mean '../../assets/tg/216/1.jpg'?
INFO    -  Doc file 'notes/2025-11/tg-216.md' contains an absolute link '/assets/tg/216/2.jpg', it was left as is. Did you mean '../../assets/tg/216/2.jpg'?
INFO    -  Doc file 'notes/2025-11/tg-218.md' contains an absolute link '/assets/tg/218/1.jpg', it was left as is. Did you mean '../../assets/tg/218/1.jpg'?
INFO    -  Doc file 'notes/2025-11/tg-219.md' contains an absolute link '/assets/tg/219/1.jpg', it was left as is. Did you mean '../../assets/tg/219/1.jpg'?
INFO    -  Doc file 'notes/2025-11/tg-220.md' contains an absolute link '/assets/tg/220/1.jpg', it was left as is. Did you mean '../../assets/tg/220/1.jpg'?
INFO    -  Doc file 'notes/2025-11/tg-221.md' contains an absolute link '/assets/tg/221/1.jpg', it was left as is. Did you mean '../../assets/tg/221/1.jpg'?
INFO    -  Doc file 'notes/2025-11/tg-223.md' contains an absolute link '/assets/tg/223/1.jpg', it was left as is. Did you mean '../../assets/tg/223/1.jpg'?
INFO    -  Doc file 'notes/2025-11/tg-223.md' contains an absolute link '/assets/tg/223/2.jpg', it was left as is. Did you mean '../../assets/tg/223/2.jpg'?
INFO    -  Doc file 'notes/2025-11/tg-223.md' contains an absolute link '/assets/tg/223/3.jpg', it was left as is. Did you mean '../../assets/tg/223/3.jpg'?
INFO    -  Doc file 'notes/2025-11/tg-223.md' contains an absolute link '/assets/tg/223/4.jpg', it was left as is. Did you mean '../../assets/tg/223/4.jpg'?
INFO    -  Doc file 'notes/2025-11/tg-223.md' contains an absolute link '/assets/tg/223/5.jpg', it was left as is. Did you mean '../../assets/tg/223/5.jpg'?
INFO    -  Doc file 'notes/2025-11/tg-223.md' contains an absolute link '/assets/tg/223/6.jpg', it was left as is. Did you mean '../../assets/tg/223/6.jpg'?
INFO    -  Doc file 'notes/2025-11/tg-223.md' contains an absolute link '/assets/tg/223/7.jpg', it was left as is. Did you mean '../../assets/tg/223/7.jpg'?
INFO    -  Doc file 'notes/2025-11/tg-223.md' contains an absolute link '/assets/tg/223/8.jpg', it was left as is. Did you mean '../../assets/tg/223/8.jpg'?
INFO    -  Doc file 'notes/2025-11/tg-232.md' contains an absolute link '/assets/tg/232/1.jpg', it was left as is. Did you mean '../../assets/tg/232/1.jpg'?
INFO    -  Doc file 'notes/2025-12/tg-237.md' contains an absolute link '/assets/tg/237/1.jpg', it was left as is. Did you mean '../../assets/tg/237/1.jpg'?
INFO    -  Doc file 'notes/2025-12/tg-240.md' contains an absolute link '/assets/tg/240/1.jpg', it was left as is. Did you mean '../../assets/tg/240/1.jpg'?
INFO    -  Doc file 'notes/2025-12/tg-242.md' contains an absolute link '/assets/tg/242/1.jpg', it was left as is. Did you mean '../../assets/tg/242/1.jpg'?
INFO    -  Doc file 'notes/2025-12/tg-242.md' contains an absolute link '/assets/tg/242/2.jpg', it was left as is. Did you mean '../../assets/tg/242/2.jpg'?
INFO    -  Doc file 'notes/2025-12/tg-244.md' contains an absolute link '/assets/tg/244/1.jpg', it was left as is. Did you mean '../../assets/tg/244/1.jpg'?
INFO    -  Doc file 'notes/2025-12/tg-244.md' contains an absolute link '/assets/tg/244/2.jpg', it was left as is. Did you mean '../../assets/tg/244/2.jpg'?
INFO    -  Doc file 'notes/2025-12/tg-246.md' contains an absolute link '/assets/tg/246/1.jpg', it was left as is. Did you mean '../../assets/tg/246/1.jpg'?
INFO    -  Doc file 'notes/2025-12/tg-246.md' contains an absolute link '/assets/tg/246/2.jpg', it was left as is. Did you mean '../../assets/tg/246/2.jpg'?
INFO    -  Doc file 'notes/2026-01/tg-248.md' contains an absolute link '/assets/tg/248/1.jpg', it was left as is. Did you mean '../../assets/tg/248/1.jpg'?
INFO    -  Doc file 'notes/2026-01/tg-249.md' contains an absolute link '/assets/tg/249/1.jpg', it was left as is. Did you mean '../../assets/tg/249/1.jpg'?
INFO    -  Doc file 'notes/2026-01/tg-250.md' contains an absolute link '/assets/tg/250/1.jpg', it was left as is. Did you mean '../../assets/tg/250/1.jpg'?
INFO    -  Doc file 'notes/2026-01/tg-251.md' contains an absolute link '/assets/tg/251/1.jpg', it was left as is. Did you mean '../../assets/tg/251/1.jpg'?
INFO    -  Doc file 'notes/2026-01/tg-253.md' contains an absolute link '/assets/tg/253/1.jpg', it was left as is. Did you mean '../../assets/tg/253/1.jpg'?
INFO    -  Doc file 'notes/2026-02/tg-254.md' contains an absolute link '/assets/tg/254/1.jpg', it was left as is. Did you mean '../../assets/tg/254/1.jpg'?
INFO    -  Doc file 'notes/2026-02/tg-255.md' contains an absolute link '/assets/tg/255/1.jpg', it was left as is. Did you mean '../../assets/tg/255/1.jpg'?
INFO    -  Doc file 'notes/2026-02/tg-256.md' contains an absolute link '/assets/tg/256/1.jpg', it was left as is. Did you mean '../../assets/tg/256/1.jpg'?
INFO    -  Doc file 'notes/2026-02/tg-259.md' contains an absolute link '/assets/tg/259/1.jpg', it was left as is. Did you mean '../../assets/tg/259/1.jpg'?
INFO    -  Doc file 'notes/2026-02/tg-260.md' contains an absolute link '/assets/tg/260/1.jpg', it was left as is. Did you mean '../../assets/tg/260/1.jpg'?
INFO    -  Doc file 'notes/2026-03/tg-261.md' contains an absolute link '/assets/tg/261/1.jpg', it was left as is. Did you mean '../../assets/tg/261/1.jpg'?
INFO    -  Doc file 'notes/2026-03/tg-261.md' contains an absolute link '/assets/tg/261/2.jpg', it was left as is. Did you mean '../../assets/tg/261/2.jpg'?
INFO    -  Doc file 'notes/2026-03/tg-261.md' contains an absolute link '/assets/tg/261/3.jpg', it was left as is. Did you mean '../../assets/tg/261/3.jpg'?
INFO    -  Doc file 'notes/2026-03/tg-261.md' contains an absolute link '/assets/tg/261/4.jpg', it was left as is. Did you mean '../../assets/tg/261/4.jpg'?
INFO    -  Doc file 'notes/2026-03/tg-267.md' contains an absolute link '/assets/tg/267/1.jpg', it was left as is. Did you mean '../../assets/tg/267/1.jpg'?
INFO    -  Doc file 'notes/2026-04/tg-269.md' contains an absolute link '/assets/tg/269/1.jpg', it was left as is. Did you mean '../../assets/tg/269/1.jpg'?
INFO    -  Doc file 'notes/2026-04/tg-270.md' contains an absolute link '/assets/tg/270/1.jpg', it was left as is. Did you mean '../../assets/tg/270/1.jpg'?
INFO    -  Doc file 'notes/2026-04/tg-271.md' contains an absolute link '/assets/tg/271/1.jpg', it was left as is. Did you mean '../../assets/tg/271/1.jpg'?
INFO    -  Doc file 'notes/2026-04/tg-276.md' contains an absolute link '/assets/tg/276/1.jpg', it was left as is. Did you mean '../../assets/tg/276/1.jpg'?
INFO    -  Doc file 'notes/2026-05/tg-277.md' contains an absolute link '/assets/tg/277/1.jpg', it was left as is. Did you mean '../../assets/tg/277/1.jpg'?
INFO    -  Doc file 'notes/2026-05/tg-278.md' contains an absolute link '/assets/tg/278/1.jpg', it was left as is. Did you mean '../../assets/tg/278/1.jpg'?
INFO    -  Doc file 'notes/2026-05/tg-281.md' contains an absolute link '/assets/tg/281/1.jpg', it was left as is. Did you mean '../../assets/tg/281/1.jpg'?
INFO    -  Doc file 'notes/2026-05/tg-282.md' contains an absolute link '/assets/tg/282/1.jpg', it was left as is. Did you mean '../../assets/tg/282/1.jpg'?
INFO    -  Doc file 'notes/2026-05/tg-292.md' contains an absolute link '/assets/tg/292/1.jpg', it was left as is. Did you mean '../../assets/tg/292/1.jpg'?
INFO    -  Doc file 'notes/2026-06/tg-294.md' contains an absolute link '/assets/tg/294/1.jpg', it was left as is. Did you mean '../../assets/tg/294/1.jpg'?
INFO    -  Doc file 'notes/2026-06/tg-294.md' contains an absolute link '/assets/tg/294/2.jpg', it was left as is. Did you mean '../../assets/tg/294/2.jpg'?
INFO    -  Doc file 'notes/2026-06/tg-296.md' contains an absolute link '/assets/tg/296/1.jpg', it was left as is. Did you mean '../../assets/tg/296/1.jpg'?
INFO    -  Doc file 'notes/2026-06/tg-296.md' contains an absolute link '/assets/tg/296/2.jpg', it was left as is. Did you mean '../../assets/tg/296/2.jpg'?
INFO    -  Doc file 'notes/2026-06/tg-296.md' contains an absolute link '/assets/tg/296/3.jpg', it was left as is. Did you mean '../../assets/tg/296/3.jpg'?
INFO    -  Doc file 'notes/2026-06/tg-299.md' contains an absolute link '/assets/tg/299/1.jpg', it was left as is. Did you mean '../../assets/tg/299/1.jpg'?
INFO    -  Doc file 'notes/2026-06/tg-307.md' contains an absolute link '/assets/tg/307/1.jpg', it was left as is. Did you mean '../../assets/tg/307/1.jpg'?
INFO    -  Doc file 'notes/2026-06/tg-312.md' contains an absolute link '/assets/tg/312/1.jpg', it was left as is. Did you mean '../../assets/tg/312/1.jpg'?
INFO    -  Doc file 'notes/2026-06/tg-314.md' contains an absolute link '/assets/tg/314/1.jpg', it was left as is. Did you mean '../../assets/tg/314/1.jpg'?
INFO    -  Doc file 'notes/2026-06/tg-318.md' contains an absolute link '/assets/tg/318/1.jpg', it was left as is. Did you mean '../../assets/tg/318/1.jpg'?
INFO    -  Doc file 'notes/2026-06/tg-318.md' contains an absolute link '/assets/tg/318/2.jpg', it was left as is. Did you mean '../../assets/tg/318/2.jpg'?
INFO    -  Doc file 'notes/2026-06/tg-318.md' contains an absolute link '/assets/tg/318/3.jpg', it was left as is. Did you mean '../../assets/tg/318/3.jpg'?
INFO    -  Doc file 'notes/2026-06/tg-321.md' contains an absolute link '/assets/tg/321/1.jpg', it was left as is. Did you mean '../../assets/tg/321/1.jpg'?
INFO    -  Doc file 'notes/2026-08/tg-325.md' contains an absolute link '/assets/tg/325/1.jpg', it was left as is. Did you mean '../../assets/tg/325/1.jpg'?
INFO    -  Doc file 'notes/2026-08/tg-326.md' contains an absolute link '/assets/tg/326/1.jpg', it was left as is. Did you mean '../../assets/tg/326/1.jpg'?
INFO    -  Doc file 'notes/2026-08/tg-326.md' contains an absolute link '/assets/tg/326/2.jpg', it was left as is. Did you mean '../../assets/tg/326/2.jpg'?
INFO    -  Doc file 'notes/2026-08/tg-326.md' contains an absolute link '/assets/tg/326/3.jpg', it was left as is. Did you mean '../../assets/tg/326/3.jpg'?
INFO    -  Doc file 'notes/2026-08/tg-326.md' contains an absolute link '/assets/tg/326/4.jpg', it was left as is. Did you mean '../../assets/tg/326/4.jpg'?
INFO    -  Doc file 'notes/2026-08/tg-331.md' contains an absolute link '/assets/tg/331/1.jpg', it was left as is. Did you mean '../../assets/tg/331/1.jpg'?
INFO    -  Doc file 'notes/2026-08/tg-332.md' contains an absolute link '/assets/tg/332/1.jpg', it was left as is. Did you mean '../../assets/tg/332/1.jpg'?
INFO    -  Doc file 'notes/2026-09/tg-333.md' contains an absolute link '/assets/tg/333/1.jpg', it was left as is. Did you mean '../../assets/tg/333/1.jpg'?
Building prefix dict from the default dictionary ...
Loading model from cache C:\Users\ZL\AppData\Local\Temp\jieba.cache
Loading model cost 0.384 seconds.
Prefix dict has been built successfully.
INFO    -  Documentation built in 2.06 seconds
待部署文件：571
X99 镜像更新完成（571 个文件）
warning: in the working copy of 'scripts/.sync.log', CRLF will be replaced by LF the next time Git touches it
已推送到 GitHub
=== 2026-10-07 13:42:01 完成 ===
=== 2026-10-07 13:43:24 同步开始（轻量）===
拉取后台状态：
  ✓ /srv/zlblog/content.json
  ✓ /srv/zlblog/arc/records_post.json
  ✓ 曲绘 49 张
notes 总览 + 22 个月份时间线；碎碎念 202 / 已分享 0 / 音游成绩 13 / 隐藏 0
用缓存重排 215 条（不抓 TG）
索引 -> scripts/tg_posts.json（215 条：mutter 202 / score 13）
新增 0 / 更新 0 / 跳过 215 / 换位置 0 / 移除 0 | 媒体 0 张 0.0 MB | 视频 0.0 MB
reaction 播种 130 条帖子 -> scripts/tg-reactions-seed.json
待确认分类 188 条 -> scripts/tg-review.md
notes 总览 + 22 个月份时间线；碎碎念 202 / 已分享 0 / 音游成绩 13 / 隐藏 0

 │  ⚠  Warning from the Material for MkDocs team
 │
 │  MkDocs 2.0, the underlying framework of Material for MkDocs,
 │  will introduce backward-incompatible changes, including:
 │
 │  × All plugins will stop working – the plugin system has been removed
 │  × All theme overrides will break – the theming system has been rewritten
 │  × No migration path exists – existing projects cannot be upgraded
 │  × Closed contribution model – community members can't report bugs
 │  × Currently unlicensed – unsuitable for production use
 │
 │  Our full analysis:
 │
 │  https://squidfunk.github.io/mkdocs-material/blog/2026/02/18/mkdocs-2.0/

INFO    -  Cleaning site directory
INFO    -  Building documentation to directory: C:\Users\ZL\Documents\ZL114514.github.io\docs
INFO    -  The following pages exist in the docs directory, but are not included in the "nav" configuration:
  - notes\2025-01\index.md
  - notes\2025-01\tg-1.md
  - notes\2025-01\tg-10.md
  - notes\2025-01\tg-11.md
  - notes\2025-01\tg-12.md
  - notes\2025-01\tg-13.md
  - notes\2025-01\tg-16.md
  - notes\2025-01\tg-17.md
  - notes\2025-01\tg-18.md
  - notes\2025-01\tg-19.md
  - notes\2025-01\tg-3.md
  - notes\2025-01\tg-4.md
  - notes\2025-01\tg-5.md
  - notes\2025-01\tg-6.md
  - notes\2025-01\tg-7.md
  - notes\2025-01\tg-8.md
  - notes\2025-02\index.md
  - notes\2025-02\tg-21.md
  - notes\2025-02\tg-22.md
  - notes\2025-02\tg-23.md
  - notes\2025-02\tg-27.md
  - notes\2025-02\tg-28.md
  - notes\2025-02\tg-30.md
  - notes\2025-02\tg-32.md
  - notes\2025-02\tg-36.md
  - notes\2025-02\tg-40.md
  - notes\2025-02\tg-42.md
  - notes\2025-03\index.md
  - notes\2025-03\tg-43.md
  - notes\2025-03\tg-45.md
  - notes\2025-03\tg-46.md
  - notes\2025-03\tg-47.md
  - notes\2025-03\tg-48.md
  - notes\2025-03\tg-49.md
  - notes\2025-03\tg-50.md
  - notes\2025-03\tg-51.md
  - notes\2025-04\index.md
  - notes\2025-04\tg-52.md
  - notes\2025-04\tg-55.md
  - notes\2025-04\tg-56.md
  - notes\2025-04\tg-57.md
  - notes\2025-04\tg-58.md
  - notes\2025-05\index.md
  - notes\2025-05\tg-59.md
  - notes\2025-05\tg-60.md
  - notes\2025-05\tg-61.md
  - notes\2025-05\tg-62.md
  - notes\2025-05\tg-63.md
  - notes\2025-05\tg-65.md
  - notes\2025-05\tg-67.md
  - notes\2025-05\tg-69.md
  - notes\2025-05\tg-70.md
  - notes\2025-05\tg-71.md
  - notes\2025-05\tg-72.md
  - notes\2025-05\tg-73.md
  - notes\2025-05\tg-75.md
  - notes\2025-05\tg-77.md
  - notes\2025-05\tg-79.md
  - notes\2025-05\tg-80.md
  - notes\2025-05\tg-81.md
  - notes\2025-05\tg-82.md
  - notes\2025-06\index.md
  - notes\2025-06\tg-100.md
  - notes\2025-06\tg-101.md
  - notes\2025-06\tg-102.md
  - notes\2025-06\tg-103.md
  - notes\2025-06\tg-85.md
  - notes\2025-06\tg-86.md
  - notes\2025-06\tg-88.md
  - notes\2025-06\tg-89.md
  - notes\2025-06\tg-90.md
  - notes\2025-06\tg-91.md
  - notes\2025-06\tg-92.md
  - notes\2025-06\tg-93.md
  - notes\2025-06\tg-94.md
  - notes\2025-06\tg-95.md
  - notes\2025-06\tg-99.md
  - notes\2025-07\index.md
  - notes\2025-07\tg-106.md
  - notes\2025-07\tg-109.md
  - notes\2025-07\tg-110.md
  - notes\2025-07\tg-111.md
  - notes\2025-07\tg-112.md
  - notes\2025-07\tg-114.md
  - notes\2025-07\tg-115.md
  - notes\2025-07\tg-120.md
  - notes\2025-07\tg-121.md
  - notes\2025-07\tg-122.md
  - notes\2025-07\tg-123.md
  - notes\2025-07\tg-125.md
  - notes\2025-07\tg-127.md
  - notes\2025-07\tg-129.md
  - notes\2025-07\tg-131.md
  - notes\2025-07\tg-132.md
  - notes\2025-07\tg-133.md
  - notes\2025-07\tg-134.md
  - notes\2025-07\tg-135.md
  - notes\2025-07\tg-136.md
  - notes\2025-08\index.md
  - notes\2025-08\tg-139.md
  - notes\2025-08\tg-140.md
  - notes\2025-08\tg-141.md
  - notes\2025-08\tg-143.md
  - notes\2025-08\tg-144.md
  - notes\2025-08\tg-145.md
  - notes\2025-08\tg-149.md
  - notes\2025-08\tg-150.md
  - notes\2025-08\tg-151.md
  - notes\2025-08\tg-152.md
  - notes\2025-08\tg-154.md
  - notes\2025-08\tg-155.md
  - notes\2025-08\tg-156.md
  - notes\2025-08\tg-157.md
  - notes\2025-08\tg-159.md
  - notes\2025-08\tg-160.md
  - notes\2025-08\tg-162.md
  - notes\2025-08\tg-164.md
  - notes\2025-08\tg-165.md
  - notes\2025-08\tg-166.md
  - notes\2025-08\tg-167.md
  - notes\2025-08\tg-168.md
  - notes\2025-08\tg-171.md
  - notes\2025-08\tg-175.md
  - notes\2025-08\tg-176.md
  - notes\2025-08\tg-180.md
  - notes\2025-08\tg-184.md
  - notes\2025-08\tg-185.md
  - notes\2025-09\index.md
  - notes\2025-09\tg-186.md
  - notes\2025-09\tg-187.md
  - notes\2025-09\tg-189.md
  - notes\2025-09\tg-190.md
  - notes\2025-10\index.md
  - notes\2025-10\tg-191.md
  - notes\2025-10\tg-192.md
  - notes\2025-10\tg-196.md
  - notes\2025-10\tg-197.md
  - notes\2025-10\tg-198.md
  - notes\2025-10\tg-200.md
  - notes\2025-10\tg-202.md
  - notes\2025-10\tg-203.md
  - notes\2025-10\tg-204.md
  - notes\2025-10\tg-206.md
  - notes\2025-10\tg-207.md
  - notes\2025-10\tg-208.md
  - notes\2025-10\tg-209.md
  - notes\2025-11\index.md
  - notes\2025-11\tg-210.md
  - notes\2025-11\tg-213.md
  - notes\2025-11\tg-214.md
  - notes\2025-11\tg-215.md
  - notes\2025-11\tg-216.md
  - notes\2025-11\tg-218.md
  - notes\2025-11\tg-219.md
  - notes\2025-11\tg-220.md
  - notes\2025-11\tg-221.md
  - notes\2025-11\tg-223.md
  - notes\2025-11\tg-232.md
  - notes\2025-12\index.md
  - notes\2025-12\tg-233.md
  - notes\2025-12\tg-235.md
  - notes\2025-12\tg-237.md
  - notes\2025-12\tg-238.md
  - notes\2025-12\tg-240.md
  - notes\2025-12\tg-242.md
  - notes\2025-12\tg-244.md
  - notes\2025-12\tg-246.md
  - notes\2026-01\index.md
  - notes\2026-01\tg-248.md
  - notes\2026-01\tg-249.md
  - notes\2026-01\tg-250.md
  - notes\2026-01\tg-251.md
  - notes\2026-01\tg-253.md
  - notes\2026-02\index.md
  - notes\2026-02\tg-254.md
  - notes\2026-02\tg-255.md
  - notes\2026-02\tg-256.md
  - notes\2026-02\tg-257.md
  - notes\2026-02\tg-258.md
  - notes\2026-02\tg-259.md
  - notes\2026-02\tg-260.md
  - notes\2026-03\index.md
  - notes\2026-03\tg-261.md
  - notes\2026-03\tg-265.md
  - notes\2026-03\tg-267.md
  - notes\2026-04\index.md
  - notes\2026-04\tg-268.md
  - notes\2026-04\tg-269.md
  - notes\2026-04\tg-270.md
  - notes\2026-04\tg-271.md
  - notes\2026-04\tg-273.md
  - notes\2026-04\tg-276.md
  - notes\2026-05\index.md
  - notes\2026-05\tg-277.md
  - notes\2026-05\tg-278.md
  - notes\2026-05\tg-279.md
  - notes\2026-05\tg-280.md
  - notes\2026-05\tg-281.md
  - notes\2026-05\tg-282.md
  - notes\2026-05\tg-285.md
  - notes\2026-05\tg-288.md
  - notes\2026-05\tg-290.md
  - notes\2026-05\tg-291.md
  - notes\2026-05\tg-292.md
  - notes\2026-06\index.md
  - notes\2026-06\tg-293.md
  - notes\2026-06\tg-294.md
  - notes\2026-06\tg-296.md
  - notes\2026-06\tg-299.md
  - notes\2026-06\tg-301.md
  - notes\2026-06\tg-303.md
  - notes\2026-06\tg-304.md
  - notes\2026-06\tg-305.md
  - notes\2026-06\tg-306.md
  - notes\2026-06\tg-307.md
  - notes\2026-06\tg-309.md
  - notes\2026-06\tg-310.md
  - notes\2026-06\tg-312.md
  - notes\2026-06\tg-313.md
  - notes\2026-06\tg-314.md
  - notes\2026-06\tg-315.md
  - notes\2026-06\tg-316.md
  - notes\2026-06\tg-318.md
  - notes\2026-06\tg-321.md
  - notes\2026-06\tg-322.md
  - notes\2026-07\index.md
  - notes\2026-07\tg-323.md
  - notes\2026-08\index.md
  - notes\2026-08\tg-324.md
  - notes\2026-08\tg-325.md
  - notes\2026-08\tg-326.md
  - notes\2026-08\tg-331.md
  - notes\2026-08\tg-332.md
  - notes\2026-09\index.md
  - notes\2026-09\tg-333.md
  - notes\2026-10\index.md
  - notes\2026-10\tg-334.md
INFO    -  Doc file 'notes/index.md' contains an absolute link '/blog/', it was left as is. Did you mean '../blog/index.md'?
INFO    -  Doc file 'notes/index.md' contains an absolute link '/record/', it was left as is. Did you mean '../record/index.md'?
INFO    -  Doc file 'notes/2025-01/tg-13.md' contains an absolute link '/assets/tg/13/1.jpg', it was left as is. Did you mean '../../assets/tg/13/1.jpg'?
INFO    -  Doc file 'notes/2025-01/tg-13.md' contains an absolute link '/assets/tg/13/2.jpg', it was left as is. Did you mean '../../assets/tg/13/2.jpg'?
INFO    -  Doc file 'notes/2025-01/tg-17.md' contains an absolute link '/assets/tg/17/1.jpg', it was left as is. Did you mean '../../assets/tg/17/1.jpg'?
INFO    -  Doc file 'notes/2025-01/tg-18.md' contains an absolute link '/assets/tg/18/1.jpg', it was left as is. Did you mean '../../assets/tg/18/1.jpg'?
INFO    -  Doc file 'notes/2025-01/tg-19.md' contains an absolute link '/assets/tg/19/1.jpg', it was left as is. Did you mean '../../assets/tg/19/1.jpg'?
INFO    -  Doc file 'notes/2025-01/tg-3.md' contains an absolute link '/assets/tg/3/1.jpg', it was left as is. Did you mean '../../assets/tg/3/1.jpg'?
INFO    -  Doc file 'notes/2025-01/tg-4.md' contains an absolute link '/assets/tg/4/1.jpg', it was left as is. Did you mean '../../assets/tg/4/1.jpg'?
INFO    -  Doc file 'notes/2025-01/tg-5.md' contains an absolute link '/assets/tg/5/1.jpg', it was left as is. Did you mean '../../assets/tg/5/1.jpg'?
INFO    -  Doc file 'notes/2025-01/tg-7.md' contains an absolute link '/assets/tg/7/1.jpg', it was left as is. Did you mean '../../assets/tg/7/1.jpg'?
INFO    -  Doc file 'notes/2025-01/tg-8.md' contains an absolute link '/assets/tg/8/1.jpg', it was left as is. Did you mean '../../assets/tg/8/1.jpg'?
INFO    -  Doc file 'notes/2025-01/tg-8.md' contains an absolute link '/assets/tg/8/2.jpg', it was left as is. Did you mean '../../assets/tg/8/2.jpg'?
INFO    -  Doc file 'notes/2025-02/tg-21.md' contains an absolute link '/assets/tg/21/1.jpg', it was left as is. Did you mean '../../assets/tg/21/1.jpg'?
INFO    -  Doc file 'notes/2025-02/tg-32.md' contains an absolute link '/assets/tg/32/1.jpg', it was left as is. Did you mean '../../assets/tg/32/1.jpg'?
INFO    -  Doc file 'notes/2025-02/tg-32.md' contains an absolute link '/assets/tg/32/2.jpg', it was left as is. Did you mean '../../assets/tg/32/2.jpg'?
INFO    -  Doc file 'notes/2025-02/tg-32.md' contains an absolute link '/assets/tg/32/3.jpg', it was left as is. Did you mean '../../assets/tg/32/3.jpg'?
INFO    -  Doc file 'notes/2025-02/tg-32.md' contains an absolute link '/assets/tg/32/4.jpg', it was left as is. Did you mean '../../assets/tg/32/4.jpg'?
INFO    -  Doc file 'notes/2025-03/tg-45.md' contains an absolute link '/assets/tg/45/1.jpg', it was left as is. Did you mean '../../assets/tg/45/1.jpg'?
INFO    -  Doc file 'notes/2025-03/tg-46.md' contains an absolute link '/assets/tg/46/1.jpg', it was left as is. Did you mean '../../assets/tg/46/1.jpg'?
INFO    -  Doc file 'notes/2025-03/tg-47.md' contains an absolute link '/assets/tg/47/1.jpg', it was left as is. Did you mean '../../assets/tg/47/1.jpg'?
INFO    -  Doc file 'notes/2025-03/tg-48.md' contains an absolute link '/assets/tg/48/1.jpg', it was left as is. Did you mean '../../assets/tg/48/1.jpg'?
INFO    -  Doc file 'notes/2025-03/tg-49.md' contains an absolute link '/assets/tg/49/1.jpg', it was left as is. Did you mean '../../assets/tg/49/1.jpg'?
INFO    -  Doc file 'notes/2025-03/tg-51.md' contains an absolute link '/assets/tg/51/1.jpg', it was left as is. Did you mean '../../assets/tg/51/1.jpg'?
INFO    -  Doc file 'notes/2025-04/tg-52.md' contains an absolute link '/assets/tg/52/1.jpg', it was left as is. Did you mean '../../assets/tg/52/1.jpg'?
INFO    -  Doc file 'notes/2025-04/tg-55.md' contains an absolute link '/assets/tg/55/1.jpg', it was left as is. Did you mean '../../assets/tg/55/1.jpg'?
INFO    -  Doc file 'notes/2025-04/tg-56.md' contains an absolute link '/assets/tg/56/1.jpg', it was left as is. Did you mean '../../assets/tg/56/1.jpg'?
INFO    -  Doc file 'notes/2025-04/tg-58.md' contains an absolute link '/assets/tg/58/1.jpg', it was left as is. Did you mean '../../assets/tg/58/1.jpg'?
INFO    -  Doc file 'notes/2025-05/tg-59.md' contains an absolute link '/assets/tg/59/1.jpg', it was left as is. Did you mean '../../assets/tg/59/1.jpg'?
INFO    -  Doc file 'notes/2025-05/tg-60.md' contains an absolute link '/assets/tg/60/1.jpg', it was left as is. Did you mean '../../assets/tg/60/1.jpg'?
INFO    -  Doc file 'notes/2025-05/tg-62.md' contains an absolute link '/assets/tg/62/1.jpg', it was left as is. Did you mean '../../assets/tg/62/1.jpg'?
INFO    -  Doc file 'notes/2025-05/tg-63.md' contains an absolute link '/assets/tg/63/1.jpg', it was left as is. Did you mean '../../assets/tg/63/1.jpg'?
INFO    -  Doc file 'notes/2025-05/tg-63.md' contains an absolute link '/assets/tg/63/2.jpg', it was left as is. Did you mean '../../assets/tg/63/2.jpg'?
INFO    -  Doc file 'notes/2025-05/tg-65.md' contains an absolute link '/assets/tg/65/1.jpg', it was left as is. Did you mean '../../assets/tg/65/1.jpg'?
INFO    -  Doc file 'notes/2025-05/tg-67.md' contains an absolute link '/assets/tg/67/1.jpg', it was left as is. Did you mean '../../assets/tg/67/1.jpg'?
INFO    -  Doc file 'notes/2025-05/tg-67.md' contains an absolute link '/assets/tg/67/2.jpg', it was left as is. Did you mean '../../assets/tg/67/2.jpg'?
INFO    -  Doc file 'notes/2025-05/tg-69.md' contains an absolute link '/assets/tg/69/1.jpg', it was left as is. Did you mean '../../assets/tg/69/1.jpg'?
INFO    -  Doc file 'notes/2025-05/tg-70.md' contains an absolute link '/assets/tg/70/1.jpg', it was left as is. Did you mean '../../assets/tg/70/1.jpg'?
INFO    -  Doc file 'notes/2025-05/tg-71.md' contains an absolute link '/assets/tg/71/1.jpg', it was left as is. Did you mean '../../assets/tg/71/1.jpg'?
INFO    -  Doc file 'notes/2025-05/tg-72.md' contains an absolute link '/assets/tg/72/1.jpg', it was left as is. Did you mean '../../assets/tg/72/1.jpg'?
INFO    -  Doc file 'notes/2025-05/tg-73.md' contains an absolute link '/assets/tg/73/1.jpg', it was left as is. Did you mean '../../assets/tg/73/1.jpg'?
INFO    -  Doc file 'notes/2025-05/tg-73.md' contains an absolute link '/assets/tg/73/2.jpg', it was left as is. Did you mean '../../assets/tg/73/2.jpg'?
INFO    -  Doc file 'notes/2025-05/tg-75.md' contains an absolute link '/assets/tg/75/1.jpg', it was left as is. Did you mean '../../assets/tg/75/1.jpg'?
INFO    -  Doc file 'notes/2025-05/tg-75.md' contains an absolute link '/assets/tg/75/2.jpg', it was left as is. Did you mean '../../assets/tg/75/2.jpg'?
INFO    -  Doc file 'notes/2025-05/tg-77.md' contains an absolute link '/assets/tg/77/1.jpg', it was left as is. Did you mean '../../assets/tg/77/1.jpg'?
INFO    -  Doc file 'notes/2025-05/tg-77.md' contains an absolute link '/assets/tg/77/2.jpg', it was left as is. Did you mean '../../assets/tg/77/2.jpg'?
INFO    -  Doc file 'notes/2025-05/tg-80.md' contains an absolute link '/assets/tg/80/1.jpg', it was left as is. Did you mean '../../assets/tg/80/1.jpg'?
INFO    -  Doc file 'notes/2025-05/tg-81.md' contains an absolute link '/assets/tg/81/1.jpg', it was left as is. Did you mean '../../assets/tg/81/1.jpg'?
INFO    -  Doc file 'notes/2025-05/tg-82.md' contains an absolute link '/assets/tg/82/1.jpg', it was left as is. Did you mean '../../assets/tg/82/1.jpg'?
INFO    -  Doc file 'notes/2025-05/tg-82.md' contains an absolute link '/assets/tg/82/2.jpg', it was left as is. Did you mean '../../assets/tg/82/2.jpg'?
INFO    -  Doc file 'notes/2025-06/tg-100.md' contains an absolute link '/assets/tg/100/1.jpg', it was left as is. Did you mean '../../assets/tg/100/1.jpg'?
INFO    -  Doc file 'notes/2025-06/tg-101.md' contains an absolute link '/assets/tg/101/1.jpg', it was left as is. Did you mean '../../assets/tg/101/1.jpg'?
INFO    -  Doc file 'notes/2025-06/tg-102.md' contains an absolute link '/assets/tg/102/1.jpg', it was left as is. Did you mean '../../assets/tg/102/1.jpg'?
INFO    -  Doc file 'notes/2025-06/tg-103.md' contains an absolute link '/assets/tg/103/1.jpg', it was left as is. Did you mean '../../assets/tg/103/1.jpg'?
INFO    -  Doc file 'notes/2025-06/tg-103.md' contains an absolute link '/assets/tg/103/2.jpg', it was left as is. Did you mean '../../assets/tg/103/2.jpg'?
INFO    -  Doc file 'notes/2025-06/tg-85.md' contains an absolute link '/assets/tg/85/1.jpg', it was left as is. Did you mean '../../assets/tg/85/1.jpg'?
INFO    -  Doc file 'notes/2025-06/tg-86.md' contains an absolute link '/assets/tg/86/1.jpg', it was left as is. Did you mean '../../assets/tg/86/1.jpg'?
INFO    -  Doc file 'notes/2025-06/tg-86.md' contains an absolute link '/assets/tg/86/2.jpg', it was left as is. Did you mean '../../assets/tg/86/2.jpg'?
INFO    -  Doc file 'notes/2025-06/tg-88.md' contains an absolute link '/assets/tg/88/1.jpg', it was left as is. Did you mean '../../assets/tg/88/1.jpg'?
INFO    -  Doc file 'notes/2025-06/tg-89.md' contains an absolute link '/assets/tg/89/1.jpg', it was left as is. Did you mean '../../assets/tg/89/1.jpg'?
INFO    -  Doc file 'notes/2025-06/tg-90.md' contains an absolute link '/assets/tg/90/1.jpg', it was left as is. Did you mean '../../assets/tg/90/1.jpg'?
INFO    -  Doc file 'notes/2025-06/tg-91.md' contains an absolute link '/assets/tg/91/1.jpg', it was left as is. Did you mean '../../assets/tg/91/1.jpg'?
INFO    -  Doc file 'notes/2025-06/tg-93.md' contains an absolute link '/assets/tg/93/1.jpg', it was left as is. Did you mean '../../assets/tg/93/1.jpg'?
INFO    -  Doc file 'notes/2025-06/tg-95.md' contains an absolute link '/assets/tg/95/1.jpg', it was left as is. Did you mean '../../assets/tg/95/1.jpg'?
INFO    -  Doc file 'notes/2025-06/tg-95.md' contains an absolute link '/assets/tg/95/2.jpg', it was left as is. Did you mean '../../assets/tg/95/2.jpg'?
INFO    -  Doc file 'notes/2025-06/tg-95.md' contains an absolute link '/assets/tg/95/3.jpg', it was left as is. Did you mean '../../assets/tg/95/3.jpg'?
INFO    -  Doc file 'notes/2025-06/tg-95.md' contains an absolute link '/assets/tg/95/4.jpg', it was left as is. Did you mean '../../assets/tg/95/4.jpg'?
INFO    -  Doc file 'notes/2025-07/tg-109.md' contains an absolute link '/assets/tg/109/1.jpg', it was left as is. Did you mean '../../assets/tg/109/1.jpg'?
INFO    -  Doc file 'notes/2025-07/tg-111.md' contains an absolute link '/assets/tg/111/1.jpg', it was left as is. Did you mean '../../assets/tg/111/1.jpg'?
INFO    -  Doc file 'notes/2025-07/tg-120.md' contains an absolute link '/assets/tg/120/1.jpg', it was left as is. Did you mean '../../assets/tg/120/1.jpg'?
INFO    -  Doc file 'notes/2025-07/tg-122.md' contains an absolute link '/assets/tg/122/1.jpg', it was left as is. Did you mean '../../assets/tg/122/1.jpg'?
INFO    -  Doc file 'notes/2025-07/tg-129.md' contains an absolute link '/assets/tg/129/1.jpg', it was left as is. Did you mean '../../assets/tg/129/1.jpg'?
INFO    -  Doc file 'notes/2025-07/tg-131.md' contains an absolute link '/assets/tg/131/1.jpg', it was left as is. Did you mean '../../assets/tg/131/1.jpg'?
INFO    -  Doc file 'notes/2025-07/tg-132.md' contains an absolute link '/assets/tg/132/1.jpg', it was left as is. Did you mean '../../assets/tg/132/1.jpg'?
INFO    -  Doc file 'notes/2025-07/tg-133.md' contains an absolute link '/assets/tg/133/1.jpg', it was left as is. Did you mean '../../assets/tg/133/1.jpg'?
INFO    -  Doc file 'notes/2025-07/tg-134.md' contains an absolute link '/assets/tg/134/1.jpg', it was left as is. Did you mean '../../assets/tg/134/1.jpg'?
INFO    -  Doc file 'notes/2025-08/tg-141.md' contains an absolute link '/assets/tg/141/1.jpg', it was left as is. Did you mean '../../assets/tg/141/1.jpg'?
INFO    -  Doc file 'notes/2025-08/tg-141.md' contains an absolute link '/assets/tg/141/2.jpg', it was left as is. Did you mean '../../assets/tg/141/2.jpg'?
INFO    -  Doc file 'notes/2025-08/tg-143.md' contains an absolute link '/assets/tg/143/1.jpg', it was left as is. Did you mean '../../assets/tg/143/1.jpg'?
INFO    -  Doc file 'notes/2025-08/tg-154.md' contains an absolute link '/assets/tg/154/1.jpg', it was left as is. Did you mean '../../assets/tg/154/1.jpg'?
INFO    -  Doc file 'notes/2025-08/tg-155.md' contains an absolute link '/assets/tg/155/1.jpg', it was left as is. Did you mean '../../assets/tg/155/1.jpg'?
INFO    -  Doc file 'notes/2025-08/tg-156.md' contains an absolute link '/assets/tg/156/1.jpg', it was left as is. Did you mean '../../assets/tg/156/1.jpg'?
INFO    -  Doc file 'notes/2025-08/tg-157.md' contains an absolute link '/assets/tg/157/1.jpg', it was left as is. Did you mean '../../assets/tg/157/1.jpg'?
INFO    -  Doc file 'notes/2025-08/tg-157.md' contains an absolute link '/assets/tg/157/2.jpg', it was left as is. Did you mean '../../assets/tg/157/2.jpg'?
INFO    -  Doc file 'notes/2025-08/tg-162.md' contains an absolute link '/assets/tg/162/1.jpg', it was left as is. Did you mean '../../assets/tg/162/1.jpg'?
INFO    -  Doc file 'notes/2025-08/tg-162.md' contains an absolute link '/assets/tg/162/2.jpg', it was left as is. Did you mean '../../assets/tg/162/2.jpg'?
INFO    -  Doc file 'notes/2025-08/tg-164.md' contains an absolute link '/assets/tg/164/1.jpg', it was left as is. Did you mean '../../assets/tg/164/1.jpg'?
INFO    -  Doc file 'notes/2025-08/tg-165.md' contains an absolute link '/assets/tg/165/1.jpg', it was left as is. Did you mean '../../assets/tg/165/1.jpg'?
INFO    -  Doc file 'notes/2025-08/tg-167.md' contains an absolute link '/assets/tg/167/1.jpg', it was left as is. Did you mean '../../assets/tg/167/1.jpg'?
INFO    -  Doc file 'notes/2025-08/tg-168.md' contains an absolute link '/assets/tg/168/1.jpg', it was left as is. Did you mean '../../assets/tg/168/1.jpg'?
INFO    -  Doc file 'notes/2025-08/tg-180.md' contains an absolute link '/assets/tg/180/1.jpg', it was left as is. Did you mean '../../assets/tg/180/1.jpg'?
INFO    -  Doc file 'notes/2025-08/tg-180.md' contains an absolute link '/assets/tg/180/2.jpg', it was left as is. Did you mean '../../assets/tg/180/2.jpg'?
INFO    -  Doc file 'notes/2025-08/tg-184.md' contains an absolute link '/assets/tg/184/1.jpg', it was left as is. Did you mean '../../assets/tg/184/1.jpg'?
INFO    -  Doc file 'notes/2025-09/tg-186.md' contains an absolute link '/assets/tg/186/1.jpg', it was left as is. Did you mean '../../assets/tg/186/1.jpg'?
INFO    -  Doc file 'notes/2025-09/tg-187.md' contains an absolute link '/assets/tg/187/1.jpg', it was left as is. Did you mean '../../assets/tg/187/1.jpg'?
INFO    -  Doc file 'notes/2025-09/tg-187.md' contains an absolute link '/assets/tg/187/2.jpg', it was left as is. Did you mean '../../assets/tg/187/2.jpg'?
INFO    -  Doc file 'notes/2025-09/tg-190.md' contains an absolute link '/assets/tg/190/1.jpg', it was left as is. Did you mean '../../assets/tg/190/1.jpg'?
INFO    -  Doc file 'notes/2025-10/tg-191.md' contains an absolute link '/assets/tg/191/1.jpg', it was left as is. Did you mean '../../assets/tg/191/1.jpg'?
INFO    -  Doc file 'notes/2025-10/tg-202.md' contains an absolute link '/assets/tg/202/1.jpg', it was left as is. Did you mean '../../assets/tg/202/1.jpg'?
INFO    -  Doc file 'notes/2025-10/tg-206.md' contains an absolute link '/assets/tg/206/1.jpg', it was left as is. Did you mean '../../assets/tg/206/1.jpg'?
INFO    -  Doc file 'notes/2025-10/tg-208.md' contains an absolute link '/assets/tg/208/1.jpg', it was left as is. Did you mean '../../assets/tg/208/1.jpg'?
INFO    -  Doc file 'notes/2025-11/tg-210.md' contains an absolute link '/assets/tg/210/1.jpg', it was left as is. Did you mean '../../assets/tg/210/1.jpg'?
INFO    -  Doc file 'notes/2025-11/tg-210.md' contains an absolute link '/assets/tg/210/2.jpg', it was left as is. Did you mean '../../assets/tg/210/2.jpg'?
INFO    -  Doc file 'notes/2025-11/tg-210.md' contains an absolute link '/assets/tg/210/3.jpg', it was left as is. Did you mean '../../assets/tg/210/3.jpg'?
INFO    -  Doc file 'notes/2025-11/tg-213.md' contains an absolute link '/assets/tg/213/1.jpg', it was left as is. Did you mean '../../assets/tg/213/1.jpg'?
INFO    -  Doc file 'notes/2025-11/tg-215.md' contains an absolute link '/assets/tg/215/1.jpg', it was left as is. Did you mean '../../assets/tg/215/1.jpg'?
INFO    -  Doc file 'notes/2025-11/tg-216.md' contains an absolute link '/assets/tg/216/1.jpg', it was left as is. Did you mean '../../assets/tg/216/1.jpg'?
INFO    -  Doc file 'notes/2025-11/tg-216.md' contains an absolute link '/assets/tg/216/2.jpg', it was left as is. Did you mean '../../assets/tg/216/2.jpg'?
INFO    -  Doc file 'notes/2025-11/tg-218.md' contains an absolute link '/assets/tg/218/1.jpg', it was left as is. Did you mean '../../assets/tg/218/1.jpg'?
INFO    -  Doc file 'notes/2025-11/tg-219.md' contains an absolute link '/assets/tg/219/1.jpg', it was left as is. Did you mean '../../assets/tg/219/1.jpg'?
INFO    -  Doc file 'notes/2025-11/tg-220.md' contains an absolute link '/assets/tg/220/1.jpg', it was left as is. Did you mean '../../assets/tg/220/1.jpg'?
INFO    -  Doc file 'notes/2025-11/tg-221.md' contains an absolute link '/assets/tg/221/1.jpg', it was left as is. Did you mean '../../assets/tg/221/1.jpg'?
INFO    -  Doc file 'notes/2025-11/tg-223.md' contains an absolute link '/assets/tg/223/1.jpg', it was left as is. Did you mean '../../assets/tg/223/1.jpg'?
INFO    -  Doc file 'notes/2025-11/tg-223.md' contains an absolute link '/assets/tg/223/2.jpg', it was left as is. Did you mean '../../assets/tg/223/2.jpg'?
INFO    -  Doc file 'notes/2025-11/tg-223.md' contains an absolute link '/assets/tg/223/3.jpg', it was left as is. Did you mean '../../assets/tg/223/3.jpg'?
INFO    -  Doc file 'notes/2025-11/tg-223.md' contains an absolute link '/assets/tg/223/4.jpg', it was left as is. Did you mean '../../assets/tg/223/4.jpg'?
INFO    -  Doc file 'notes/2025-11/tg-223.md' contains an absolute link '/assets/tg/223/5.jpg', it was left as is. Did you mean '../../assets/tg/223/5.jpg'?
INFO    -  Doc file 'notes/2025-11/tg-223.md' contains an absolute link '/assets/tg/223/6.jpg', it was left as is. Did you mean '../../assets/tg/223/6.jpg'?
INFO    -  Doc file 'notes/2025-11/tg-223.md' contains an absolute link '/assets/tg/223/7.jpg', it was left as is. Did you mean '../../assets/tg/223/7.jpg'?
INFO    -  Doc file 'notes/2025-11/tg-223.md' contains an absolute link '/assets/tg/223/8.jpg', it was left as is. Did you mean '../../assets/tg/223/8.jpg'?
INFO    -  Doc file 'notes/2025-11/tg-232.md' contains an absolute link '/assets/tg/232/1.jpg', it was left as is. Did you mean '../../assets/tg/232/1.jpg'?
INFO    -  Doc file 'notes/2025-12/tg-237.md' contains an absolute link '/assets/tg/237/1.jpg', it was left as is. Did you mean '../../assets/tg/237/1.jpg'?
INFO    -  Doc file 'notes/2025-12/tg-240.md' contains an absolute link '/assets/tg/240/1.jpg', it was left as is. Did you mean '../../assets/tg/240/1.jpg'?
INFO    -  Doc file 'notes/2025-12/tg-242.md' contains an absolute link '/assets/tg/242/1.jpg', it was left as is. Did you mean '../../assets/tg/242/1.jpg'?
INFO    -  Doc file 'notes/2025-12/tg-242.md' contains an absolute link '/assets/tg/242/2.jpg', it was left as is. Did you mean '../../assets/tg/242/2.jpg'?
INFO    -  Doc file 'notes/2025-12/tg-244.md' contains an absolute link '/assets/tg/244/1.jpg', it was left as is. Did you mean '../../assets/tg/244/1.jpg'?
INFO    -  Doc file 'notes/2025-12/tg-244.md' contains an absolute link '/assets/tg/244/2.jpg', it was left as is. Did you mean '../../assets/tg/244/2.jpg'?
INFO    -  Doc file 'notes/2025-12/tg-246.md' contains an absolute link '/assets/tg/246/1.jpg', it was left as is. Did you mean '../../assets/tg/246/1.jpg'?
INFO    -  Doc file 'notes/2025-12/tg-246.md' contains an absolute link '/assets/tg/246/2.jpg', it was left as is. Did you mean '../../assets/tg/246/2.jpg'?
INFO    -  Doc file 'notes/2026-01/tg-248.md' contains an absolute link '/assets/tg/248/1.jpg', it was left as is. Did you mean '../../assets/tg/248/1.jpg'?
INFO    -  Doc file 'notes/2026-01/tg-249.md' contains an absolute link '/assets/tg/249/1.jpg', it was left as is. Did you mean '../../assets/tg/249/1.jpg'?
INFO    -  Doc file 'notes/2026-01/tg-250.md' contains an absolute link '/assets/tg/250/1.jpg', it was left as is. Did you mean '../../assets/tg/250/1.jpg'?
INFO    -  Doc file 'notes/2026-01/tg-251.md' contains an absolute link '/assets/tg/251/1.jpg', it was left as is. Did you mean '../../assets/tg/251/1.jpg'?
INFO    -  Doc file 'notes/2026-01/tg-253.md' contains an absolute link '/assets/tg/253/1.jpg', it was left as is. Did you mean '../../assets/tg/253/1.jpg'?
INFO    -  Doc file 'notes/2026-02/tg-254.md' contains an absolute link '/assets/tg/254/1.jpg', it was left as is. Did you mean '../../assets/tg/254/1.jpg'?
INFO    -  Doc file 'notes/2026-02/tg-255.md' contains an absolute link '/assets/tg/255/1.jpg', it was left as is. Did you mean '../../assets/tg/255/1.jpg'?
INFO    -  Doc file 'notes/2026-02/tg-256.md' contains an absolute link '/assets/tg/256/1.jpg', it was left as is. Did you mean '../../assets/tg/256/1.jpg'?
INFO    -  Doc file 'notes/2026-02/tg-259.md' contains an absolute link '/assets/tg/259/1.jpg', it was left as is. Did you mean '../../assets/tg/259/1.jpg'?
INFO    -  Doc file 'notes/2026-02/tg-260.md' contains an absolute link '/assets/tg/260/1.jpg', it was left as is. Did you mean '../../assets/tg/260/1.jpg'?
INFO    -  Doc file 'notes/2026-03/tg-261.md' contains an absolute link '/assets/tg/261/1.jpg', it was left as is. Did you mean '../../assets/tg/261/1.jpg'?
INFO    -  Doc file 'notes/2026-03/tg-261.md' contains an absolute link '/assets/tg/261/2.jpg', it was left as is. Did you mean '../../assets/tg/261/2.jpg'?
INFO    -  Doc file 'notes/2026-03/tg-261.md' contains an absolute link '/assets/tg/261/3.jpg', it was left as is. Did you mean '../../assets/tg/261/3.jpg'?
INFO    -  Doc file 'notes/2026-03/tg-261.md' contains an absolute link '/assets/tg/261/4.jpg', it was left as is. Did you mean '../../assets/tg/261/4.jpg'?
INFO    -  Doc file 'notes/2026-03/tg-267.md' contains an absolute link '/assets/tg/267/1.jpg', it was left as is. Did you mean '../../assets/tg/267/1.jpg'?
INFO    -  Doc file 'notes/2026-04/tg-269.md' contains an absolute link '/assets/tg/269/1.jpg', it was left as is. Did you mean '../../assets/tg/269/1.jpg'?
INFO    -  Doc file 'notes/2026-04/tg-270.md' contains an absolute link '/assets/tg/270/1.jpg', it was left as is. Did you mean '../../assets/tg/270/1.jpg'?
INFO    -  Doc file 'notes/2026-04/tg-271.md' contains an absolute link '/assets/tg/271/1.jpg', it was left as is. Did you mean '../../assets/tg/271/1.jpg'?
INFO    -  Doc file 'notes/2026-04/tg-276.md' contains an absolute link '/assets/tg/276/1.jpg', it was left as is. Did you mean '../../assets/tg/276/1.jpg'?
INFO    -  Doc file 'notes/2026-05/tg-277.md' contains an absolute link '/assets/tg/277/1.jpg', it was left as is. Did you mean '../../assets/tg/277/1.jpg'?
INFO    -  Doc file 'notes/2026-05/tg-278.md' contains an absolute link '/assets/tg/278/1.jpg', it was left as is. Did you mean '../../assets/tg/278/1.jpg'?
INFO    -  Doc file 'notes/2026-05/tg-281.md' contains an absolute link '/assets/tg/281/1.jpg', it was left as is. Did you mean '../../assets/tg/281/1.jpg'?
INFO    -  Doc file 'notes/2026-05/tg-282.md' contains an absolute link '/assets/tg/282/1.jpg', it was left as is. Did you mean '../../assets/tg/282/1.jpg'?
INFO    -  Doc file 'notes/2026-05/tg-292.md' contains an absolute link '/assets/tg/292/1.jpg', it was left as is. Did you mean '../../assets/tg/292/1.jpg'?
INFO    -  Doc file 'notes/2026-06/tg-294.md' contains an absolute link '/assets/tg/294/1.jpg', it was left as is. Did you mean '../../assets/tg/294/1.jpg'?
INFO    -  Doc file 'notes/2026-06/tg-294.md' contains an absolute link '/assets/tg/294/2.jpg', it was left as is. Did you mean '../../assets/tg/294/2.jpg'?
INFO    -  Doc file 'notes/2026-06/tg-296.md' contains an absolute link '/assets/tg/296/1.jpg', it was left as is. Did you mean '../../assets/tg/296/1.jpg'?
INFO    -  Doc file 'notes/2026-06/tg-296.md' contains an absolute link '/assets/tg/296/2.jpg', it was left as is. Did you mean '../../assets/tg/296/2.jpg'?
INFO    -  Doc file 'notes/2026-06/tg-296.md' contains an absolute link '/assets/tg/296/3.jpg', it was left as is. Did you mean '../../assets/tg/296/3.jpg'?
INFO    -  Doc file 'notes/2026-06/tg-299.md' contains an absolute link '/assets/tg/299/1.jpg', it was left as is. Did you mean '../../assets/tg/299/1.jpg'?
INFO    -  Doc file 'notes/2026-06/tg-307.md' contains an absolute link '/assets/tg/307/1.jpg', it was left as is. Did you mean '../../assets/tg/307/1.jpg'?
INFO    -  Doc file 'notes/2026-06/tg-312.md' contains an absolute link '/assets/tg/312/1.jpg', it was left as is. Did you mean '../../assets/tg/312/1.jpg'?
INFO    -  Doc file 'notes/2026-06/tg-314.md' contains an absolute link '/assets/tg/314/1.jpg', it was left as is. Did you mean '../../assets/tg/314/1.jpg'?
INFO    -  Doc file 'notes/2026-06/tg-318.md' contains an absolute link '/assets/tg/318/1.jpg', it was left as is. Did you mean '../../assets/tg/318/1.jpg'?
INFO    -  Doc file 'notes/2026-06/tg-318.md' contains an absolute link '/assets/tg/318/2.jpg', it was left as is. Did you mean '../../assets/tg/318/2.jpg'?
INFO    -  Doc file 'notes/2026-06/tg-318.md' contains an absolute link '/assets/tg/318/3.jpg', it was left as is. Did you mean '../../assets/tg/318/3.jpg'?
INFO    -  Doc file 'notes/2026-06/tg-321.md' contains an absolute link '/assets/tg/321/1.jpg', it was left as is. Did you mean '../../assets/tg/321/1.jpg'?
INFO    -  Doc file 'notes/2026-08/tg-325.md' contains an absolute link '/assets/tg/325/1.jpg', it was left as is. Did you mean '../../assets/tg/325/1.jpg'?
INFO    -  Doc file 'notes/2026-08/tg-326.md' contains an absolute link '/assets/tg/326/1.jpg', it was left as is. Did you mean '../../assets/tg/326/1.jpg'?
INFO    -  Doc file 'notes/2026-08/tg-326.md' contains an absolute link '/assets/tg/326/2.jpg', it was left as is. Did you mean '../../assets/tg/326/2.jpg'?
INFO    -  Doc file 'notes/2026-08/tg-326.md' contains an absolute link '/assets/tg/326/3.jpg', it was left as is. Did you mean '../../assets/tg/326/3.jpg'?
INFO    -  Doc file 'notes/2026-08/tg-326.md' contains an absolute link '/assets/tg/326/4.jpg', it was left as is. Did you mean '../../assets/tg/326/4.jpg'?
INFO    -  Doc file 'notes/2026-08/tg-331.md' contains an absolute link '/assets/tg/331/1.jpg', it was left as is. Did you mean '../../assets/tg/331/1.jpg'?
INFO    -  Doc file 'notes/2026-08/tg-332.md' contains an absolute link '/assets/tg/332/1.jpg', it was left as is. Did you mean '../../assets/tg/332/1.jpg'?
INFO    -  Doc file 'notes/2026-09/tg-333.md' contains an absolute link '/assets/tg/333/1.jpg', it was left as is. Did you mean '../../assets/tg/333/1.jpg'?
Building prefix dict from the default dictionary ...
Loading model from cache C:\Users\ZL\AppData\Local\Temp\jieba.cache
Loading model cost 0.373 seconds.
Prefix dict has been built successfully.
INFO    -  Documentation built in 2.05 seconds
待部署文件：571
X99 镜像更新完成（571 个文件）
